Product Id,Product Handle,Product Title,Product Subtitle,Product Status,Product External Id,Product Description,Product Is Giftcard,Product Discountable,Product Thumbnail,Product Collection Id,Product Type Id,Product Weight,Product Length,Product Height,Product Width,Product Hs Code,Product Origin Country,Product Mid Code,Product Material,Product Created At,Product Updated At,Product Deleted At,Product Image 1,Product Sales Channel 1,Variant Id,Variant Title,Variant Sku,Variant Barcode,Variant Ean,Variant Upc,Variant Allow Backorder,Variant Manage Inventory,Variant Hs Code,Variant Origin Country,Variant Mid Code,Variant Material,Variant Weight,Variant Length,Variant Height,Variant Width,Variant Metadata,Variant Variant Rank,Variant Thumbnail,Variant Product Id,Variant Created At,Variant Updated At,Variant Deleted At,Variant Price USD,Variant Image 1
prod_01KZBCGJ3J74BG6MVSZ50VRJNE,logitech-smartphone-ultra-gen-9,Logitech Smartphone Ultra Gen-9,,published,,"Premium smartphone engineered by Logitech. Features the latest technology, sleek design, and unparalleled performance. Perfect for professionals and enthusiasts alike.",false,true,https://images.unsplash.com/photo-1527443224154-c4a3942d3acf?q=80&w=800&auto=format&fit=crop,pcol_01KZBFHJTD669H84JAH61WF9R6,,,,,,,,,,Thu Aug 06 2026 12:14:37 GMT+0100 (GMT+01:00),Thu Aug 06 2026 13:07:47 GMT+0100 (GMT+01:00),,https://images.unsplash.com/photo-1527443224154-c4a3942d3acf?q=80&w=800&auto=format&fit=crop,sc_01KZ673CEPGC3SNN79A1AGTBKE,variant_01KZBCGJ8V4AWYP6K9RXBD2T2F,Matte Black,TECH-10-BLK,,,,false,false,,,,,,,,,,0,,prod_01KZBCGJ3J74BG6MVSZ50VRJNE,Thu Aug 06 2026 12:14:37 GMT+0100 (GMT+01:00),Thu Aug 06 2026 12:14:37 GMT+0100 (GMT+01:00),,631,https://images.unsplash.com/photo-1527443224154-c4a3942d3acf?q=80&w=800&auto=format&fit=crop
prod_01KZBCGJ3J8JT4WZV1WZZA89K0,samsung-speaker-air-gen-4,Samsung Speaker Air Gen-4,,published,,"Premium speaker engineered by Samsung. Features the latest technology, sleek design, and unparalleled performance. Perfect for professionals and enthusiasts alike.",false,true,https://images.unsplash.com/photo-1527443224154-c4a3942d3acf?q=80&w=800&auto=format&fit=crop,pcol_01KZBFHJTD669H84JAH61WF9R6,,,,,,,,,,Thu Aug 06 2026 12:14:37 GMT+0100 (GMT+01:00),Thu Aug 06 2026 13:07:47 GMT+0100 (GMT+01:00),,https://images.unsplash.com/photo-1527443224154-c4a3942d3acf?q=80&w=800&auto=format&fit=crop,sc_01KZ673CEPGC3SNN79A1AGTBKE,variant_01KZBCGJ8WGZZRH02C08113GKD,Matte Black,TECH-20-BLK,,,,false,false,,,,,,,,,,0,,prod_01KZBCGJ3J8JT4WZV1WZZA89K0,Thu Aug 06 2026 12:14:37 GMT+0100 (GMT+01:00),Thu Aug 06 2026 12:14:37 GMT+0100 (GMT+01:00),,540,https://images.unsplash.com/photo-1527443224154-c4a3942d3acf?q=80&w=800&auto=format&fit=crop
prod_01KZBCGJ3J95GWNFBCMBSMTZMV,dell-speaker-max-gen-3,Dell Speaker Max Gen-3,,published,,"Premium speaker engineered by Dell. Features the latest technology, sleek design, and unparalleled performance. Perfect for professionals and enthusiasts alike.",false,true,https://images.unsplash.com/photo-1505156868547-9b49f4df4e04?q=80&w=800&auto=format&fit=crop,pcol_01KZBFHJTD669H84JAH61WF9R6,,,,,,,,,,Thu Aug 06 2026 12:14:37 GMT+0100 (GMT+01:00),Thu Aug 06 2026 13:07:47 GMT+0100 (GMT+01:00),,https://images.unsplash.com/photo-1505156868547-9b49f4df4e04?q=80&w=800&auto=format&fit=crop,sc_01KZ673CEPGC3SNN79A1AGTBKE,variant_01KZBCGJ8WR2TJKCXYVX8SCWT0,Matte Black,TECH-16-BLK,,,,false,false,,,,,,,,,,0,,prod_01KZBCGJ3J95GWNFBCMBSMTZMV,Thu Aug 06 2026 12:14:37 GMT+0100 (GMT+01:00),Thu Aug 06 2026 12:14:37 GMT+0100 (GMT+01:00),,947,https://images.unsplash.com/photo-1505156868547-9b49f4df4e04?q=80&w=800&auto=format&fit=crop
prod_01KZBCGJ3JAC4NMDH57NBYNQF3,sony-camera-air-gen-5,Sony Camera Air Gen-5,,published,,"Premium camera engineered by Sony. Features the latest technology, sleek design, and unparalleled performance. Perfect for professionals and enthusiasts alike.",false,true,https://images.unsplash.com/photo-1505740420928-5e560c06d30e?q=80&w=800&auto=format&fit=crop,pcol_01KZBFHJTD669H84JAH61WF9R6,,,,,,,,,,Thu Aug 06 2026 12:14:37 GMT+0100 (GMT+01:00),Thu Aug 06 2026 13:07:47 GMT+0100 (GMT+01:00),,https://images.unsplash.com/photo-1505740420928-5e560c06d30e?q=80&w=800&auto=format&fit=crop,sc_01KZ673CEPGC3SNN79A1AGTBKE,variant_01KZBCGJ8V2QET1CT4XXKXGZYT,Matte Black,TECH-6-BLK,,,,false,false,,,,,,,,,,0,,prod_01KZBCGJ3JAC4NMDH57NBYNQF3,Thu Aug 06 2026 12:14:37 GMT+0100 (GMT+01:00),Thu Aug 06 2026 12:14:37 GMT+0100 (GMT+01:00),,108,https://images.unsplash.com/photo-1505740420928-5e560c06d30e?q=80&w=800&auto=format&fit=crop
prod_01KZBCGJ3JAS2D25Q50K2NWQXD,asus-monitor-lite-gen-1,Asus Monitor Lite Gen-1,,published,,"Premium monitor engineered by Asus. Features the latest technology, sleek design, and unparalleled performance. Perfect for professionals and enthusiasts alike.",false,true,https://images.unsplash.com/photo-1505740420928-5e560c06d30e?q=80&w=800&auto=format&fit=crop,pcol_01KZBFHJTD669H84JAH61WF9R6,,,,,,,,,,Thu Aug 06 2026 12:14:37 GMT+0100 (GMT+01:00),Thu Aug 06 2026 13:07:47 GMT+0100 (GMT+01:00),,https://images.unsplash.com/photo-1505740420928-5e560c06d30e?q=80&w=800&auto=format&fit=crop,sc_01KZ673CEPGC3SNN79A1AGTBKE,variant_01KZBCGJ8WRBCCYV2Y7YY5E7CF,Matte Black,TECH-13-BLK,,,,false,false,,,,,,,,,,0,,prod_01KZBCGJ3JAS2D25Q50K2NWQXD,Thu Aug 06 2026 12:14:37 GMT+0100 (GMT+01:00),Thu Aug 06 2026 12:14:37 GMT+0100 (GMT+01:00),,802,https://images.unsplash.com/photo-1505740420928-5e560c06d30e?q=80&w=800&auto=format&fit=crop
prod_01KZBCGJ3JBCSJJ7F1HCEJDMGR,lenovo-camera-essential-gen-1,Lenovo Camera Essential Gen-1,,published,,"Premium camera engineered by Lenovo. Features the latest technology, sleek design, and unparalleled performance. Perfect for professionals and enthusiasts alike.",false,true,https://images.unsplash.com/photo-1496181133206-80ce9b88a853?q=80&w=800&auto=format&fit=crop,pcol_01KZBFHJTD669H84JAH61WF9R6,,,,,,,,,,Thu Aug 06 2026 12:14:37 GMT+0100 (GMT+01:00),Thu Aug 06 2026 13:07:47 GMT+0100 (GMT+01:00),,https://images.unsplash.com/photo-1496181133206-80ce9b88a853?q=80&w=800&auto=format&fit=crop,sc_01KZ673CEPGC3SNN79A1AGTBKE,variant_01KZBCGJ8W2YMKR9V9B44DYB9E,Matte Black,TECH-15-BLK,,,,false,false,,,,,,,,,,0,,prod_01KZBCGJ3JBCSJJ7F1HCEJDMGR,Thu Aug 06 2026 12:14:37 GMT+0100 (GMT+01:00),Thu Aug 06 2026 12:14:37 GMT+0100 (GMT+01:00),,870,https://images.unsplash.com/photo-1496181133206-80ce9b88a853?q=80&w=800&auto=format&fit=crop
prod_01KZBCGJ3JDJM5DFX9JZQGK5P0,samsung-keyboard-essential-gen-9,Samsung Keyboard Essential Gen-9,,published,,"Premium keyboard engineered by Samsung. Features the latest technology, sleek design, and unparalleled performance. Perfect for professionals and enthusiasts alike.",false,true,https://images.unsplash.com/photo-1496181133206-80ce9b88a853?q=80&w=800&auto=format&fit=crop,pcol_01KZBFHJTD669H84JAH61WF9R6,,,,,,,,,,Thu Aug 06 2026 12:14:37 GMT+0100 (GMT+01:00),Thu Aug 06 2026 13:07:47 GMT+0100 (GMT+01:00),,https://images.unsplash.com/photo-1496181133206-80ce9b88a853?q=80&w=800&auto=format&fit=crop,sc_01KZ673CEPGC3SNN79A1AGTBKE,variant_01KZBCGJ8V436NCYT3M88Z5V1Q,Matte Black,TECH-1-BLK,,,,false,false,,,,,,,,,,0,,prod_01KZBCGJ3JDJM5DFX9JZQGK5P0,Thu Aug 06 2026 12:14:37 GMT+0100 (GMT+01:00),Thu Aug 06 2026 12:14:37 GMT+0100 (GMT+01:00),,1314,https://images.unsplash.com/photo-1496181133206-80ce9b88a853?q=80&w=800&auto=format&fit=crop
prod_01KZBCGJ3JEP3YWBXWN1MN6NT4,dell-monitor-lite-gen-2,Dell Monitor Lite Gen-2,,published,,"Premium monitor engineered by Dell. Features the latest technology, sleek design, and unparalleled performance. Perfect for professionals and enthusiasts alike.",false,true,https://images.unsplash.com/photo-1527443224154-c4a3942d3acf?q=80&w=800&auto=format&fit=crop,pcol_01KZBFHJTD669H84JAH61WF9R6,,,,,,,,,,Thu Aug 06 2026 12:14:37 GMT+0100 (GMT+01:00),Thu Aug 06 2026 13:07:47 GMT+0100 (GMT+01:00),,https://images.unsplash.com/photo-1527443224154-c4a3942d3acf?q=80&w=800&auto=format&fit=crop,sc_01KZ673CEPGC3SNN79A1AGTBKE,variant_01KZBCGJ8VPEAPR8VFKH0D7SKC,Matte Black,TECH-8-BLK,,,,false,false,,,,,,,,,,0,,prod_01KZBCGJ3JEP3YWBXWN1MN6NT4,Thu Aug 06 2026 12:14:37 GMT+0100 (GMT+01:00),Thu Aug 06 2026 12:14:37 GMT+0100 (GMT+01:00),,1407,https://images.unsplash.com/photo-1527443224154-c4a3942d3acf?q=80&w=800&auto=format&fit=crop
prod_01KZBCGJ3JG0G4MJ2D2246PNQP,apple-camera-pro-gen-9,Apple Camera Pro Gen-9,,published,,"Premium camera engineered by Apple. Features the latest technology, sleek design, and unparalleled performance. Perfect for professionals and enthusiasts alike.",false,true,https://images.unsplash.com/photo-1546868871-7041f2a55e12?q=80&w=800&auto=format&fit=crop,pcol_01KZBFHJTD669H84JAH61WF9R6,,,,,,,,,,Thu Aug 06 2026 12:14:37 GMT+0100 (GMT+01:00),Thu Aug 06 2026 13:07:47 GMT+0100 (GMT+01:00),,https://images.unsplash.com/photo-1546868871-7041f2a55e12?q=80&w=800&auto=format&fit=crop,sc_01KZ673CEPGC3SNN79A1AGTBKE,variant_01KZBCGJ8WPEV7YXD96DZG21MM,Matte Black,TECH-14-BLK,,,,false,false,,,,,,,,,,0,,prod_01KZBCGJ3JG0G4MJ2D2246PNQP,Thu Aug 06 2026 12:14:37 GMT+0100 (GMT+01:00),Thu Aug 06 2026 12:14:37 GMT+0100 (GMT+01:00),,951,https://images.unsplash.com/photo-1546868871-7041f2a55e12?q=80&w=800&auto=format&fit=crop
prod_01KZBCGJ3JJSY7GJ1XPTDFYMZM,bose-smartwatch-air-gen-10,Bose Smartwatch Air Gen-10,,published,,"Premium smartwatch engineered by Bose. Features the latest technology, sleek design, and unparalleled performance. Perfect for professionals and enthusiasts alike.",false,true,https://images.unsplash.com/photo-1595225476474-87563907a212?q=80&w=800&auto=format&fit=crop,pcol_01KZBFHJTD669H84JAH61WF9R6,,,,,,,,,,Thu Aug 06 2026 12:14:37 GMT+0100 (GMT+01:00),Thu Aug 06 2026 13:07:47 GMT+0100 (GMT+01:00),,https://images.unsplash.com/photo-1595225476474-87563907a212?q=80&w=800&auto=format&fit=crop,sc_01KZ673CEPGC3SNN79A1AGTBKE,variant_01KZBCGJ8VN65QMYX84H0NXS25,Matte Black,TECH-2-BLK,,,,false,false,,,,,,,,,,0,,prod_01KZBCGJ3JJSY7GJ1XPTDFYMZM,Thu Aug 06 2026 12:14:37 GMT+0100 (GMT+01:00),Thu Aug 06 2026 12:14:37 GMT+0100 (GMT+01:00),,629,https://images.unsplash.com/photo-1595225476474-87563907a212?q=80&w=800&auto=format&fit=crop
prod_01KZBCGJ3JKSVRM0KCNWT8H54V,lenovo-camera-lite-gen-8,Lenovo Camera Lite Gen-8,,published,,"Premium camera engineered by Lenovo. Features the latest technology, sleek design, and unparalleled performance. Perfect for professionals and enthusiasts alike.",false,true,https://images.unsplash.com/photo-1496181133206-80ce9b88a853?q=80&w=800&auto=format&fit=crop,pcol_01KZBFHJTD669H84JAH61WF9R6,,,,,,,,,,Thu Aug 06 2026 12:14:37 GMT+0100 (GMT+01:00),Thu Aug 06 2026 13:07:47 GMT+0100 (GMT+01:00),,https://images.unsplash.com/photo-1496181133206-80ce9b88a853?q=80&w=800&auto=format&fit=crop,sc_01KZ673CEPGC3SNN79A1AGTBKE,variant_01KZBCGJ8VTJA17QBF2517WDG3,Matte Black,TECH-3-BLK,,,,false,false,,,,,,,,,,0,,prod_01KZBCGJ3JKSVRM0KCNWT8H54V,Thu Aug 06 2026 12:14:37 GMT+0100 (GMT+01:00),Thu Aug 06 2026 12:14:37 GMT+0100 (GMT+01:00),,724,https://images.unsplash.com/photo-1496181133206-80ce9b88a853?q=80&w=800&auto=format&fit=crop
prod_01KZBCGJ3JM5CH99FVCHPGR7AY,sony-monitor-advanced-gen-2,Sony Monitor Advanced Gen-2,,published,,"Premium monitor engineered by Sony. Features the latest technology, sleek design, and unparalleled performance. Perfect for professionals and enthusiasts alike.",false,true,https://images.unsplash.com/photo-1496181133206-80ce9b88a853?q=80&w=800&auto=format&fit=crop,pcol_01KZBFHJTD669H84JAH61WF9R6,,,,,,,,,,Thu Aug 06 2026 12:14:37 GMT+0100 (GMT+01:00),Thu Aug 06 2026 13:07:47 GMT+0100 (GMT+01:00),,https://images.unsplash.com/photo-1496181133206-80ce9b88a853?q=80&w=800&auto=format&fit=crop,sc_01KZ673CEPGC3SNN79A1AGTBKE,variant_01KZBCGJ8W9NQ5Z37ZHQAZNM4N,Matte Black,TECH-21-BLK,,,,false,false,,,,,,,,,,0,,prod_01KZBCGJ3JM5CH99FVCHPGR7AY,Thu Aug 06 2026 12:14:37 GMT+0100 (GMT+01:00),Thu Aug 06 2026 12:14:37 GMT+0100 (GMT+01:00),,764,https://images.unsplash.com/photo-1496181133206-80ce9b88a853?q=80&w=800&auto=format&fit=crop
prod_01KZBCGJ3JMMAKKTYMSG68E67Y,asus-mouse-max-gen-8,Asus Mouse Max Gen-8,,published,,"Premium mouse engineered by Asus. Features the latest technology, sleek design, and unparalleled performance. Perfect for professionals and enthusiasts alike.",false,true,https://images.unsplash.com/photo-1505740420928-5e560c06d30e?q=80&w=800&auto=format&fit=crop,pcol_01KZBFHJTD669H84JAH61WF9R6,,,,,,,,,,Thu Aug 06 2026 12:14:37 GMT+0100 (GMT+01:00),Thu Aug 06 2026 13:07:47 GMT+0100 (GMT+01:00),,https://images.unsplash.com/photo-1505740420928-5e560c06d30e?q=80&w=800&auto=format&fit=crop,sc_01KZ673CEPGC3SNN79A1AGTBKE,variant_01KZBCGJ8V66D3WY9ZC29483Y1,Matte Black,TECH-9-BLK,,,,false,false,,,,,,,,,,0,,prod_01KZBCGJ3JMMAKKTYMSG68E67Y,Thu Aug 06 2026 12:14:37 GMT+0100 (GMT+01:00),Thu Aug 06 2026 12:14:37 GMT+0100 (GMT+01:00),,1520,https://images.unsplash.com/photo-1505740420928-5e560c06d30e?q=80&w=800&auto=format&fit=crop
prod_01KZBCGJ3JMYZ192VWF3M90TT3,lenovo-speaker-elite-gen-6,Lenovo Speaker Elite Gen-6,,published,,"Premium speaker engineered by Lenovo. Features the latest technology, sleek design, and unparalleled performance. Perfect for professionals and enthusiasts alike.",false,true,https://images.unsplash.com/photo-1546868871-7041f2a55e12?q=80&w=800&auto=format&fit=crop,pcol_01KZBFHJTD669H84JAH61WF9R6,,,,,,,,,,Thu Aug 06 2026 12:14:37 GMT+0100 (GMT+01:00),Thu Aug 06 2026 13:07:47 GMT+0100 (GMT+01:00),,https://images.unsplash.com/photo-1546868871-7041f2a55e12?q=80&w=800&auto=format&fit=crop,sc_01KZ673CEPGC3SNN79A1AGTBKE,variant_01KZBCGJ8W8STQRYJSF4D0SK00,Matte Black,TECH-11-BLK,,,,false,false,,,,,,,,,,0,,prod_01KZBCGJ3JMYZ192VWF3M90TT3,Thu Aug 06 2026 12:14:37 GMT+0100 (GMT+01:00),Thu Aug 06 2026 12:14:37 GMT+0100 (GMT+01:00),,812,https://images.unsplash.com/photo-1546868871-7041f2a55e12?q=80&w=800&auto=format&fit=crop
prod_01KZBCGJ3JNEE2DJSYCGYD7NC9,logitech-mouse-advanced-gen-1,Logitech Mouse Advanced Gen-1,,published,,"Premium mouse engineered by Logitech. Features the latest technology, sleek design, and unparalleled performance. Perfect for professionals and enthusiasts alike.",false,true,https://images.unsplash.com/photo-1527814050087-379381547969?q=80&w=800&auto=format&fit=crop,pcol_01KZBFHJTD669H84JAH61WF9R6,,,,,,,,,,Thu Aug 06 2026 12:14:37 GMT+0100 (GMT+01:00),Thu Aug 06 2026 13:07:47 GMT+0100 (GMT+01:00),,https://images.unsplash.com/photo-1527814050087-379381547969?q=80&w=800&auto=format&fit=crop,sc_01KZ673CEPGC3SNN79A1AGTBKE,variant_01KZBCGJ8W3Q52VSYKFNYPX7F9,Matte Black,TECH-19-BLK,,,,false,false,,,,,,,,,,0,,prod_01KZBCGJ3JNEE2DJSYCGYD7NC9,Thu Aug 06 2026 12:14:37 GMT+0100 (GMT+01:00),Thu Aug 06 2026 12:14:37 GMT+0100 (GMT+01:00),,1144,https://images.unsplash.com/photo-1527814050087-379381547969?q=80&w=800&auto=format&fit=crop
prod_01KZBCGJ3JPTG0B7M4NSCE734E,dell-laptop-pro-gen-2,Dell Laptop Pro Gen-2,,published,,"Premium laptop engineered by Dell. Features the latest technology, sleek design, and unparalleled performance. Perfect for professionals and enthusiasts alike.",false,true,https://images.unsplash.com/photo-1505156868547-9b49f4df4e04?q=80&w=800&auto=format&fit=crop,pcol_01KZBFHJTD669H84JAH61WF9R6,,,,,,,,,,Thu Aug 06 2026 12:14:37 GMT+0100 (GMT+01:00),Thu Aug 06 2026 13:07:47 GMT+0100 (GMT+01:00),,https://images.unsplash.com/photo-1505156868547-9b49f4df4e04?q=80&w=800&auto=format&fit=crop,sc_01KZ673CEPGC3SNN79A1AGTBKE,variant_01KZBCGJ8WJQ13V1T6S0V8KQXX,Matte Black,TECH-18-BLK,,,,false,false,,,,,,,,,,0,,prod_01KZBCGJ3JPTG0B7M4NSCE734E,Thu Aug 06 2026 12:14:37 GMT+0100 (GMT+01:00),Thu Aug 06 2026 12:14:37 GMT+0100 (GMT+01:00),,233,https://images.unsplash.com/photo-1505156868547-9b49f4df4e04?q=80&w=800&auto=format&fit=crop
prod_01KZBCGJ3JVQ3S7SZ7ZBQYDE9H,asus-mouse-plus-gen-6,Asus Mouse Plus Gen-6,,published,,"Premium mouse engineered by Asus. Features the latest technology, sleek design, and unparalleled performance. Perfect for professionals and enthusiasts alike.",false,true,https://images.unsplash.com/photo-1505740420928-5e560c06d30e?q=80&w=800&auto=format&fit=crop,pcol_01KZBFHJTD669H84JAH61WF9R6,,,,,,,,,,Thu Aug 06 2026 12:14:37 GMT+0100 (GMT+01:00),Thu Aug 06 2026 13:07:47 GMT+0100 (GMT+01:00),,https://images.unsplash.com/photo-1505740420928-5e560c06d30e?q=80&w=800&auto=format&fit=crop,sc_01KZ673CEPGC3SNN79A1AGTBKE,variant_01KZBCGJ8WA0S1MMMMAYPVF65F,Matte Black,TECH-17-BLK,,,,false,false,,,,,,,,,,0,,prod_01KZBCGJ3JVQ3S7SZ7ZBQYDE9H,Thu Aug 06 2026 12:14:37 GMT+0100 (GMT+01:00),Thu Aug 06 2026 12:14:37 GMT+0100 (GMT+01:00),,1188,https://images.unsplash.com/photo-1505740420928-5e560c06d30e?q=80&w=800&auto=format&fit=crop
prod_01KZBCGJ3JWRRW0C665QJ40SEY,dell-headphones-pro-gen-1,Dell Headphones Pro Gen-1,,published,,"Premium headphones engineered by Dell. Features the latest technology, sleek design, and unparalleled performance. Perfect for professionals and enthusiasts alike.",false,true,https://images.unsplash.com/photo-1595225476474-87563907a212?q=80&w=800&auto=format&fit=crop,pcol_01KZBFHJTD669H84JAH61WF9R6,,,,,,,,,,Thu Aug 06 2026 12:14:37 GMT+0100 (GMT+01:00),Thu Aug 06 2026 13:07:47 GMT+0100 (GMT+01:00),,https://images.unsplash.com/photo-1595225476474-87563907a212?q=80&w=800&auto=format&fit=crop,sc_01KZ673CEPGC3SNN79A1AGTBKE,variant_01KZBCGJ8WZB2CWJZ58E09ZMSS,Matte Black,TECH-12-BLK,,,,false,false,,,,,,,,,,0,,prod_01KZBCGJ3JWRRW0C665QJ40SEY,Thu Aug 06 2026 12:14:37 GMT+0100 (GMT+01:00),Thu Aug 06 2026 12:14:37 GMT+0100 (GMT+01:00),,1388,https://images.unsplash.com/photo-1595225476474-87563907a212?q=80&w=800&auto=format&fit=crop
prod_01KZBCGJ3JYHP3YEXXK3GX0XAE,asus-laptop-ultra-gen-3,Asus Laptop Ultra Gen-3,,published,,"Premium laptop engineered by Asus. Features the latest technology, sleek design, and unparalleled performance. Perfect for professionals and enthusiasts alike.",false,true,https://images.unsplash.com/photo-1505740420928-5e560c06d30e?q=80&w=800&auto=format&fit=crop,pcol_01KZBFHJTD669H84JAH61WF9R6,,,,,,,,,,Thu Aug 06 2026 12:14:37 GMT+0100 (GMT+01:00),Thu Aug 06 2026 13:07:47 GMT+0100 (GMT+01:00),,https://images.unsplash.com/photo-1505740420928-5e560c06d30e?q=80&w=800&auto=format&fit=crop,sc_01KZ673CEPGC3SNN79A1AGTBKE,variant_01KZBCGJ8V5M03VF7K0J39X9HC,Matte Black,TECH-7-BLK,,,,false,false,,,,,,,,,,0,,prod_01KZBCGJ3JYHP3YEXXK3GX0XAE,Thu Aug 06 2026 12:14:37 GMT+0100 (GMT+01:00),Thu Aug 06 2026 12:14:37 GMT+0100 (GMT+01:00),,1148,https://images.unsplash.com/photo-1505740420928-5e560c06d30e?q=80&w=800&auto=format&fit=crop
prod_01KZBCGJ3K03EAHB4D9DMDDE3F,asus-laptop-ultra-gen-6,Asus Laptop Ultra Gen-6,,published,,"Premium laptop engineered by Asus. Features the latest technology, sleek design, and unparalleled performance. Perfect for professionals and enthusiasts alike.",false,true,https://images.unsplash.com/photo-1496181133206-80ce9b88a853?q=80&w=800&auto=format&fit=crop,pcol_01KZBFHJTD669H84JAH61WF9R6,,,,,,,,,,Thu Aug 06 2026 12:14:37 GMT+0100 (GMT+01:00),Thu Aug 06 2026 13:07:47 GMT+0100 (GMT+01:00),,https://images.unsplash.com/photo-1496181133206-80ce9b88a853?q=80&w=800&auto=format&fit=crop,sc_01KZ673CEPGC3SNN79A1AGTBKE,variant_01KZBCGJ8W8GVGJHZTQPQSXHAN,Matte Black,TECH-37-BLK,,,,false,false,,,,,,,,,,0,,prod_01KZBCGJ3K03EAHB4D9DMDDE3F,Thu Aug 06 2026 12:14:37 GMT+0100 (GMT+01:00),Thu Aug 06 2026 12:14:37 GMT+0100 (GMT+01:00),,180,https://images.unsplash.com/photo-1496181133206-80ce9b88a853?q=80&w=800&auto=format&fit=crop
prod_01KZBCGJ3K295PCH68513V9JP7,bose-keyboard-mini-gen-9,Bose Keyboard Mini Gen-9,,published,,"Premium keyboard engineered by Bose. Features the latest technology, sleek design, and unparalleled performance. Perfect for professionals and enthusiasts alike.",false,true,https://images.unsplash.com/photo-1527443224154-c4a3942d3acf?q=80&w=800&auto=format&fit=crop,pcol_01KZBFHJTD669H84JAH61WF9R6,,,,,,,,,,Thu Aug 06 2026 12:14:37 GMT+0100 (GMT+01:00),Thu Aug 06 2026 13:07:47 GMT+0100 (GMT+01:00),,https://images.unsplash.com/photo-1527443224154-c4a3942d3acf?q=80&w=800&auto=format&fit=crop,sc_01KZ673CEPGC3SNN79A1AGTBKE,variant_01KZBCGJ8XNNQ9JEQQYK48G6VT,Matte Black,TECH-44-BLK,,,,false,false,,,,,,,,,,0,,prod_01KZBCGJ3K295PCH68513V9JP7,Thu Aug 06 2026 12:14:37 GMT+0100 (GMT+01:00),Thu Aug 06 2026 12:14:37 GMT+0100 (GMT+01:00),,1528,https://images.unsplash.com/photo-1527443224154-c4a3942d3acf?q=80&w=800&auto=format&fit=crop
prod_01KZBCGJ3K2RP0JBYATD0SQMXR,bose-tablet-ultra-gen-8,Bose Tablet Ultra Gen-8,,published,,"Premium tablet engineered by Bose. Features the latest technology, sleek design, and unparalleled performance. Perfect for professionals and enthusiasts alike.",false,true,https://images.unsplash.com/photo-1505740420928-5e560c06d30e?q=80&w=800&auto=format&fit=crop,pcol_01KZBFHJTD669H84JAH61WF9R6,,,,,,,,,,Thu Aug 06 2026 12:14:37 GMT+0100 (GMT+01:00),Thu Aug 06 2026 13:07:47 GMT+0100 (GMT+01:00),,https://images.unsplash.com/photo-1505740420928-5e560c06d30e?q=80&w=800&auto=format&fit=crop,sc_01KZ673CEPGC3SNN79A1AGTBKE,variant_01KZBCGJ8WFV824FCNVFCA9HAM,Matte Black,TECH-41-BLK,,,,false,false,,,,,,,,,,0,,prod_01KZBCGJ3K2RP0JBYATD0SQMXR,Thu Aug 06 2026 12:14:37 GMT+0100 (GMT+01:00),Thu Aug 06 2026 12:14:37 GMT+0100 (GMT+01:00),,744,https://images.unsplash.com/photo-1505740420928-5e560c06d30e?q=80&w=800&auto=format&fit=crop
prod_01KZBCGJ3K5PWX6F4W7SAF16EZ,razer-keyboard-air-gen-5,Razer Keyboard Air Gen-5,,published,,"Premium keyboard engineered by Razer. Features the latest technology, sleek design, and unparalleled performance. Perfect for professionals and enthusiasts alike.",false,true,https://images.unsplash.com/photo-1505740420928-5e560c06d30e?q=80&w=800&auto=format&fit=crop,pcol_01KZBFHJTD669H84JAH61WF9R6,,,,,,,,,,Thu Aug 06 2026 12:14:37 GMT+0100 (GMT+01:00),Thu Aug 06 2026 13:07:47 GMT+0100 (GMT+01:00),,https://images.unsplash.com/photo-1505740420928-5e560c06d30e?q=80&w=800&auto=format&fit=crop,sc_01KZ673CEPGC3SNN79A1AGTBKE,variant_01KZBCGJ8WH6W3RN46G59Q7YVY,Matte Black,TECH-25-BLK,,,,false,false,,,,,,,,,,0,,prod_01KZBCGJ3K5PWX6F4W7SAF16EZ,Thu Aug 06 2026 12:14:37 GMT+0100 (GMT+01:00),Thu Aug 06 2026 12:14:37 GMT+0100 (GMT+01:00),,1005,https://images.unsplash.com/photo-1505740420928-5e560c06d30e?q=80&w=800&auto=format&fit=crop
prod_01KZBCGJ3K6MK1WXWXYREX4JP6,bose-monitor-advanced-gen-8,Bose Monitor Advanced Gen-8,,published,,"Premium monitor engineered by Bose. Features the latest technology, sleek design, and unparalleled performance. Perfect for professionals and enthusiasts alike.",false,true,https://images.unsplash.com/photo-1496181133206-80ce9b88a853?q=80&w=800&auto=format&fit=crop,pcol_01KZBFHJTD669H84JAH61WF9R6,,,,,,,,,,Thu Aug 06 2026 12:14:37 GMT+0100 (GMT+01:00),Thu Aug 06 2026 13:07:47 GMT+0100 (GMT+01:00),,https://images.unsplash.com/photo-1496181133206-80ce9b88a853?q=80&w=800&auto=format&fit=crop,sc_01KZ673CEPGC3SNN79A1AGTBKE,variant_01KZBCGJ8W44Y6N8PZ9WPKR1T8,Matte Black,TECH-34-BLK,,,,false,false,,,,,,,,,,0,,prod_01KZBCGJ3K6MK1WXWXYREX4JP6,Thu Aug 06 2026 12:14:37 GMT+0100 (GMT+01:00),Thu Aug 06 2026 12:14:37 GMT+0100 (GMT+01:00),,1296,https://images.unsplash.com/photo-1496181133206-80ce9b88a853?q=80&w=800&auto=format&fit=crop
prod_01KZBCGJ3K8RCGCCP2E4HXT38J,razer-tablet-ultra-gen-6,Razer Tablet Ultra Gen-6,,published,,"Premium tablet engineered by Razer. Features the latest technology, sleek design, and unparalleled performance. Perfect for professionals and enthusiasts alike.",false,true,https://images.unsplash.com/photo-1496181133206-80ce9b88a853?q=80&w=800&auto=format&fit=crop,pcol_01KZBFHJTD669H84JAH61WF9R6,,,,,,,,,,Thu Aug 06 2026 12:14:37 GMT+0100 (GMT+01:00),Thu Aug 06 2026 13:07:47 GMT+0100 (GMT+01:00),,https://images.unsplash.com/photo-1496181133206-80ce9b88a853?q=80&w=800&auto=format&fit=crop,sc_01KZ673CEPGC3SNN79A1AGTBKE,variant_01KZBCGJ8W4G77N47B4BY7BJV6,Matte Black,TECH-40-BLK,,,,false,false,,,,,,,,,,0,,prod_01KZBCGJ3K8RCGCCP2E4HXT38J,Thu Aug 06 2026 12:14:37 GMT+0100 (GMT+01:00),Thu Aug 06 2026 12:14:37 GMT+0100 (GMT+01:00),,1398,https://images.unsplash.com/photo-1496181133206-80ce9b88a853?q=80&w=800&auto=format&fit=crop
prod_01KZBCGJ3K9EQ0BE0EH0535EK1,razer-tablet-max-gen-4,Razer Tablet Max Gen-4,,published,,"Premium tablet engineered by Razer. Features the latest technology, sleek design, and unparalleled performance. Perfect for professionals and enthusiasts alike.",false,true,https://images.unsplash.com/photo-1595225476474-87563907a212?q=80&w=800&auto=format&fit=crop,pcol_01KZBFHJTD669H84JAH61WF9R6,,,,,,,,,,Thu Aug 06 2026 12:14:37 GMT+0100 (GMT+01:00),Thu Aug 06 2026 13:07:47 GMT+0100 (GMT+01:00),,https://images.unsplash.com/photo-1595225476474-87563907a212?q=80&w=800&auto=format&fit=crop,sc_01KZ673CEPGC3SNN79A1AGTBKE,variant_01KZBCGJ8W60ZCY16Z335GPEW5,Matte Black,TECH-28-BLK,,,,false,false,,,,,,,,,,0,,prod_01KZBCGJ3K9EQ0BE0EH0535EK1,Thu Aug 06 2026 12:14:37 GMT+0100 (GMT+01:00),Thu Aug 06 2026 12:14:37 GMT+0100 (GMT+01:00),,917,https://images.unsplash.com/photo-1595225476474-87563907a212?q=80&w=800&auto=format&fit=crop
prod_01KZBCGJ3KACWNC6SPRARK7FQX,bose-monitor-lite-gen-5,Bose Monitor Lite Gen-5,,published,,"Premium monitor engineered by Bose. Features the latest technology, sleek design, and unparalleled performance. Perfect for professionals and enthusiasts alike.",false,true,https://images.unsplash.com/photo-1505156868547-9b49f4df4e04?q=80&w=800&auto=format&fit=crop,pcol_01KZBFHJTD669H84JAH61WF9R6,,,,,,,,,,Thu Aug 06 2026 12:14:37 GMT+0100 (GMT+01:00),Thu Aug 06 2026 13:07:47 GMT+0100 (GMT+01:00),,https://images.unsplash.com/photo-1505156868547-9b49f4df4e04?q=80&w=800&auto=format&fit=crop,sc_01KZ673CEPGC3SNN79A1AGTBKE,variant_01KZBCGJ8XPDTNHHASNWNS5Q3B,Matte Black,TECH-45-BLK,,,,false,false,,,,,,,,,,0,,prod_01KZBCGJ3KACWNC6SPRARK7FQX,Thu Aug 06 2026 12:14:37 GMT+0100 (GMT+01:00),Thu Aug 06 2026 12:14:37 GMT+0100 (GMT+01:00),,500,https://images.unsplash.com/photo-1505156868547-9b49f4df4e04?q=80&w=800&auto=format&fit=crop
prod_01KZBCGJ3KB5TPBZNB01MYF094,hp-mouse-elite-gen-6,HP Mouse Elite Gen-6,,published,,"Premium mouse engineered by HP. Features the latest technology, sleek design, and unparalleled performance. Perfect for professionals and enthusiasts alike.",false,true,https://images.unsplash.com/photo-1496181133206-80ce9b88a853?q=80&w=800&auto=format&fit=crop,pcol_01KZBFHJTD669H84JAH61WF9R6,,,,,,,,,,Thu Aug 06 2026 12:14:37 GMT+0100 (GMT+01:00),Thu Aug 06 2026 13:07:47 GMT+0100 (GMT+01:00),,https://images.unsplash.com/photo-1496181133206-80ce9b88a853?q=80&w=800&auto=format&fit=crop,sc_01KZ673CEPGC3SNN79A1AGTBKE,variant_01KZBCGJ8W9RS74T8THGYB8CB6,Matte Black,TECH-23-BLK,,,,false,false,,,,,,,,,,0,,prod_01KZBCGJ3KB5TPBZNB01MYF094,Thu Aug 06 2026 12:14:37 GMT+0100 (GMT+01:00),Thu Aug 06 2026 12:14:37 GMT+0100 (GMT+01:00),,272,https://images.unsplash.com/photo-1496181133206-80ce9b88a853?q=80&w=800&auto=format&fit=crop
prod_01KZBCGJ3KB8HR5CKSA59QE1HM,lenovo-smartwatch-mini-gen-1,Lenovo Smartwatch Mini Gen-1,,published,,"Premium smartwatch engineered by Lenovo. Features the latest technology, sleek design, and unparalleled performance. Perfect for professionals and enthusiasts alike.",false,true,https://images.unsplash.com/photo-1496181133206-80ce9b88a853?q=80&w=800&auto=format&fit=crop,pcol_01KZBFHJTD669H84JAH61WF9R6,,,,,,,,,,Thu Aug 06 2026 12:14:37 GMT+0100 (GMT+01:00),Thu Aug 06 2026 13:07:47 GMT+0100 (GMT+01:00),,https://images.unsplash.com/photo-1496181133206-80ce9b88a853?q=80&w=800&auto=format&fit=crop,sc_01KZ673CEPGC3SNN79A1AGTBKE,variant_01KZBCGJ8WRVCFG5HZ6KNG6SJ9,Matte Black,TECH-26-BLK,,,,false,false,,,,,,,,,,0,,prod_01KZBCGJ3KB8HR5CKSA59QE1HM,Thu Aug 06 2026 12:14:37 GMT+0100 (GMT+01:00),Thu Aug 06 2026 12:14:37 GMT+0100 (GMT+01:00),,296,https://images.unsplash.com/photo-1496181133206-80ce9b88a853?q=80&w=800&auto=format&fit=crop
prod_01KZBCGJ3KDGQNC7ASM4NRN5QB,apple-smartwatch-pro-gen-1,Apple Smartwatch Pro Gen-1,,published,,"Premium smartwatch engineered by Apple. Features the latest technology, sleek design, and unparalleled performance. Perfect for professionals and enthusiasts alike.",false,true,https://images.unsplash.com/photo-1595225476474-87563907a212?q=80&w=800&auto=format&fit=crop,pcol_01KZBFHJTD669H84JAH61WF9R6,,,,,,,,,,Thu Aug 06 2026 12:14:37 GMT+0100 (GMT+01:00),Thu Aug 06 2026 13:07:47 GMT+0100 (GMT+01:00),,https://images.unsplash.com/photo-1595225476474-87563907a212?q=80&w=800&auto=format&fit=crop,sc_01KZ673CEPGC3SNN79A1AGTBKE,variant_01KZBCGJ8XKCZQS8MYX72JCQVB,Matte Black,TECH-48-BLK,,,,false,false,,,,,,,,,,0,,prod_01KZBCGJ3KDGQNC7ASM4NRN5QB,Thu Aug 06 2026 12:14:37 GMT+0100 (GMT+01:00),Thu Aug 06 2026 12:14:37 GMT+0100 (GMT+01:00),,952,https://images.unsplash.com/photo-1595225476474-87563907a212?q=80&w=800&auto=format&fit=crop
prod_01KZBCGJ3KE7QGS7YAK9YTK422,razer-smartwatch-advanced-gen-7,Razer Smartwatch Advanced Gen-7,,published,,"Premium smartwatch engineered by Razer. Features the latest technology, sleek design, and unparalleled performance. Perfect for professionals and enthusiasts alike.",false,true,https://images.unsplash.com/photo-1546868871-7041f2a55e12?q=80&w=800&auto=format&fit=crop,pcol_01KZBFHJTD669H84JAH61WF9R6,,,,,,,,,,Thu Aug 06 2026 12:14:37 GMT+0100 (GMT+01:00),Thu Aug 06 2026 13:07:47 GMT+0100 (GMT+01:00),,https://images.unsplash.com/photo-1546868871-7041f2a55e12?q=80&w=800&auto=format&fit=crop,sc_01KZ673CEPGC3SNN79A1AGTBKE,variant_01KZBCGJ8WCXEA0K53ZZZT4J6N,Matte Black,TECH-30-BLK,,,,false,false,,,,,,,,,,0,,prod_01KZBCGJ3KE7QGS7YAK9YTK422,Thu Aug 06 2026 12:14:37 GMT+0100 (GMT+01:00),Thu Aug 06 2026 12:14:37 GMT+0100 (GMT+01:00),,837,https://images.unsplash.com/photo-1546868871-7041f2a55e12?q=80&w=800&auto=format&fit=crop
prod_01KZBCGJ3KJ8T52F8GTZR354XX,apple-camera-mini-gen-10,Apple Camera Mini Gen-10,,published,,"Premium camera engineered by Apple. Features the latest technology, sleek design, and unparalleled performance. Perfect for professionals and enthusiasts alike.",false,true,https://images.unsplash.com/photo-1546868871-7041f2a55e12?q=80&w=800&auto=format&fit=crop,pcol_01KZBFHJTD669H84JAH61WF9R6,,,,,,,,,,Thu Aug 06 2026 12:14:37 GMT+0100 (GMT+01:00),Thu Aug 06 2026 13:07:47 GMT+0100 (GMT+01:00),,https://images.unsplash.com/photo-1546868871-7041f2a55e12?q=80&w=800&auto=format&fit=crop,sc_01KZ673CEPGC3SNN79A1AGTBKE,variant_01KZBCGJ8WJDJ4DRG30QWNS10M,Matte Black,TECH-36-BLK,,,,false,false,,,,,,,,,,0,,prod_01KZBCGJ3KJ8T52F8GTZR354XX,Thu Aug 06 2026 12:14:37 GMT+0100 (GMT+01:00),Thu Aug 06 2026 12:14:37 GMT+0100 (GMT+01:00),,169,https://images.unsplash.com/photo-1546868871-7041f2a55e12?q=80&w=800&auto=format&fit=crop
prod_01KZBCGJ3KJPZQ53T0VGFPZTD4,sony-smartwatch-plus-gen-2,Sony Smartwatch Plus Gen-2,,published,,"Premium smartwatch engineered by Sony. Features the latest technology, sleek design, and unparalleled performance. Perfect for professionals and enthusiasts alike.",false,true,https://images.unsplash.com/photo-1546868871-7041f2a55e12?q=80&w=800&auto=format&fit=crop,pcol_01KZBFHJTD669H84JAH61WF9R6,,,,,,,,,,Thu Aug 06 2026 12:14:37 GMT+0100 (GMT+01:00),Thu Aug 06 2026 13:07:47 GMT+0100 (GMT+01:00),,https://images.unsplash.com/photo-1546868871-7041f2a55e12?q=80&w=800&auto=format&fit=crop,sc_01KZ673CEPGC3SNN79A1AGTBKE,variant_01KZBCGJ8XT4N2C6EHSCTSTPRP,Matte Black,TECH-49-BLK,,,,false,false,,,,,,,,,,0,,prod_01KZBCGJ3KJPZQ53T0VGFPZTD4,Thu Aug 06 2026 12:14:37 GMT+0100 (GMT+01:00),Thu Aug 06 2026 12:14:37 GMT+0100 (GMT+01:00),,1009,https://images.unsplash.com/photo-1546868871-7041f2a55e12?q=80&w=800&auto=format&fit=crop
prod_01KZBCGJ3KKNYSGTD3CYK57N1T,dell-mouse-elite-gen-10,Dell Mouse Elite Gen-10,,published,,"Premium mouse engineered by Dell. Features the latest technology, sleek design, and unparalleled performance. Perfect for professionals and enthusiasts alike.",false,true,https://images.unsplash.com/photo-1505156868547-9b49f4df4e04?q=80&w=800&auto=format&fit=crop,pcol_01KZBFHJTD669H84JAH61WF9R6,,,,,,,,,,Thu Aug 06 2026 12:14:37 GMT+0100 (GMT+01:00),Thu Aug 06 2026 13:07:47 GMT+0100 (GMT+01:00),,https://images.unsplash.com/photo-1505156868547-9b49f4df4e04?q=80&w=800&auto=format&fit=crop,sc_01KZ673CEPGC3SNN79A1AGTBKE,variant_01KZBCGJ8XXB36DAJ8H8TWDG8E,Matte Black,TECH-46-BLK,,,,false,false,,,,,,,,,,0,,prod_01KZBCGJ3KKNYSGTD3CYK57N1T,Thu Aug 06 2026 12:14:37 GMT+0100 (GMT+01:00),Thu Aug 06 2026 12:14:37 GMT+0100 (GMT+01:00),,836,https://images.unsplash.com/photo-1505156868547-9b49f4df4e04?q=80&w=800&auto=format&fit=crop
prod_01KZBCGJ3KMK6CR5Q466N4167Y,bose-tablet-essential-gen-2,Bose Tablet Essential Gen-2,,published,,"Premium tablet engineered by Bose. Features the latest technology, sleek design, and unparalleled performance. Perfect for professionals and enthusiasts alike.",false,true,https://images.unsplash.com/photo-1496181133206-80ce9b88a853?q=80&w=800&auto=format&fit=crop,pcol_01KZBFHJTD669H84JAH61WF9R6,,,,,,,,,,Thu Aug 06 2026 12:14:37 GMT+0100 (GMT+01:00),Thu Aug 06 2026 13:07:47 GMT+0100 (GMT+01:00),,https://images.unsplash.com/photo-1496181133206-80ce9b88a853?q=80&w=800&auto=format&fit=crop,sc_01KZ673CEPGC3SNN79A1AGTBKE,variant_01KZBCGJ8WPVBDDABJPF0ZKXAT,Matte Black,TECH-39-BLK,,,,false,false,,,,,,,,,,0,,prod_01KZBCGJ3KMK6CR5Q466N4167Y,Thu Aug 06 2026 12:14:37 GMT+0100 (GMT+01:00),Thu Aug 06 2026 12:14:37 GMT+0100 (GMT+01:00),,524,https://images.unsplash.com/photo-1496181133206-80ce9b88a853?q=80&w=800&auto=format&fit=crop
prod_01KZBCGJ3KN82A2F133QJG0SAP,samsung-smartphone-advanced-gen-4,Samsung Smartphone Advanced Gen-4,,published,,"Premium smartphone engineered by Samsung. Features the latest technology, sleek design, and unparalleled performance. Perfect for professionals and enthusiasts alike.",false,true,https://images.unsplash.com/photo-1595225476474-87563907a212?q=80&w=800&auto=format&fit=crop,pcol_01KZBFHJTD669H84JAH61WF9R6,,,,,,,,,,Thu Aug 06 2026 12:14:37 GMT+0100 (GMT+01:00),Thu Aug 06 2026 13:07:47 GMT+0100 (GMT+01:00),,https://images.unsplash.com/photo-1595225476474-87563907a212?q=80&w=800&auto=format&fit=crop,sc_01KZ673CEPGC3SNN79A1AGTBKE,variant_01KZBCGJ8WYYQEYRWQBB3SZEB8,Matte Black,TECH-35-BLK,,,,false,false,,,,,,,,,,0,,prod_01KZBCGJ3KN82A2F133QJG0SAP,Thu Aug 06 2026 12:14:37 GMT+0100 (GMT+01:00),Thu Aug 06 2026 12:14:37 GMT+0100 (GMT+01:00),,138,https://images.unsplash.com/photo-1595225476474-87563907a212?q=80&w=800&auto=format&fit=crop
prod_01KZBCGJ3KP6T8R4G8PPA7TJNP,hp-speaker-pro-gen-2,HP Speaker Pro Gen-2,,published,,"Premium speaker engineered by HP. Features the latest technology, sleek design, and unparalleled performance. Perfect for professionals and enthusiasts alike.",false,true,https://images.unsplash.com/photo-1595225476474-87563907a212?q=80&w=800&auto=format&fit=crop,pcol_01KZBFHJTD669H84JAH61WF9R6,,,,,,,,,,Thu Aug 06 2026 12:14:37 GMT+0100 (GMT+01:00),Thu Aug 06 2026 13:07:47 GMT+0100 (GMT+01:00),,https://images.unsplash.com/photo-1595225476474-87563907a212?q=80&w=800&auto=format&fit=crop,sc_01KZ673CEPGC3SNN79A1AGTBKE,variant_01KZBCGJ8XDWKAM60VWZ9MKBBN,Matte Black,TECH-42-BLK,,,,false,false,,,,,,,,,,0,,prod_01KZBCGJ3KP6T8R4G8PPA7TJNP,Thu Aug 06 2026 12:14:37 GMT+0100 (GMT+01:00),Thu Aug 06 2026 12:14:37 GMT+0100 (GMT+01:00),,1342,https://images.unsplash.com/photo-1595225476474-87563907a212?q=80&w=800&auto=format&fit=crop
prod_01KZBCGJ3KRDNBFBZYTYG218AB,asus-headphones-plus-gen-2,Asus Headphones Plus Gen-2,,published,,"Premium headphones engineered by Asus. Features the latest technology, sleek design, and unparalleled performance. Perfect for professionals and enthusiasts alike.",false,true,https://images.unsplash.com/photo-1527814050087-379381547969?q=80&w=800&auto=format&fit=crop,pcol_01KZBFHJTD669H84JAH61WF9R6,,,,,,,,,,Thu Aug 06 2026 12:14:37 GMT+0100 (GMT+01:00),Thu Aug 06 2026 13:07:47 GMT+0100 (GMT+01:00),,https://images.unsplash.com/photo-1527814050087-379381547969?q=80&w=800&auto=format&fit=crop,sc_01KZ673CEPGC3SNN79A1AGTBKE,variant_01KZBCGJ8WJFYJ9SF07X5WY439,Matte Black,TECH-24-BLK,,,,false,false,,,,,,,,,,0,,prod_01KZBCGJ3KRDNBFBZYTYG218AB,Thu Aug 06 2026 12:14:37 GMT+0100 (GMT+01:00),Thu Aug 06 2026 12:14:37 GMT+0100 (GMT+01:00),,496,https://images.unsplash.com/photo-1527814050087-379381547969?q=80&w=800&auto=format&fit=crop
prod_01KZBCGJ3KSVER8KH2M8NQPY1S,asus-smartwatch-air-gen-8,Asus Smartwatch Air Gen-8,,published,,"Premium smartwatch engineered by Asus. Features the latest technology, sleek design, and unparalleled performance. Perfect for professionals and enthusiasts alike.",false,true,https://images.unsplash.com/photo-1496181133206-80ce9b88a853?q=80&w=800&auto=format&fit=crop,pcol_01KZBFHJTD669H84JAH61WF9R6,,,,,,,,,,Thu Aug 06 2026 12:14:37 GMT+0100 (GMT+01:00),Thu Aug 06 2026 13:07:47 GMT+0100 (GMT+01:00),,https://images.unsplash.com/photo-1496181133206-80ce9b88a853?q=80&w=800&auto=format&fit=crop,sc_01KZ673CEPGC3SNN79A1AGTBKE,variant_01KZBCGJ8WAEPQQXMNQQEGKBAX,Matte Black,TECH-27-BLK,,,,false,false,,,,,,,,,,0,,prod_01KZBCGJ3KSVER8KH2M8NQPY1S,Thu Aug 06 2026 12:14:37 GMT+0100 (GMT+01:00),Thu Aug 06 2026 12:14:37 GMT+0100 (GMT+01:00),,494,https://images.unsplash.com/photo-1496181133206-80ce9b88a853?q=80&w=800&auto=format&fit=crop
prod_01KZBCGJ3KV0ZVW9SCRZDD0700,razer-mouse-advanced-gen-9,Razer Mouse Advanced Gen-9,,published,,"Premium mouse engineered by Razer. Features the latest technology, sleek design, and unparalleled performance. Perfect for professionals and enthusiasts alike.",false,true,https://images.unsplash.com/photo-1527814050087-379381547969?q=80&w=800&auto=format&fit=crop,pcol_01KZBFHJTD669H84JAH61WF9R6,,,,,,,,,,Thu Aug 06 2026 12:14:37 GMT+0100 (GMT+01:00),Thu Aug 06 2026 13:07:47 GMT+0100 (GMT+01:00),,https://images.unsplash.com/photo-1527814050087-379381547969?q=80&w=800&auto=format&fit=crop,sc_01KZ673CEPGC3SNN79A1AGTBKE,variant_01KZBCGJ8WVDW3AWKCB3EJHHR1,Matte Black,TECH-22-BLK,,,,false,false,,,,,,,,,,0,,prod_01KZBCGJ3KV0ZVW9SCRZDD0700,Thu Aug 06 2026 12:14:37 GMT+0100 (GMT+01:00),Thu Aug 06 2026 12:14:37 GMT+0100 (GMT+01:00),,986,https://images.unsplash.com/photo-1527814050087-379381547969?q=80&w=800&auto=format&fit=crop
prod_01KZBCGJ3KVS065SG968M5YZ2N,dell-mouse-max-gen-6,Dell Mouse Max Gen-6,,published,,"Premium mouse engineered by Dell. Features the latest technology, sleek design, and unparalleled performance. Perfect for professionals and enthusiasts alike.",false,true,https://images.unsplash.com/photo-1546868871-7041f2a55e12?q=80&w=800&auto=format&fit=crop,pcol_01KZBFHJTD669H84JAH61WF9R6,,,,,,,,,,Thu Aug 06 2026 12:14:37 GMT+0100 (GMT+01:00),Thu Aug 06 2026 13:07:47 GMT+0100 (GMT+01:00),,https://images.unsplash.com/photo-1546868871-7041f2a55e12?q=80&w=800&auto=format&fit=crop,sc_01KZ673CEPGC3SNN79A1AGTBKE,variant_01KZBCGJ8XGYVZFAJ4AP11WYJW,Matte Black,TECH-43-BLK,,,,false,false,,,,,,,,,,0,,prod_01KZBCGJ3KVS065SG968M5YZ2N,Thu Aug 06 2026 12:14:37 GMT+0100 (GMT+01:00),Thu Aug 06 2026 12:14:37 GMT+0100 (GMT+01:00),,368,https://images.unsplash.com/photo-1546868871-7041f2a55e12?q=80&w=800&auto=format&fit=crop
prod_01KZBCGJ3KWSAKR2WEAK7VPDGR,apple-headphones-advanced-gen-8,Apple Headphones Advanced Gen-8,,published,,"Premium headphones engineered by Apple. Features the latest technology, sleek design, and unparalleled performance. Perfect for professionals and enthusiasts alike.",false,true,https://images.unsplash.com/photo-1496181133206-80ce9b88a853?q=80&w=800&auto=format&fit=crop,pcol_01KZBFHJTD669H84JAH61WF9R6,,,,,,,,,,Thu Aug 06 2026 12:14:37 GMT+0100 (GMT+01:00),Thu Aug 06 2026 13:07:47 GMT+0100 (GMT+01:00),,https://images.unsplash.com/photo-1496181133206-80ce9b88a853?q=80&w=800&auto=format&fit=crop,sc_01KZ673CEPGC3SNN79A1AGTBKE,variant_01KZBCGJ8WBA9A96SME3GGMA8R,Matte Black,TECH-33-BLK,,,,false,false,,,,,,,,,,0,,prod_01KZBCGJ3KWSAKR2WEAK7VPDGR,Thu Aug 06 2026 12:14:37 GMT+0100 (GMT+01:00),Thu Aug 06 2026 12:14:37 GMT+0100 (GMT+01:00),,114,https://images.unsplash.com/photo-1496181133206-80ce9b88a853?q=80&w=800&auto=format&fit=crop
prod_01KZBCGJ3KYCAHS5AAM6728F56,bose-tablet-plus-gen-7,Bose Tablet Plus Gen-7,,published,,"Premium tablet engineered by Bose. Features the latest technology, sleek design, and unparalleled performance. Perfect for professionals and enthusiasts alike.",false,true,https://images.unsplash.com/photo-1505740420928-5e560c06d30e?q=80&w=800&auto=format&fit=crop,pcol_01KZBFHJTD669H84JAH61WF9R6,,,,,,,,,,Thu Aug 06 2026 12:14:37 GMT+0100 (GMT+01:00),Thu Aug 06 2026 13:07:47 GMT+0100 (GMT+01:00),,https://images.unsplash.com/photo-1505740420928-5e560c06d30e?q=80&w=800&auto=format&fit=crop,sc_01KZ673CEPGC3SNN79A1AGTBKE,variant_01KZBCGJ8WPZ07WSD4YAZATVEB,Matte Black,TECH-29-BLK,,,,false,false,,,,,,,,,,0,,prod_01KZBCGJ3KYCAHS5AAM6728F56,Thu Aug 06 2026 12:14:37 GMT+0100 (GMT+01:00),Thu Aug 06 2026 12:14:37 GMT+0100 (GMT+01:00),,233,https://images.unsplash.com/photo-1505740420928-5e560c06d30e?q=80&w=800&auto=format&fit=crop
prod_01KZBCGJ3KZGNYBT75CPKMPAXZ,bose-laptop-plus-gen-6,Bose Laptop Plus Gen-6,,published,,"Premium laptop engineered by Bose. Features the latest technology, sleek design, and unparalleled performance. Perfect for professionals and enthusiasts alike.",false,true,https://images.unsplash.com/photo-1546868871-7041f2a55e12?q=80&w=800&auto=format&fit=crop,pcol_01KZBFHJTD669H84JAH61WF9R6,,,,,,,,,,Thu Aug 06 2026 12:14:37 GMT+0100 (GMT+01:00),Thu Aug 06 2026 13:07:47 GMT+0100 (GMT+01:00),,https://images.unsplash.com/photo-1546868871-7041f2a55e12?q=80&w=800&auto=format&fit=crop,sc_01KZ673CEPGC3SNN79A1AGTBKE,variant_01KZBCGJ8WADACK7PX5H2P654X,Matte Black,TECH-31-BLK,,,,false,false,,,,,,,,,,0,,prod_01KZBCGJ3KZGNYBT75CPKMPAXZ,Thu Aug 06 2026 12:14:37 GMT+0100 (GMT+01:00),Thu Aug 06 2026 12:14:37 GMT+0100 (GMT+01:00),,683,https://images.unsplash.com/photo-1546868871-7041f2a55e12?q=80&w=800&auto=format&fit=crop
prod_01KZBCGJ3KZKBJRGQDPR4T965J,lenovo-camera-plus-gen-9,Lenovo Camera Plus Gen-9,,published,,"Premium camera engineered by Lenovo. Features the latest technology, sleek design, and unparalleled performance. Perfect for professionals and enthusiasts alike.",false,true,https://images.unsplash.com/photo-1505156868547-9b49f4df4e04?q=80&w=800&auto=format&fit=crop,pcol_01KZBFHJTD669H84JAH61WF9R6,,,,,,,,,,Thu Aug 06 2026 12:14:37 GMT+0100 (GMT+01:00),Thu Aug 06 2026 13:07:47 GMT+0100 (GMT+01:00),,https://images.unsplash.com/photo-1505156868547-9b49f4df4e04?q=80&w=800&auto=format&fit=crop,sc_01KZ673CEPGC3SNN79A1AGTBKE,variant_01KZBCGJ8WBDXHRJ8SCPCA9QBR,Matte Black,TECH-32-BLK,,,,false,false,,,,,,,,,,0,,prod_01KZBCGJ3KZKBJRGQDPR4T965J,Thu Aug 06 2026 12:14:37 GMT+0100 (GMT+01:00),Thu Aug 06 2026 12:14:37 GMT+0100 (GMT+01:00),,681,https://images.unsplash.com/photo-1505156868547-9b49f4df4e04?q=80&w=800&auto=format&fit=crop
prod_01KZBCGJ3KZKNAP2YXD0W8H6XK,lenovo-tablet-elite-gen-1,Lenovo Tablet Elite Gen-1,,published,,"Premium tablet engineered by Lenovo. Features the latest technology, sleek design, and unparalleled performance. Perfect for professionals and enthusiasts alike.",false,true,https://images.unsplash.com/photo-1496181133206-80ce9b88a853?q=80&w=800&auto=format&fit=crop,pcol_01KZBFHJTD669H84JAH61WF9R6,,,,,,,,,,Thu Aug 06 2026 12:14:37 GMT+0100 (GMT+01:00),Thu Aug 06 2026 13:07:47 GMT+0100 (GMT+01:00),,https://images.unsplash.com/photo-1496181133206-80ce9b88a853?q=80&w=800&auto=format&fit=crop,sc_01KZ673CEPGC3SNN79A1AGTBKE,variant_01KZBCGJ8WNPENYZGM2MA8PDX0,Matte Black,TECH-38-BLK,,,,false,false,,,,,,,,,,0,,prod_01KZBCGJ3KZKNAP2YXD0W8H6XK,Thu Aug 06 2026 12:14:37 GMT+0100 (GMT+01:00),Thu Aug 06 2026 12:14:37 GMT+0100 (GMT+01:00),,708,https://images.unsplash.com/photo-1496181133206-80ce9b88a853?q=80&w=800&auto=format&fit=crop
prod_01KZBCGJ3MZ9H0TY7SYFC4V73D,hp-smartwatch-max-gen-4,HP Smartwatch Max Gen-4,,published,,"Premium smartwatch engineered by HP. Features the latest technology, sleek design, and unparalleled performance. Perfect for professionals and enthusiasts alike.",false,true,https://images.unsplash.com/photo-1505156868547-9b49f4df4e04?q=80&w=800&auto=format&fit=crop,pcol_01KZBFHJTD669H84JAH61WF9R6,,,,,,,,,,Thu Aug 06 2026 12:14:37 GMT+0100 (GMT+01:00),Thu Aug 06 2026 13:07:47 GMT+0100 (GMT+01:00),,https://images.unsplash.com/photo-1505156868547-9b49f4df4e04?q=80&w=800&auto=format&fit=crop,sc_01KZ673CEPGC3SNN79A1AGTBKE,variant_01KZBCGJ8X39Q7541Q2E3BTWKY,Matte Black,TECH-50-BLK,,,,false,false,,,,,,,,,,0,,prod_01KZBCGJ3MZ9H0TY7SYFC4V73D,Thu Aug 06 2026 12:14:37 GMT+0100 (GMT+01:00),Thu Aug 06 2026 12:14:37 GMT+0100 (GMT+01:00),,1118,https://images.unsplash.com/photo-1505156868547-9b49f4df4e04?q=80&w=800&auto=format&fit=crop
prod_01KZBCGJCD0P00SV9XW1GFEQ85,lenovo-camera-pro-gen-7,Lenovo Camera Pro Gen-7,,published,,"Premium camera engineered by Lenovo. Features the latest technology, sleek design, and unparalleled performance. Perfect for professionals and enthusiasts alike.",false,true,https://images.unsplash.com/photo-1595225476474-87563907a212?q=80&w=800&auto=format&fit=crop,,,,,,,,,,,Thu Aug 06 2026 12:14:38 GMT+0100 (GMT+01:00),Thu Aug 06 2026 12:14:38 GMT+0100 (GMT+01:00),,https://images.unsplash.com/photo-1595225476474-87563907a212?q=80&w=800&auto=format&fit=crop,sc_01KZ673CEPGC3SNN79A1AGTBKE,variant_01KZBCGJFT93DMRVA133PM1CYK,Matte Black,TECH-58-BLK,,,,false,false,,,,,,,,,,0,,prod_01KZBCGJCD0P00SV9XW1GFEQ85,Thu Aug 06 2026 12:14:38 GMT+0100 (GMT+01:00),Thu Aug 06 2026 12:14:38 GMT+0100 (GMT+01:00),,90,https://images.unsplash.com/photo-1595225476474-87563907a212?q=80&w=800&auto=format&fit=crop
prod_01KZBCGJCD18DTX3R5TPGDYT2R,sony-smartwatch-essential-gen-10,Sony Smartwatch Essential Gen-10,,published,,"Premium smartwatch engineered by Sony. Features the latest technology, sleek design, and unparalleled performance. Perfect for professionals and enthusiasts alike.",false,true,https://images.unsplash.com/photo-1595225476474-87563907a212?q=80&w=800&auto=format&fit=crop,,,,,,,,,,,Thu Aug 06 2026 12:14:38 GMT+0100 (GMT+01:00),Thu Aug 06 2026 12:14:38 GMT+0100 (GMT+01:00),,https://images.unsplash.com/photo-1595225476474-87563907a212?q=80&w=800&auto=format&fit=crop,sc_01KZ673CEPGC3SNN79A1AGTBKE,variant_01KZBCGJFTNP8XHCYS3EPZWPDQ,Matte Black,TECH-72-BLK,,,,false,false,,,,,,,,,,0,,prod_01KZBCGJCD18DTX3R5TPGDYT2R,Thu Aug 06 2026 12:14:38 GMT+0100 (GMT+01:00),Thu Aug 06 2026 12:14:38 GMT+0100 (GMT+01:00),,1177,https://images.unsplash.com/photo-1595225476474-87563907a212?q=80&w=800&auto=format&fit=crop
prod_01KZBCGJCD2JTNKGWGDBSYQZRD,razer-tablet-pro-gen-5,Razer Tablet Pro Gen-5,,published,,"Premium tablet engineered by Razer. Features the latest technology, sleek design, and unparalleled performance. Perfect for professionals and enthusiasts alike.",false,true,https://images.unsplash.com/photo-1595225476474-87563907a212?q=80&w=800&auto=format&fit=crop,,,,,,,,,,,Thu Aug 06 2026 12:14:38 GMT+0100 (GMT+01:00),Thu Aug 06 2026 12:14:38 GMT+0100 (GMT+01:00),,https://images.unsplash.com/photo-1595225476474-87563907a212?q=80&w=800&auto=format&fit=crop,sc_01KZ673CEPGC3SNN79A1AGTBKE,variant_01KZBCGJFT1MQ2KF43T2GQRXE3,Matte Black,TECH-66-BLK,,,,false,false,,,,,,,,,,0,,prod_01KZBCGJCD2JTNKGWGDBSYQZRD,Thu Aug 06 2026 12:14:38 GMT+0100 (GMT+01:00),Thu Aug 06 2026 12:14:38 GMT+0100 (GMT+01:00),,426,https://images.unsplash.com/photo-1595225476474-87563907a212?q=80&w=800&auto=format&fit=crop
prod_01KZBCGJCD41ZHVHX4TX3WRN4N,asus-laptop-elite-gen-10,Asus Laptop Elite Gen-10,,published,,"Premium laptop engineered by Asus. Features the latest technology, sleek design, and unparalleled performance. Perfect for professionals and enthusiasts alike.",false,true,https://images.unsplash.com/photo-1546868871-7041f2a55e12?q=80&w=800&auto=format&fit=crop,,,,,,,,,,,Thu Aug 06 2026 12:14:38 GMT+0100 (GMT+01:00),Thu Aug 06 2026 12:14:38 GMT+0100 (GMT+01:00),,https://images.unsplash.com/photo-1546868871-7041f2a55e12?q=80&w=800&auto=format&fit=crop,sc_01KZ673CEPGC3SNN79A1AGTBKE,variant_01KZBCGJFT4EW64EDYABWEDYDZ,Matte Black,TECH-54-BLK,,,,false,false,,,,,,,,,,0,,prod_01KZBCGJCD41ZHVHX4TX3WRN4N,Thu Aug 06 2026 12:14:38 GMT+0100 (GMT+01:00),Thu Aug 06 2026 12:14:38 GMT+0100 (GMT+01:00),,165,https://images.unsplash.com/photo-1546868871-7041f2a55e12?q=80&w=800&auto=format&fit=crop
prod_01KZBCGJCD57YFRE3NAPQCRSE4,apple-smartwatch-elite-gen-2,Apple Smartwatch Elite Gen-2,,published,,"Premium smartwatch engineered by Apple. Features the latest technology, sleek design, and unparalleled performance. Perfect for professionals and enthusiasts alike.",false,true,https://images.unsplash.com/photo-1527443224154-c4a3942d3acf?q=80&w=800&auto=format&fit=crop,,,,,,,,,,,Thu Aug 06 2026 12:14:38 GMT+0100 (GMT+01:00),Thu Aug 06 2026 12:14:38 GMT+0100 (GMT+01:00),,https://images.unsplash.com/photo-1527443224154-c4a3942d3acf?q=80&w=800&auto=format&fit=crop,sc_01KZ673CEPGC3SNN79A1AGTBKE,variant_01KZBCGJFTN2PYZEBMT8MC0CDZ,Matte Black,TECH-62-BLK,,,,false,false,,,,,,,,,,0,,prod_01KZBCGJCD57YFRE3NAPQCRSE4,Thu Aug 06 2026 12:14:38 GMT+0100 (GMT+01:00),Thu Aug 06 2026 12:14:38 GMT+0100 (GMT+01:00),,602,https://images.unsplash.com/photo-1527443224154-c4a3942d3acf?q=80&w=800&auto=format&fit=crop
prod_01KZBCGJCD5TRPKFZK3R9C59GA,asus-smartwatch-elite-gen-4,Asus Smartwatch Elite Gen-4,,published,,"Premium smartwatch engineered by Asus. Features the latest technology, sleek design, and unparalleled performance. Perfect for professionals and enthusiasts alike.",false,true,https://images.unsplash.com/photo-1505156868547-9b49f4df4e04?q=80&w=800&auto=format&fit=crop,,,,,,,,,,,Thu Aug 06 2026 12:14:38 GMT+0100 (GMT+01:00),Thu Aug 06 2026 12:14:38 GMT+0100 (GMT+01:00),,https://images.unsplash.com/photo-1505156868547-9b49f4df4e04?q=80&w=800&auto=format&fit=crop,sc_01KZ673CEPGC3SNN79A1AGTBKE,variant_01KZBCGJFTBS3HCNYTN54ZA2GR,Matte Black,TECH-68-BLK,,,,false,false,,,,,,,,,,0,,prod_01KZBCGJCD5TRPKFZK3R9C59GA,Thu Aug 06 2026 12:14:38 GMT+0100 (GMT+01:00),Thu Aug 06 2026 12:14:38 GMT+0100 (GMT+01:00),,957,https://images.unsplash.com/photo-1505156868547-9b49f4df4e04?q=80&w=800&auto=format&fit=crop
prod_01KZBCGJCD5VP0SPENWAB45H8H,hp-smartwatch-plus-gen-3,HP Smartwatch Plus Gen-3,,published,,"Premium smartwatch engineered by HP. Features the latest technology, sleek design, and unparalleled performance. Perfect for professionals and enthusiasts alike.",false,true,https://images.unsplash.com/photo-1496181133206-80ce9b88a853?q=80&w=800&auto=format&fit=crop,,,,,,,,,,,Thu Aug 06 2026 12:14:38 GMT+0100 (GMT+01:00),Thu Aug 06 2026 12:14:38 GMT+0100 (GMT+01:00),,https://images.unsplash.com/photo-1496181133206-80ce9b88a853?q=80&w=800&auto=format&fit=crop,sc_01KZ673CEPGC3SNN79A1AGTBKE,variant_01KZBCGJFT5PBA0TK382TNANEB,Matte Black,TECH-77-BLK,,,,false,false,,,,,,,,,,0,,prod_01KZBCGJCD5VP0SPENWAB45H8H,Thu Aug 06 2026 12:14:38 GMT+0100 (GMT+01:00),Thu Aug 06 2026 12:14:38 GMT+0100 (GMT+01:00),,321,https://images.unsplash.com/photo-1496181133206-80ce9b88a853?q=80&w=800&auto=format&fit=crop
prod_01KZBCGJCD6ZFC98F2A0S8HYEH,samsung-smartwatch-max-gen-8,Samsung Smartwatch Max Gen-8,,published,,"Premium smartwatch engineered by Samsung. Features the latest technology, sleek design, and unparalleled performance. Perfect for professionals and enthusiasts alike.",false,true,https://images.unsplash.com/photo-1595225476474-87563907a212?q=80&w=800&auto=format&fit=crop,,,,,,,,,,,Thu Aug 06 2026 12:14:38 GMT+0100 (GMT+01:00),Thu Aug 06 2026 12:14:38 GMT+0100 (GMT+01:00),,https://images.unsplash.com/photo-1595225476474-87563907a212?q=80&w=800&auto=format&fit=crop,sc_01KZ673CEPGC3SNN79A1AGTBKE,variant_01KZBCGJFTFKJZ8A0YVAJRRWXG,Matte Black,TECH-69-BLK,,,,false,false,,,,,,,,,,0,,prod_01KZBCGJCD6ZFC98F2A0S8HYEH,Thu Aug 06 2026 12:14:38 GMT+0100 (GMT+01:00),Thu Aug 06 2026 12:14:38 GMT+0100 (GMT+01:00),,1080,https://images.unsplash.com/photo-1595225476474-87563907a212?q=80&w=800&auto=format&fit=crop
prod_01KZBCGJCD8PK56VVSPEWQMZMP,apple-smartwatch-pro-gen-8,Apple Smartwatch Pro Gen-8,,published,,"Premium smartwatch engineered by Apple. Features the latest technology, sleek design, and unparalleled performance. Perfect for professionals and enthusiasts alike.",false,true,https://images.unsplash.com/photo-1496181133206-80ce9b88a853?q=80&w=800&auto=format&fit=crop,,,,,,,,,,,Thu Aug 06 2026 12:14:38 GMT+0100 (GMT+01:00),Thu Aug 06 2026 12:14:38 GMT+0100 (GMT+01:00),,https://images.unsplash.com/photo-1496181133206-80ce9b88a853?q=80&w=800&auto=format&fit=crop,sc_01KZ673CEPGC3SNN79A1AGTBKE,variant_01KZBCGJFT9FQ4MZ7V6ZTF4XAZ,Matte Black,TECH-56-BLK,,,,false,false,,,,,,,,,,0,,prod_01KZBCGJCD8PK56VVSPEWQMZMP,Thu Aug 06 2026 12:14:38 GMT+0100 (GMT+01:00),Thu Aug 06 2026 12:14:38 GMT+0100 (GMT+01:00),,515,https://images.unsplash.com/photo-1496181133206-80ce9b88a853?q=80&w=800&auto=format&fit=crop
prod_01KZBCGJCDBBSDR852BNN0YMQ8,samsung-headphones-pro-gen-2,Samsung Headphones Pro Gen-2,,published,,"Premium headphones engineered by Samsung. Features the latest technology, sleek design, and unparalleled performance. Perfect for professionals and enthusiasts alike.",false,true,https://images.unsplash.com/photo-1496181133206-80ce9b88a853?q=80&w=800&auto=format&fit=crop,,,,,,,,,,,Thu Aug 06 2026 12:14:38 GMT+0100 (GMT+01:00),Thu Aug 06 2026 12:14:38 GMT+0100 (GMT+01:00),,https://images.unsplash.com/photo-1496181133206-80ce9b88a853?q=80&w=800&auto=format&fit=crop,sc_01KZ673CEPGC3SNN79A1AGTBKE,variant_01KZBCGJFTSZ0JTKZSXSTFHZT8,Matte Black,TECH-65-BLK,,,,false,false,,,,,,,,,,0,,prod_01KZBCGJCDBBSDR852BNN0YMQ8,Thu Aug 06 2026 12:14:38 GMT+0100 (GMT+01:00),Thu Aug 06 2026 12:14:38 GMT+0100 (GMT+01:00),,308,https://images.unsplash.com/photo-1496181133206-80ce9b88a853?q=80&w=800&auto=format&fit=crop
prod_01KZBCGJCDCPCP0X9Q7KMFZZBC,samsung-camera-lite-gen-7,Samsung Camera Lite Gen-7,,published,,"Premium camera engineered by Samsung. Features the latest technology, sleek design, and unparalleled performance. Perfect for professionals and enthusiasts alike.",false,true,https://images.unsplash.com/photo-1496181133206-80ce9b88a853?q=80&w=800&auto=format&fit=crop,,,,,,,,,,,Thu Aug 06 2026 12:14:38 GMT+0100 (GMT+01:00),Thu Aug 06 2026 12:14:38 GMT+0100 (GMT+01:00),,https://images.unsplash.com/photo-1496181133206-80ce9b88a853?q=80&w=800&auto=format&fit=crop,sc_01KZ673CEPGC3SNN79A1AGTBKE,variant_01KZBCGJFS38PYGSB24V2BW959,Matte Black,TECH-51-BLK,,,,false,false,,,,,,,,,,0,,prod_01KZBCGJCDCPCP0X9Q7KMFZZBC,Thu Aug 06 2026 12:14:38 GMT+0100 (GMT+01:00),Thu Aug 06 2026 12:14:38 GMT+0100 (GMT+01:00),,722,https://images.unsplash.com/photo-1496181133206-80ce9b88a853?q=80&w=800&auto=format&fit=crop
prod_01KZBCGJCDDTC3JFX8VNFK0DZC,lenovo-keyboard-plus-gen-1,Lenovo Keyboard Plus Gen-1,,published,,"Premium keyboard engineered by Lenovo. Features the latest technology, sleek design, and unparalleled performance. Perfect for professionals and enthusiasts alike.",false,true,https://images.unsplash.com/photo-1505740420928-5e560c06d30e?q=80&w=800&auto=format&fit=crop,,,,,,,,,,,Thu Aug 06 2026 12:14:38 GMT+0100 (GMT+01:00),Thu Aug 06 2026 12:14:38 GMT+0100 (GMT+01:00),,https://images.unsplash.com/photo-1505740420928-5e560c06d30e?q=80&w=800&auto=format&fit=crop,sc_01KZ673CEPGC3SNN79A1AGTBKE,variant_01KZBCGJFTM2VETE76403BV4WJ,Matte Black,TECH-61-BLK,,,,false,false,,,,,,,,,,0,,prod_01KZBCGJCDDTC3JFX8VNFK0DZC,Thu Aug 06 2026 12:14:38 GMT+0100 (GMT+01:00),Thu Aug 06 2026 12:14:38 GMT+0100 (GMT+01:00),,1109,https://images.unsplash.com/photo-1505740420928-5e560c06d30e?q=80&w=800&auto=format&fit=crop
prod_01KZBCGJCDGKYE0GZDNEPG23JM,samsung-speaker-plus-gen-8,Samsung Speaker Plus Gen-8,,published,,"Premium speaker engineered by Samsung. Features the latest technology, sleek design, and unparalleled performance. Perfect for professionals and enthusiasts alike.",false,true,https://images.unsplash.com/photo-1595225476474-87563907a212?q=80&w=800&auto=format&fit=crop,,,,,,,,,,,Thu Aug 06 2026 12:14:38 GMT+0100 (GMT+01:00),Thu Aug 06 2026 12:14:38 GMT+0100 (GMT+01:00),,https://images.unsplash.com/photo-1595225476474-87563907a212?q=80&w=800&auto=format&fit=crop,sc_01KZ673CEPGC3SNN79A1AGTBKE,variant_01KZBCGJFTX3FG4Q89F6QQGDPG,Matte Black,TECH-73-BLK,,,,false,false,,,,,,,,,,0,,prod_01KZBCGJCDGKYE0GZDNEPG23JM,Thu Aug 06 2026 12:14:38 GMT+0100 (GMT+01:00),Thu Aug 06 2026 12:14:38 GMT+0100 (GMT+01:00),,830,https://images.unsplash.com/photo-1595225476474-87563907a212?q=80&w=800&auto=format&fit=crop
prod_01KZBCGJCDJ2BWCK5AYZY6TVWX,sony-speaker-essential-gen-4,Sony Speaker Essential Gen-4,,published,,"Premium speaker engineered by Sony. Features the latest technology, sleek design, and unparalleled performance. Perfect for professionals and enthusiasts alike.",false,true,https://images.unsplash.com/photo-1527814050087-379381547969?q=80&w=800&auto=format&fit=crop,,,,,,,,,,,Thu Aug 06 2026 12:14:38 GMT+0100 (GMT+01:00),Thu Aug 06 2026 12:14:38 GMT+0100 (GMT+01:00),,https://images.unsplash.com/photo-1527814050087-379381547969?q=80&w=800&auto=format&fit=crop,sc_01KZ673CEPGC3SNN79A1AGTBKE,variant_01KZBCGJFTBFVA2GZPFEK9PEZ1,Matte Black,TECH-64-BLK,,,,false,false,,,,,,,,,,0,,prod_01KZBCGJCDJ2BWCK5AYZY6TVWX,Thu Aug 06 2026 12:14:38 GMT+0100 (GMT+01:00),Thu Aug 06 2026 12:14:38 GMT+0100 (GMT+01:00),,398,https://images.unsplash.com/photo-1527814050087-379381547969?q=80&w=800&auto=format&fit=crop
prod_01KZBCGJCDN3PYW15EVXKF1RQN,razer-headphones-plus-gen-10,Razer Headphones Plus Gen-10,,published,,"Premium headphones engineered by Razer. Features the latest technology, sleek design, and unparalleled performance. Perfect for professionals and enthusiasts alike.",false,true,https://images.unsplash.com/photo-1595225476474-87563907a212?q=80&w=800&auto=format&fit=crop,,,,,,,,,,,Thu Aug 06 2026 12:14:38 GMT+0100 (GMT+01:00),Thu Aug 06 2026 12:14:38 GMT+0100 (GMT+01:00),,https://images.unsplash.com/photo-1595225476474-87563907a212?q=80&w=800&auto=format&fit=crop,sc_01KZ673CEPGC3SNN79A1AGTBKE,variant_01KZBCGJFTP4HTX54PH3D4FY8B,Matte Black,TECH-53-BLK,,,,false,false,,,,,,,,,,0,,prod_01KZBCGJCDN3PYW15EVXKF1RQN,Thu Aug 06 2026 12:14:38 GMT+0100 (GMT+01:00),Thu Aug 06 2026 12:14:38 GMT+0100 (GMT+01:00),,1087,https://images.unsplash.com/photo-1595225476474-87563907a212?q=80&w=800&auto=format&fit=crop
prod_01KZBCGJCDNAD64J171FD3CHKP,bose-keyboard-plus-gen-7,Bose Keyboard Plus Gen-7,,published,,"Premium keyboard engineered by Bose. Features the latest technology, sleek design, and unparalleled performance. Perfect for professionals and enthusiasts alike.",false,true,https://images.unsplash.com/photo-1496181133206-80ce9b88a853?q=80&w=800&auto=format&fit=crop,,,,,,,,,,,Thu Aug 06 2026 12:14:38 GMT+0100 (GMT+01:00),Thu Aug 06 2026 12:14:38 GMT+0100 (GMT+01:00),,https://images.unsplash.com/photo-1496181133206-80ce9b88a853?q=80&w=800&auto=format&fit=crop,sc_01KZ673CEPGC3SNN79A1AGTBKE,variant_01KZBCGJFT9NRA916P2ABCS9EY,Matte Black,TECH-74-BLK,,,,false,false,,,,,,,,,,0,,prod_01KZBCGJCDNAD64J171FD3CHKP,Thu Aug 06 2026 12:14:38 GMT+0100 (GMT+01:00),Thu Aug 06 2026 12:14:38 GMT+0100 (GMT+01:00),,974,https://images.unsplash.com/photo-1496181133206-80ce9b88a853?q=80&w=800&auto=format&fit=crop
prod_01KZBCGJCDP74BYX149DPS06JF,bose-laptop-advanced-gen-3,Bose Laptop Advanced Gen-3,,published,,"Premium laptop engineered by Bose. Features the latest technology, sleek design, and unparalleled performance. Perfect for professionals and enthusiasts alike.",false,true,https://images.unsplash.com/photo-1527443224154-c4a3942d3acf?q=80&w=800&auto=format&fit=crop,,,,,,,,,,,Thu Aug 06 2026 12:14:38 GMT+0100 (GMT+01:00),Thu Aug 06 2026 12:14:38 GMT+0100 (GMT+01:00),,https://images.unsplash.com/photo-1527443224154-c4a3942d3acf?q=80&w=800&auto=format&fit=crop,sc_01KZ673CEPGC3SNN79A1AGTBKE,variant_01KZBCGJFT4JC9NBMZYRT1FDKY,Matte Black,TECH-57-BLK,,,,false,false,,,,,,,,,,0,,prod_01KZBCGJCDP74BYX149DPS06JF,Thu Aug 06 2026 12:14:38 GMT+0100 (GMT+01:00),Thu Aug 06 2026 12:14:38 GMT+0100 (GMT+01:00),,867,https://images.unsplash.com/photo-1527443224154-c4a3942d3acf?q=80&w=800&auto=format&fit=crop
prod_01KZBCGJCDQ56NCFZR4MQCNJ88,razer-smartwatch-ultra-gen-6,Razer Smartwatch Ultra Gen-6,,published,,"Premium smartwatch engineered by Razer. Features the latest technology, sleek design, and unparalleled performance. Perfect for professionals and enthusiasts alike.",false,true,https://images.unsplash.com/photo-1505156868547-9b49f4df4e04?q=80&w=800&auto=format&fit=crop,,,,,,,,,,,Thu Aug 06 2026 12:14:38 GMT+0100 (GMT+01:00),Thu Aug 06 2026 12:14:38 GMT+0100 (GMT+01:00),,https://images.unsplash.com/photo-1505156868547-9b49f4df4e04?q=80&w=800&auto=format&fit=crop,sc_01KZ673CEPGC3SNN79A1AGTBKE,variant_01KZBCGJFTXMX15NRQJHXY0TP7,Matte Black,TECH-59-BLK,,,,false,false,,,,,,,,,,0,,prod_01KZBCGJCDQ56NCFZR4MQCNJ88,Thu Aug 06 2026 12:14:38 GMT+0100 (GMT+01:00),Thu Aug 06 2026 12:14:38 GMT+0100 (GMT+01:00),,209,https://images.unsplash.com/photo-1505156868547-9b49f4df4e04?q=80&w=800&auto=format&fit=crop
prod_01KZBCGJCDQD8SFB732503SA4A,razer-mouse-pro-gen-10,Razer Mouse Pro Gen-10,,published,,"Premium mouse engineered by Razer. Features the latest technology, sleek design, and unparalleled performance. Perfect for professionals and enthusiasts alike.",false,true,https://images.unsplash.com/photo-1546868871-7041f2a55e12?q=80&w=800&auto=format&fit=crop,,,,,,,,,,,Thu Aug 06 2026 12:14:38 GMT+0100 (GMT+01:00),Thu Aug 06 2026 12:14:38 GMT+0100 (GMT+01:00),,https://images.unsplash.com/photo-1546868871-7041f2a55e12?q=80&w=800&auto=format&fit=crop,sc_01KZ673CEPGC3SNN79A1AGTBKE,variant_01KZBCGJFT6QY4YR3AW1WMTG2J,Matte Black,TECH-63-BLK,,,,false,false,,,,,,,,,,0,,prod_01KZBCGJCDQD8SFB732503SA4A,Thu Aug 06 2026 12:14:38 GMT+0100 (GMT+01:00),Thu Aug 06 2026 12:14:38 GMT+0100 (GMT+01:00),,574,https://images.unsplash.com/photo-1546868871-7041f2a55e12?q=80&w=800&auto=format&fit=crop
prod_01KZBCGJCDQYXAEV4306KJ64NP,hp-camera-advanced-gen-3,HP Camera Advanced Gen-3,,published,,"Premium camera engineered by HP. Features the latest technology, sleek design, and unparalleled performance. Perfect for professionals and enthusiasts alike.",false,true,https://images.unsplash.com/photo-1505740420928-5e560c06d30e?q=80&w=800&auto=format&fit=crop,,,,,,,,,,,Thu Aug 06 2026 12:14:38 GMT+0100 (GMT+01:00),Thu Aug 06 2026 12:14:38 GMT+0100 (GMT+01:00),,https://images.unsplash.com/photo-1505740420928-5e560c06d30e?q=80&w=800&auto=format&fit=crop,sc_01KZ673CEPGC3SNN79A1AGTBKE,variant_01KZBCGJFTTWW76FKG9SJHM3KQ,Matte Black,TECH-67-BLK,,,,false,false,,,,,,,,,,0,,prod_01KZBCGJCDQYXAEV4306KJ64NP,Thu Aug 06 2026 12:14:38 GMT+0100 (GMT+01:00),Thu Aug 06 2026 12:14:38 GMT+0100 (GMT+01:00),,1297,https://images.unsplash.com/photo-1505740420928-5e560c06d30e?q=80&w=800&auto=format&fit=crop
prod_01KZBCGJCDSCWQXXS9D16MV9X1,hp-smartphone-air-gen-8,HP Smartphone Air Gen-8,,published,,"Premium smartphone engineered by HP. Features the latest technology, sleek design, and unparalleled performance. Perfect for professionals and enthusiasts alike.",false,true,https://images.unsplash.com/photo-1527443224154-c4a3942d3acf?q=80&w=800&auto=format&fit=crop,,,,,,,,,,,Thu Aug 06 2026 12:14:38 GMT+0100 (GMT+01:00),Thu Aug 06 2026 12:14:38 GMT+0100 (GMT+01:00),,https://images.unsplash.com/photo-1527443224154-c4a3942d3acf?q=80&w=800&auto=format&fit=crop,sc_01KZ673CEPGC3SNN79A1AGTBKE,variant_01KZBCGJFTN49BNZ0FTWGXTJMN,Matte Black,TECH-75-BLK,,,,false,false,,,,,,,,,,0,,prod_01KZBCGJCDSCWQXXS9D16MV9X1,Thu Aug 06 2026 12:14:38 GMT+0100 (GMT+01:00),Thu Aug 06 2026 12:14:38 GMT+0100 (GMT+01:00),,778,https://images.unsplash.com/photo-1527443224154-c4a3942d3acf?q=80&w=800&auto=format&fit=crop
prod_01KZBCGJCDT0EQS0YTHEAR05XR,lenovo-smartphone-essential-gen-4,Lenovo Smartphone Essential Gen-4,,published,,"Premium smartphone engineered by Lenovo. Features the latest technology, sleek design, and unparalleled performance. Perfect for professionals and enthusiasts alike.",false,true,https://images.unsplash.com/photo-1527443224154-c4a3942d3acf?q=80&w=800&auto=format&fit=crop,,,,,,,,,,,Thu Aug 06 2026 12:14:38 GMT+0100 (GMT+01:00),Thu Aug 06 2026 12:14:38 GMT+0100 (GMT+01:00),,https://images.unsplash.com/photo-1527443224154-c4a3942d3acf?q=80&w=800&auto=format&fit=crop,sc_01KZ673CEPGC3SNN79A1AGTBKE,variant_01KZBCGJFTKFN6MMCFR1374FGC,Matte Black,TECH-60-BLK,,,,false,false,,,,,,,,,,0,,prod_01KZBCGJCDT0EQS0YTHEAR05XR,Thu Aug 06 2026 12:14:38 GMT+0100 (GMT+01:00),Thu Aug 06 2026 12:14:38 GMT+0100 (GMT+01:00),,837,https://images.unsplash.com/photo-1527443224154-c4a3942d3acf?q=80&w=800&auto=format&fit=crop
prod_01KZBCGJCDVBWSP6H4TJJBT34K,hp-laptop-essential-gen-5,HP Laptop Essential Gen-5,,published,,"Premium laptop engineered by HP. Features the latest technology, sleek design, and unparalleled performance. Perfect for professionals and enthusiasts alike.",false,true,https://images.unsplash.com/photo-1595225476474-87563907a212?q=80&w=800&auto=format&fit=crop,,,,,,,,,,,Thu Aug 06 2026 12:14:38 GMT+0100 (GMT+01:00),Thu Aug 06 2026 12:14:38 GMT+0100 (GMT+01:00),,https://images.unsplash.com/photo-1595225476474-87563907a212?q=80&w=800&auto=format&fit=crop,sc_01KZ673CEPGC3SNN79A1AGTBKE,variant_01KZBCGJFTFR4CRT1CX6203RBS,Matte Black,TECH-71-BLK,,,,false,false,,,,,,,,,,0,,prod_01KZBCGJCDVBWSP6H4TJJBT34K,Thu Aug 06 2026 12:14:38 GMT+0100 (GMT+01:00),Thu Aug 06 2026 12:14:38 GMT+0100 (GMT+01:00),,134,https://images.unsplash.com/photo-1595225476474-87563907a212?q=80&w=800&auto=format&fit=crop
prod_01KZBCGJCDWVXHASJPVWMK8VWS,asus-mouse-air-gen-7,Asus Mouse Air Gen-7,,published,,"Premium mouse engineered by Asus. Features the latest technology, sleek design, and unparalleled performance. Perfect for professionals and enthusiasts alike.",false,true,https://images.unsplash.com/photo-1505740420928-5e560c06d30e?q=80&w=800&auto=format&fit=crop,,,,,,,,,,,Thu Aug 06 2026 12:14:38 GMT+0100 (GMT+01:00),Thu Aug 06 2026 12:14:38 GMT+0100 (GMT+01:00),,https://images.unsplash.com/photo-1505740420928-5e560c06d30e?q=80&w=800&auto=format&fit=crop,sc_01KZ673CEPGC3SNN79A1AGTBKE,variant_01KZBCGJFTXRFRCY75RECC6GP4,Matte Black,TECH-76-BLK,,,,false,false,,,,,,,,,,0,,prod_01KZBCGJCDWVXHASJPVWMK8VWS,Thu Aug 06 2026 12:14:38 GMT+0100 (GMT+01:00),Thu Aug 06 2026 12:14:38 GMT+0100 (GMT+01:00),,1356,https://images.unsplash.com/photo-1505740420928-5e560c06d30e?q=80&w=800&auto=format&fit=crop
prod_01KZBCGJCDZBY7Y4PVDA1279H6,sony-smartphone-plus-gen-6,Sony Smartphone Plus Gen-6,,published,,"Premium smartphone engineered by Sony. Features the latest technology, sleek design, and unparalleled performance. Perfect for professionals and enthusiasts alike.",false,true,https://images.unsplash.com/photo-1595225476474-87563907a212?q=80&w=800&auto=format&fit=crop,,,,,,,,,,,Thu Aug 06 2026 12:14:38 GMT+0100 (GMT+01:00),Thu Aug 06 2026 12:14:38 GMT+0100 (GMT+01:00),,https://images.unsplash.com/photo-1595225476474-87563907a212?q=80&w=800&auto=format&fit=crop,sc_01KZ673CEPGC3SNN79A1AGTBKE,variant_01KZBCGJFTXKD19E04VC96EW57,Matte Black,TECH-55-BLK,,,,false,false,,,,,,,,,,0,,prod_01KZBCGJCDZBY7Y4PVDA1279H6,Thu Aug 06 2026 12:14:38 GMT+0100 (GMT+01:00),Thu Aug 06 2026 12:14:38 GMT+0100 (GMT+01:00),,844,https://images.unsplash.com/photo-1595225476474-87563907a212?q=80&w=800&auto=format&fit=crop
prod_01KZBCGJCDZYJJYEANSHACJD6B,lenovo-smartwatch-mini-gen-10,Lenovo Smartwatch Mini Gen-10,,published,,"Premium smartwatch engineered by Lenovo. Features the latest technology, sleek design, and unparalleled performance. Perfect for professionals and enthusiasts alike.",false,true,https://images.unsplash.com/photo-1595225476474-87563907a212?q=80&w=800&auto=format&fit=crop,,,,,,,,,,,Thu Aug 06 2026 12:14:38 GMT+0100 (GMT+01:00),Thu Aug 06 2026 12:14:38 GMT+0100 (GMT+01:00),,https://images.unsplash.com/photo-1595225476474-87563907a212?q=80&w=800&auto=format&fit=crop,sc_01KZ673CEPGC3SNN79A1AGTBKE,variant_01KZBCGJFTF85X8HQ2XFHKFKPC,Matte Black,TECH-70-BLK,,,,false,false,,,,,,,,,,0,,prod_01KZBCGJCDZYJJYEANSHACJD6B,Thu Aug 06 2026 12:14:38 GMT+0100 (GMT+01:00),Thu Aug 06 2026 12:14:38 GMT+0100 (GMT+01:00),,1318,https://images.unsplash.com/photo-1595225476474-87563907a212?q=80&w=800&auto=format&fit=crop
prod_01KZBCGJCE1B0HX0KS63XRFAX9,asus-tablet-advanced-gen-3,Asus Tablet Advanced Gen-3,,published,,"Premium tablet engineered by Asus. Features the latest technology, sleek design, and unparalleled performance. Perfect for professionals and enthusiasts alike.",false,true,https://images.unsplash.com/photo-1595225476474-87563907a212?q=80&w=800&auto=format&fit=crop,,,,,,,,,,,Thu Aug 06 2026 12:14:38 GMT+0100 (GMT+01:00),Thu Aug 06 2026 12:14:38 GMT+0100 (GMT+01:00),,https://images.unsplash.com/photo-1595225476474-87563907a212?q=80&w=800&auto=format&fit=crop,sc_01KZ673CEPGC3SNN79A1AGTBKE,variant_01KZBCGJFVH3N23BX74DK34JKB,Matte Black,TECH-86-BLK,,,,false,false,,,,,,,,,,0,,prod_01KZBCGJCE1B0HX0KS63XRFAX9,Thu Aug 06 2026 12:14:38 GMT+0100 (GMT+01:00),Thu Aug 06 2026 12:14:38 GMT+0100 (GMT+01:00),,237,https://images.unsplash.com/photo-1595225476474-87563907a212?q=80&w=800&auto=format&fit=crop
prod_01KZBCGJCE22WEZ0GP683M77C2,sony-camera-lite-gen-8,Sony Camera Lite Gen-8,,published,,"Premium camera engineered by Sony. Features the latest technology, sleek design, and unparalleled performance. Perfect for professionals and enthusiasts alike.",false,true,https://images.unsplash.com/photo-1595225476474-87563907a212?q=80&w=800&auto=format&fit=crop,,,,,,,,,,,Thu Aug 06 2026 12:14:38 GMT+0100 (GMT+01:00),Thu Aug 06 2026 12:14:38 GMT+0100 (GMT+01:00),,https://images.unsplash.com/photo-1595225476474-87563907a212?q=80&w=800&auto=format&fit=crop,sc_01KZ673CEPGC3SNN79A1AGTBKE,variant_01KZBCGJFTATCJ5CYFY0A9W8NC,Matte Black,TECH-85-BLK,,,,false,false,,,,,,,,,,0,,prod_01KZBCGJCE22WEZ0GP683M77C2,Thu Aug 06 2026 12:14:38 GMT+0100 (GMT+01:00),Thu Aug 06 2026 12:14:38 GMT+0100 (GMT+01:00),,90,https://images.unsplash.com/photo-1595225476474-87563907a212?q=80&w=800&auto=format&fit=crop
prod_01KZBCGJCE5A5DNEBV3QMYG5R1,logitech-smartphone-essential-gen-9,Logitech Smartphone Essential Gen-9,,published,,"Premium smartphone engineered by Logitech. Features the latest technology, sleek design, and unparalleled performance. Perfect for professionals and enthusiasts alike.",false,true,https://images.unsplash.com/photo-1496181133206-80ce9b88a853?q=80&w=800&auto=format&fit=crop,,,,,,,,,,,Thu Aug 06 2026 12:14:38 GMT+0100 (GMT+01:00),Thu Aug 06 2026 12:14:38 GMT+0100 (GMT+01:00),,https://images.unsplash.com/photo-1496181133206-80ce9b88a853?q=80&w=800&auto=format&fit=crop,sc_01KZ673CEPGC3SNN79A1AGTBKE,variant_01KZBCGJFTSSDATYJB2D5VWSCH,Matte Black,TECH-78-BLK,,,,false,false,,,,,,,,,,0,,prod_01KZBCGJCE5A5DNEBV3QMYG5R1,Thu Aug 06 2026 12:14:38 GMT+0100 (GMT+01:00),Thu Aug 06 2026 12:14:38 GMT+0100 (GMT+01:00),,1132,https://images.unsplash.com/photo-1496181133206-80ce9b88a853?q=80&w=800&auto=format&fit=crop
prod_01KZBCGJCE6MXTFCM9K496W47N,hp-speaker-air-gen-7,HP Speaker Air Gen-7,,published,,"Premium speaker engineered by HP. Features the latest technology, sleek design, and unparalleled performance. Perfect for professionals and enthusiasts alike.",false,true,https://images.unsplash.com/photo-1505740420928-5e560c06d30e?q=80&w=800&auto=format&fit=crop,,,,,,,,,,,Thu Aug 06 2026 12:14:38 GMT+0100 (GMT+01:00),Thu Aug 06 2026 12:14:38 GMT+0100 (GMT+01:00),,https://images.unsplash.com/photo-1505740420928-5e560c06d30e?q=80&w=800&auto=format&fit=crop,sc_01KZ673CEPGC3SNN79A1AGTBKE,variant_01KZBCGJFTCMAMX3RGYHB7R8GR,Matte Black,TECH-81-BLK,,,,false,false,,,,,,,,,,0,,prod_01KZBCGJCE6MXTFCM9K496W47N,Thu Aug 06 2026 12:14:38 GMT+0100 (GMT+01:00),Thu Aug 06 2026 12:14:38 GMT+0100 (GMT+01:00),,714,https://images.unsplash.com/photo-1505740420928-5e560c06d30e?q=80&w=800&auto=format&fit=crop
prod_01KZBCGJCE84FHD409483TJGB5,logitech-speaker-plus-gen-3,Logitech Speaker Plus Gen-3,,published,,"Premium speaker engineered by Logitech. Features the latest technology, sleek design, and unparalleled performance. Perfect for professionals and enthusiasts alike.",false,true,https://images.unsplash.com/photo-1595225476474-87563907a212?q=80&w=800&auto=format&fit=crop,,,,,,,,,,,Thu Aug 06 2026 12:14:38 GMT+0100 (GMT+01:00),Thu Aug 06 2026 12:14:38 GMT+0100 (GMT+01:00),,https://images.unsplash.com/photo-1595225476474-87563907a212?q=80&w=800&auto=format&fit=crop,sc_01KZ673CEPGC3SNN79A1AGTBKE,variant_01KZBCGJFVMVNBN81S648T1PMW,Matte Black,TECH-88-BLK,,,,false,false,,,,,,,,,,0,,prod_01KZBCGJCE84FHD409483TJGB5,Thu Aug 06 2026 12:14:38 GMT+0100 (GMT+01:00),Thu Aug 06 2026 12:14:38 GMT+0100 (GMT+01:00),,1023,https://images.unsplash.com/photo-1595225476474-87563907a212?q=80&w=800&auto=format&fit=crop
prod_01KZBCGJCEEJHYPM26Y3XEXHT9,logitech-tablet-pro-gen-4,Logitech Tablet Pro Gen-4,,published,,"Premium tablet engineered by Logitech. Features the latest technology, sleek design, and unparalleled performance. Perfect for professionals and enthusiasts alike.",false,true,https://images.unsplash.com/photo-1527443224154-c4a3942d3acf?q=80&w=800&auto=format&fit=crop,,,,,,,,,,,Thu Aug 06 2026 12:14:38 GMT+0100 (GMT+01:00),Thu Aug 06 2026 12:14:38 GMT+0100 (GMT+01:00),,https://images.unsplash.com/photo-1527443224154-c4a3942d3acf?q=80&w=800&auto=format&fit=crop,sc_01KZ673CEPGC3SNN79A1AGTBKE,variant_01KZBCGJFVM0DJGP6WBT7KRHK6,Matte Black,TECH-95-BLK,,,,false,false,,,,,,,,,,0,,prod_01KZBCGJCEEJHYPM26Y3XEXHT9,Thu Aug 06 2026 12:14:38 GMT+0100 (GMT+01:00),Thu Aug 06 2026 12:14:38 GMT+0100 (GMT+01:00),,710,https://images.unsplash.com/photo-1527443224154-c4a3942d3acf?q=80&w=800&auto=format&fit=crop
prod_01KZBCGJCEJ1JXF69YX3282BAW,dell-speaker-elite-gen-5,Dell Speaker Elite Gen-5,,published,,"Premium speaker engineered by Dell. Features the latest technology, sleek design, and unparalleled performance. Perfect for professionals and enthusiasts alike.",false,true,https://images.unsplash.com/photo-1505156868547-9b49f4df4e04?q=80&w=800&auto=format&fit=crop,,,,,,,,,,,Thu Aug 06 2026 12:14:38 GMT+0100 (GMT+01:00),Thu Aug 06 2026 12:14:38 GMT+0100 (GMT+01:00),,https://images.unsplash.com/photo-1505156868547-9b49f4df4e04?q=80&w=800&auto=format&fit=crop,sc_01KZ673CEPGC3SNN79A1AGTBKE,variant_01KZBCGJFTQZ11Q69FW2B6834F,Matte Black,TECH-83-BLK,,,,false,false,,,,,,,,,,0,,prod_01KZBCGJCEJ1JXF69YX3282BAW,Thu Aug 06 2026 12:14:38 GMT+0100 (GMT+01:00),Thu Aug 06 2026 12:14:38 GMT+0100 (GMT+01:00),,491,https://images.unsplash.com/photo-1505156868547-9b49f4df4e04?q=80&w=800&auto=format&fit=crop
prod_01KZBCGJCEMTZFJH55Q14D2543,lenovo-keyboard-essential-gen-6,Lenovo Keyboard Essential Gen-6,,published,,"Premium keyboard engineered by Lenovo. Features the latest technology, sleek design, and unparalleled performance. Perfect for professionals and enthusiasts alike.",false,true,https://images.unsplash.com/photo-1505156868547-9b49f4df4e04?q=80&w=800&auto=format&fit=crop,,,,,,,,,,,Thu Aug 06 2026 12:14:38 GMT+0100 (GMT+01:00),Thu Aug 06 2026 12:14:38 GMT+0100 (GMT+01:00),,https://images.unsplash.com/photo-1505156868547-9b49f4df4e04?q=80&w=800&auto=format&fit=crop,sc_01KZ673CEPGC3SNN79A1AGTBKE,variant_01KZBCGJFVJGHV364XVGZH4AZW,Matte Black,TECH-99-BLK,,,,false,false,,,,,,,,,,0,,prod_01KZBCGJCEMTZFJH55Q14D2543,Thu Aug 06 2026 12:14:38 GMT+0100 (GMT+01:00),Thu Aug 06 2026 12:14:38 GMT+0100 (GMT+01:00),,530,https://images.unsplash.com/photo-1505156868547-9b49f4df4e04?q=80&w=800&auto=format&fit=crop
prod_01KZBCGJCENWF12FGEM07FFVEV,dell-camera-pro-gen-4,Dell Camera Pro Gen-4,,published,,"Premium camera engineered by Dell. Features the latest technology, sleek design, and unparalleled performance. Perfect for professionals and enthusiasts alike.",false,true,https://images.unsplash.com/photo-1505156868547-9b49f4df4e04?q=80&w=800&auto=format&fit=crop,,,,,,,,,,,Thu Aug 06 2026 12:14:38 GMT+0100 (GMT+01:00),Thu Aug 06 2026 12:14:38 GMT+0100 (GMT+01:00),,https://images.unsplash.com/photo-1505156868547-9b49f4df4e04?q=80&w=800&auto=format&fit=crop,sc_01KZ673CEPGC3SNN79A1AGTBKE,variant_01KZBCGJFVZC9Z41B0Y10XFNM1,Matte Black,TECH-91-BLK,,,,false,false,,,,,,,,,,0,,prod_01KZBCGJCENWF12FGEM07FFVEV,Thu Aug 06 2026 12:14:38 GMT+0100 (GMT+01:00),Thu Aug 06 2026 12:14:38 GMT+0100 (GMT+01:00),,1115,https://images.unsplash.com/photo-1505156868547-9b49f4df4e04?q=80&w=800&auto=format&fit=crop
prod_01KZBCGJCEPPFQVFP73TRKZ980,asus-headphones-elite-gen-9,Asus Headphones Elite Gen-9,,published,,"Premium headphones engineered by Asus. Features the latest technology, sleek design, and unparalleled performance. Perfect for professionals and enthusiasts alike.",false,true,https://images.unsplash.com/photo-1505156868547-9b49f4df4e04?q=80&w=800&auto=format&fit=crop,,,,,,,,,,,Thu Aug 06 2026 12:14:38 GMT+0100 (GMT+01:00),Thu Aug 06 2026 12:14:38 GMT+0100 (GMT+01:00),,https://images.unsplash.com/photo-1505156868547-9b49f4df4e04?q=80&w=800&auto=format&fit=crop,sc_01KZ673CEPGC3SNN79A1AGTBKE,variant_01KZBCGJFV796TZ439B2XQ703Y,Matte Black,TECH-100-BLK,,,,false,false,,,,,,,,,,0,,prod_01KZBCGJCEPPFQVFP73TRKZ980,Thu Aug 06 2026 12:14:38 GMT+0100 (GMT+01:00),Thu Aug 06 2026 12:14:38 GMT+0100 (GMT+01:00),,155,https://images.unsplash.com/photo-1505156868547-9b49f4df4e04?q=80&w=800&auto=format&fit=crop
prod_01KZBCGJCEQDZSH791RZW9GNMQ,sony-tablet-advanced-gen-8,Sony Tablet Advanced Gen-8,,published,,"Premium tablet engineered by Sony. Features the latest technology, sleek design, and unparalleled performance. Perfect for professionals and enthusiasts alike.",false,true,https://images.unsplash.com/photo-1505156868547-9b49f4df4e04?q=80&w=800&auto=format&fit=crop,,,,,,,,,,,Thu Aug 06 2026 12:14:38 GMT+0100 (GMT+01:00),Thu Aug 06 2026 12:14:38 GMT+0100 (GMT+01:00),,https://images.unsplash.com/photo-1505156868547-9b49f4df4e04?q=80&w=800&auto=format&fit=crop,sc_01KZ673CEPGC3SNN79A1AGTBKE,variant_01KZBCGJFVV3DW3PSP36C8TEQF,Matte Black,TECH-87-BLK,,,,false,false,,,,,,,,,,0,,prod_01KZBCGJCEQDZSH791RZW9GNMQ,Thu Aug 06 2026 12:14:38 GMT+0100 (GMT+01:00),Thu Aug 06 2026 12:14:38 GMT+0100 (GMT+01:00),,1401,https://images.unsplash.com/photo-1505156868547-9b49f4df4e04?q=80&w=800&auto=format&fit=crop
prod_01KZBCGJCER80X2JMW8R0GV37X,bose-keyboard-mini-gen-8,Bose Keyboard Mini Gen-8,,published,,"Premium keyboard engineered by Bose. Features the latest technology, sleek design, and unparalleled performance. Perfect for professionals and enthusiasts alike.",false,true,https://images.unsplash.com/photo-1595225476474-87563907a212?q=80&w=800&auto=format&fit=crop,,,,,,,,,,,Thu Aug 06 2026 12:14:38 GMT+0100 (GMT+01:00),Thu Aug 06 2026 12:14:38 GMT+0100 (GMT+01:00),,https://images.unsplash.com/photo-1595225476474-87563907a212?q=80&w=800&auto=format&fit=crop,sc_01KZ673CEPGC3SNN79A1AGTBKE,variant_01KZBCGJFV2M8PVHXRV671W7JV,Matte Black,TECH-97-BLK,,,,false,false,,,,,,,,,,0,,prod_01KZBCGJCER80X2JMW8R0GV37X,Thu Aug 06 2026 12:14:38 GMT+0100 (GMT+01:00),Thu Aug 06 2026 12:14:38 GMT+0100 (GMT+01:00),,1410,https://images.unsplash.com/photo-1595225476474-87563907a212?q=80&w=800&auto=format&fit=crop
prod_01KZBCGJCESXS0R14G89JFK61B,lenovo-laptop-max-gen-2,Lenovo Laptop Max Gen-2,,published,,"Premium laptop engineered by Lenovo. Features the latest technology, sleek design, and unparalleled performance. Perfect for professionals and enthusiasts alike.",false,true,https://images.unsplash.com/photo-1595225476474-87563907a212?q=80&w=800&auto=format&fit=crop,,,,,,,,,,,Thu Aug 06 2026 12:14:38 GMT+0100 (GMT+01:00),Thu Aug 06 2026 12:14:38 GMT+0100 (GMT+01:00),,https://images.unsplash.com/photo-1595225476474-87563907a212?q=80&w=800&auto=format&fit=crop,sc_01KZ673CEPGC3SNN79A1AGTBKE,variant_01KZBCGJFTK5EFRVD33V8QRV1F,Matte Black,TECH-80-BLK,,,,false,false,,,,,,,,,,0,,prod_01KZBCGJCESXS0R14G89JFK61B,Thu Aug 06 2026 12:14:38 GMT+0100 (GMT+01:00),Thu Aug 06 2026 12:14:38 GMT+0100 (GMT+01:00),,760,https://images.unsplash.com/photo-1595225476474-87563907a212?q=80&w=800&auto=format&fit=crop
prod_01KZBCGJCESYQQD79P4M1WRCH0,hp-camera-pro-gen-8,HP Camera Pro Gen-8,,published,,"Premium camera engineered by HP. Features the latest technology, sleek design, and unparalleled performance. Perfect for professionals and enthusiasts alike.",false,true,https://images.unsplash.com/photo-1496181133206-80ce9b88a853?q=80&w=800&auto=format&fit=crop,,,,,,,,,,,Thu Aug 06 2026 12:14:38 GMT+0100 (GMT+01:00),Thu Aug 06 2026 12:14:38 GMT+0100 (GMT+01:00),,https://images.unsplash.com/photo-1496181133206-80ce9b88a853?q=80&w=800&auto=format&fit=crop,sc_01KZ673CEPGC3SNN79A1AGTBKE,variant_01KZBCGJFV12P82XSJWNDGC67T,Matte Black,TECH-93-BLK,,,,false,false,,,,,,,,,,0,,prod_01KZBCGJCESYQQD79P4M1WRCH0,Thu Aug 06 2026 12:14:38 GMT+0100 (GMT+01:00),Thu Aug 06 2026 12:14:38 GMT+0100 (GMT+01:00),,307,https://images.unsplash.com/photo-1496181133206-80ce9b88a853?q=80&w=800&auto=format&fit=crop
prod_01KZBCGJCETBDEZVY7PWKYT9TV,logitech-smartwatch-advanced-gen-9,Logitech Smartwatch Advanced Gen-9,,published,,"Premium smartwatch engineered by Logitech. Features the latest technology, sleek design, and unparalleled performance. Perfect for professionals and enthusiasts alike.",false,true,https://images.unsplash.com/photo-1546868871-7041f2a55e12?q=80&w=800&auto=format&fit=crop,,,,,,,,,,,Thu Aug 06 2026 12:14:38 GMT+0100 (GMT+01:00),Thu Aug 06 2026 12:14:38 GMT+0100 (GMT+01:00),,https://images.unsplash.com/photo-1546868871-7041f2a55e12?q=80&w=800&auto=format&fit=crop,sc_01KZ673CEPGC3SNN79A1AGTBKE,variant_01KZBCGJFVB0WCG0FRKQDF8WFC,Matte Black,TECH-89-BLK,,,,false,false,,,,,,,,,,0,,prod_01KZBCGJCETBDEZVY7PWKYT9TV,Thu Aug 06 2026 12:14:38 GMT+0100 (GMT+01:00),Thu Aug 06 2026 12:14:38 GMT+0100 (GMT+01:00),,220,https://images.unsplash.com/photo-1546868871-7041f2a55e12?q=80&w=800&auto=format&fit=crop
prod_01KZBCGJCETRWMKYTF0CDRP4WV,logitech-monitor-lite-gen-9,Logitech Monitor Lite Gen-9,,published,,"Premium monitor engineered by Logitech. Features the latest technology, sleek design, and unparalleled performance. Perfect for professionals and enthusiasts alike.",false,true,https://images.unsplash.com/photo-1546868871-7041f2a55e12?q=80&w=800&auto=format&fit=crop,,,,,,,,,,,Thu Aug 06 2026 12:14:38 GMT+0100 (GMT+01:00),Thu Aug 06 2026 12:14:38 GMT+0100 (GMT+01:00),,https://images.unsplash.com/photo-1546868871-7041f2a55e12?q=80&w=800&auto=format&fit=crop,sc_01KZ673CEPGC3SNN79A1AGTBKE,variant_01KZBCGJFVN9T8TTH62AV4V8B3,Matte Black,TECH-90-BLK,,,,false,false,,,,,,,,,,0,,prod_01KZBCGJCETRWMKYTF0CDRP4WV,Thu Aug 06 2026 12:14:38 GMT+0100 (GMT+01:00),Thu Aug 06 2026 12:14:38 GMT+0100 (GMT+01:00),,644,https://images.unsplash.com/photo-1546868871-7041f2a55e12?q=80&w=800&auto=format&fit=crop
prod_01KZBCGJCEVGWZYKX3QDZ33EJM,logitech-monitor-plus-gen-4,Logitech Monitor Plus Gen-4,,published,,"Premium monitor engineered by Logitech. Features the latest technology, sleek design, and unparalleled performance. Perfect for professionals and enthusiasts alike.",false,true,https://images.unsplash.com/photo-1527443224154-c4a3942d3acf?q=80&w=800&auto=format&fit=crop,,,,,,,,,,,Thu Aug 06 2026 12:14:38 GMT+0100 (GMT+01:00),Thu Aug 06 2026 12:14:38 GMT+0100 (GMT+01:00),,https://images.unsplash.com/photo-1527443224154-c4a3942d3acf?q=80&w=800&auto=format&fit=crop,sc_01KZ673CEPGC3SNN79A1AGTBKE,variant_01KZBCGJFTHWZD1Y4BMG53WSMP,Matte Black,TECH-84-BLK,,,,false,false,,,,,,,,,,0,,prod_01KZBCGJCEVGWZYKX3QDZ33EJM,Thu Aug 06 2026 12:14:38 GMT+0100 (GMT+01:00),Thu Aug 06 2026 12:14:38 GMT+0100 (GMT+01:00),,863,https://images.unsplash.com/photo-1527443224154-c4a3942d3acf?q=80&w=800&auto=format&fit=crop
prod_01KZBCGJCEVKEXT2A23RPFKQEZ,dell-camera-lite-gen-10,Dell Camera Lite Gen-10,,published,,"Premium camera engineered by Dell. Features the latest technology, sleek design, and unparalleled performance. Perfect for professionals and enthusiasts alike.",false,true,https://images.unsplash.com/photo-1595225476474-87563907a212?q=80&w=800&auto=format&fit=crop,,,,,,,,,,,Thu Aug 06 2026 12:14:38 GMT+0100 (GMT+01:00),Thu Aug 06 2026 12:14:38 GMT+0100 (GMT+01:00),,https://images.unsplash.com/photo-1595225476474-87563907a212?q=80&w=800&auto=format&fit=crop,sc_01KZ673CEPGC3SNN79A1AGTBKE,variant_01KZBCGJFV0NMWWGXA4RTNZS8E,Matte Black,TECH-98-BLK,,,,false,false,,,,,,,,,,0,,prod_01KZBCGJCEVKEXT2A23RPFKQEZ,Thu Aug 06 2026 12:14:38 GMT+0100 (GMT+01:00),Thu Aug 06 2026 12:14:38 GMT+0100 (GMT+01:00),,1330,https://images.unsplash.com/photo-1595225476474-87563907a212?q=80&w=800&auto=format&fit=crop
prod_01KZBCGJCEW8FXXCH2PFACFTNX,lenovo-headphones-max-gen-9,Lenovo Headphones Max Gen-9,,published,,"Premium headphones engineered by Lenovo. Features the latest technology, sleek design, and unparalleled performance. Perfect for professionals and enthusiasts alike.",false,true,https://images.unsplash.com/photo-1505740420928-5e560c06d30e?q=80&w=800&auto=format&fit=crop,,,,,,,,,,,Thu Aug 06 2026 12:14:38 GMT+0100 (GMT+01:00),Thu Aug 06 2026 12:14:38 GMT+0100 (GMT+01:00),,https://images.unsplash.com/photo-1505740420928-5e560c06d30e?q=80&w=800&auto=format&fit=crop,sc_01KZ673CEPGC3SNN79A1AGTBKE,variant_01KZBCGJFVPTMBEA6TSGZTE82F,Matte Black,TECH-96-BLK,,,,false,false,,,,,,,,,,0,,prod_01KZBCGJCEW8FXXCH2PFACFTNX,Thu Aug 06 2026 12:14:38 GMT+0100 (GMT+01:00),Thu Aug 06 2026 12:14:38 GMT+0100 (GMT+01:00),,1515,https://images.unsplash.com/photo-1505740420928-5e560c06d30e?q=80&w=800&auto=format&fit=crop
prod_01KZBCGJCEWED85AE8T2Z1ZZ4T,apple-monitor-ultra-gen-6,Apple Monitor Ultra Gen-6,,published,,"Premium monitor engineered by Apple. Features the latest technology, sleek design, and unparalleled performance. Perfect for professionals and enthusiasts alike.",false,true,https://images.unsplash.com/photo-1546868871-7041f2a55e12?q=80&w=800&auto=format&fit=crop,,,,,,,,,,,Thu Aug 06 2026 12:14:38 GMT+0100 (GMT+01:00),Thu Aug 06 2026 12:14:38 GMT+0100 (GMT+01:00),,https://images.unsplash.com/photo-1546868871-7041f2a55e12?q=80&w=800&auto=format&fit=crop,sc_01KZ673CEPGC3SNN79A1AGTBKE,variant_01KZBCGJFVZ2Y9K0G55D4A53XH,Matte Black,TECH-94-BLK,,,,false,false,,,,,,,,,,0,,prod_01KZBCGJCEWED85AE8T2Z1ZZ4T,Thu Aug 06 2026 12:14:38 GMT+0100 (GMT+01:00),Thu Aug 06 2026 12:14:38 GMT+0100 (GMT+01:00),,1147,https://images.unsplash.com/photo-1546868871-7041f2a55e12?q=80&w=800&auto=format&fit=crop
prod_01KZBCGJCEWSGX0PDS70YGN9T8,lenovo-keyboard-advanced-gen-6,Lenovo Keyboard Advanced Gen-6,,published,,"Premium keyboard engineered by Lenovo. Features the latest technology, sleek design, and unparalleled performance. Perfect for professionals and enthusiasts alike.",false,true,https://images.unsplash.com/photo-1546868871-7041f2a55e12?q=80&w=800&auto=format&fit=crop,,,,,,,,,,,Thu Aug 06 2026 12:14:38 GMT+0100 (GMT+01:00),Thu Aug 06 2026 12:14:38 GMT+0100 (GMT+01:00),,https://images.unsplash.com/photo-1546868871-7041f2a55e12?q=80&w=800&auto=format&fit=crop,sc_01KZ673CEPGC3SNN79A1AGTBKE,variant_01KZBCGJFVZ7SCY5WAG7Y4Y9R1,Matte Black,TECH-92-BLK,,,,false,false,,,,,,,,,,0,,prod_01KZBCGJCEWSGX0PDS70YGN9T8,Thu Aug 06 2026 12:14:38 GMT+0100 (GMT+01:00),Thu Aug 06 2026 12:14:38 GMT+0100 (GMT+01:00),,1364,https://images.unsplash.com/photo-1546868871-7041f2a55e12?q=80&w=800&auto=format&fit=crop
prod_01KZBCGJCEYS94SFQPGHECNRXC,dell-smartphone-lite-gen-3,Dell Smartphone Lite Gen-3,,published,,"Premium smartphone engineered by Dell. Features the latest technology, sleek design, and unparalleled performance. Perfect for professionals and enthusiasts alike.",false,true,https://images.unsplash.com/photo-1546868871-7041f2a55e12?q=80&w=800&auto=format&fit=crop,,,,,,,,,,,Thu Aug 06 2026 12:14:38 GMT+0100 (GMT+01:00),Thu Aug 06 2026 12:14:38 GMT+0100 (GMT+01:00),,https://images.unsplash.com/photo-1546868871-7041f2a55e12?q=80&w=800&auto=format&fit=crop,sc_01KZ673CEPGC3SNN79A1AGTBKE,variant_01KZBCGJFTR3N167YGR5HTYEKW,Matte Black,TECH-82-BLK,,,,false,false,,,,,,,,,,0,,prod_01KZBCGJCEYS94SFQPGHECNRXC,Thu Aug 06 2026 12:14:38 GMT+0100 (GMT+01:00),Thu Aug 06 2026 12:14:38 GMT+0100 (GMT+01:00),,460,https://images.unsplash.com/photo-1546868871-7041f2a55e12?q=80&w=800&auto=format&fit=crop
prod_01KZBCGJCEZ73WR3YDCFRG98VY,razer-camera-mini-gen-6,Razer Camera Mini Gen-6,,published,,"Premium camera engineered by Razer. Features the latest technology, sleek design, and unparalleled performance. Perfect for professionals and enthusiasts alike.",false,true,https://images.unsplash.com/photo-1527443224154-c4a3942d3acf?q=80&w=800&auto=format&fit=crop,,,,,,,,,,,Thu Aug 06 2026 12:14:38 GMT+0100 (GMT+01:00),Thu Aug 06 2026 12:14:38 GMT+0100 (GMT+01:00),,https://images.unsplash.com/photo-1527443224154-c4a3942d3acf?q=80&w=800&auto=format&fit=crop,sc_01KZ673CEPGC3SNN79A1AGTBKE,variant_01KZBCGJFTKJJGPHC3MBQAVMK4,Matte Black,TECH-79-BLK,,,,false,false,,,,,,,,,,0,,prod_01KZBCGJCEZ73WR3YDCFRG98VY,Thu Aug 06 2026 12:14:38 GMT+0100 (GMT+01:00),Thu Aug 06 2026 12:14:38 GMT+0100 (GMT+01:00),,1326,https://images.unsplash.com/photo-1527443224154-c4a3942d3acf?q=80&w=800&auto=format&fit=crop
prod_01KZBCGJHY0HKZ2CTPACKSCQ0C,logitech-speaker-pro-gen-5,Logitech Speaker Pro Gen-5,,published,,"Premium speaker engineered by Logitech. Features the latest technology, sleek design, and unparalleled performance. Perfect for professionals and enthusiasts alike.",false,true,https://images.unsplash.com/photo-1546868871-7041f2a55e12?q=80&w=800&auto=format&fit=crop,,,,,,,,,,,Thu Aug 06 2026 12:14:38 GMT+0100 (GMT+01:00),Thu Aug 06 2026 12:14:38 GMT+0100 (GMT+01:00),,https://images.unsplash.com/photo-1546868871-7041f2a55e12?q=80&w=800&auto=format&fit=crop,sc_01KZ673CEPGC3SNN79A1AGTBKE,variant_01KZBCGJNAE039GQYMXYFGBZYM,Matte Black,TECH-120-BLK,,,,false,false,,,,,,,,,,0,,prod_01KZBCGJHY0HKZ2CTPACKSCQ0C,Thu Aug 06 2026 12:14:38 GMT+0100 (GMT+01:00),Thu Aug 06 2026 12:14:38 GMT+0100 (GMT+01:00),,994,https://images.unsplash.com/photo-1546868871-7041f2a55e12?q=80&w=800&auto=format&fit=crop
prod_01KZBCGJHY1A0AEEPVMXTCX681,lenovo-keyboard-essential-gen-5,Lenovo Keyboard Essential Gen-5,,published,,"Premium keyboard engineered by Lenovo. Features the latest technology, sleek design, and unparalleled performance. Perfect for professionals and enthusiasts alike.",false,true,https://images.unsplash.com/photo-1496181133206-80ce9b88a853?q=80&w=800&auto=format&fit=crop,,,,,,,,,,,Thu Aug 06 2026 12:14:38 GMT+0100 (GMT+01:00),Thu Aug 06 2026 12:14:38 GMT+0100 (GMT+01:00),,https://images.unsplash.com/photo-1496181133206-80ce9b88a853?q=80&w=800&auto=format&fit=crop,sc_01KZ673CEPGC3SNN79A1AGTBKE,variant_01KZBCGJNB510VBFMKXBBW29SV,Matte Black,TECH-142-BLK,,,,false,false,,,,,,,,,,0,,prod_01KZBCGJHY1A0AEEPVMXTCX681,Thu Aug 06 2026 12:14:38 GMT+0100 (GMT+01:00),Thu Aug 06 2026 12:14:38 GMT+0100 (GMT+01:00),,1369,https://images.unsplash.com/photo-1496181133206-80ce9b88a853?q=80&w=800&auto=format&fit=crop
prod_01KZBCGJHY1XQ0Y5TZCXZWTFNR,lenovo-camera-ultra-gen-9,Lenovo Camera Ultra Gen-9,,published,,"Premium camera engineered by Lenovo. Features the latest technology, sleek design, and unparalleled performance. Perfect for professionals and enthusiasts alike.",false,true,https://images.unsplash.com/photo-1527443224154-c4a3942d3acf?q=80&w=800&auto=format&fit=crop,,,,,,,,,,,Thu Aug 06 2026 12:14:38 GMT+0100 (GMT+01:00),Thu Aug 06 2026 12:14:38 GMT+0100 (GMT+01:00),,https://images.unsplash.com/photo-1527443224154-c4a3942d3acf?q=80&w=800&auto=format&fit=crop,sc_01KZ673CEPGC3SNN79A1AGTBKE,variant_01KZBCGJNB0G4YAE3PMTB92Y67,Matte Black,TECH-144-BLK,,,,false,false,,,,,,,,,,0,,prod_01KZBCGJHY1XQ0Y5TZCXZWTFNR,Thu Aug 06 2026 12:14:38 GMT+0100 (GMT+01:00),Thu Aug 06 2026 12:14:38 GMT+0100 (GMT+01:00),,324,https://images.unsplash.com/photo-1527443224154-c4a3942d3acf?q=80&w=800&auto=format&fit=crop
prod_01KZBCGJHY1ZRBTS4Z7810QYSK,razer-keyboard-advanced-gen-4,Razer Keyboard Advanced Gen-4,,published,,"Premium keyboard engineered by Razer. Features the latest technology, sleek design, and unparalleled performance. Perfect for professionals and enthusiasts alike.",false,true,https://images.unsplash.com/photo-1527814050087-379381547969?q=80&w=800&auto=format&fit=crop,,,,,,,,,,,Thu Aug 06 2026 12:14:38 GMT+0100 (GMT+01:00),Thu Aug 06 2026 12:14:38 GMT+0100 (GMT+01:00),,https://images.unsplash.com/photo-1527814050087-379381547969?q=80&w=800&auto=format&fit=crop,sc_01KZ673CEPGC3SNN79A1AGTBKE,variant_01KZBCGJNAR9AGMVVZ4AM90Q7R,Matte Black,TECH-115-BLK,,,,false,false,,,,,,,,,,0,,prod_01KZBCGJHY1ZRBTS4Z7810QYSK,Thu Aug 06 2026 12:14:38 GMT+0100 (GMT+01:00),Thu Aug 06 2026 12:14:38 GMT+0100 (GMT+01:00),,848,https://images.unsplash.com/photo-1527814050087-379381547969?q=80&w=800&auto=format&fit=crop
prod_01KZBCGJHY1ZY1EK7PEQVBSFW8,asus-camera-plus-gen-4,Asus Camera Plus Gen-4,,published,,"Premium camera engineered by Asus. Features the latest technology, sleek design, and unparalleled performance. Perfect for professionals and enthusiasts alike.",false,true,https://images.unsplash.com/photo-1505156868547-9b49f4df4e04?q=80&w=800&auto=format&fit=crop,,,,,,,,,,,Thu Aug 06 2026 12:14:38 GMT+0100 (GMT+01:00),Thu Aug 06 2026 12:14:38 GMT+0100 (GMT+01:00),,https://images.unsplash.com/photo-1505156868547-9b49f4df4e04?q=80&w=800&auto=format&fit=crop,sc_01KZ673CEPGC3SNN79A1AGTBKE,variant_01KZBCGJNBD2TDFRF6DYZNH7XV,Matte Black,TECH-136-BLK,,,,false,false,,,,,,,,,,0,,prod_01KZBCGJHY1ZY1EK7PEQVBSFW8,Thu Aug 06 2026 12:14:38 GMT+0100 (GMT+01:00),Thu Aug 06 2026 12:14:38 GMT+0100 (GMT+01:00),,1089,https://images.unsplash.com/photo-1505156868547-9b49f4df4e04?q=80&w=800&auto=format&fit=crop
prod_01KZBCGJHY29184N6G1S2P6A4G,apple-camera-mini-gen-1,Apple Camera Mini Gen-1,,published,,"Premium camera engineered by Apple. Features the latest technology, sleek design, and unparalleled performance. Perfect for professionals and enthusiasts alike.",false,true,https://images.unsplash.com/photo-1505156868547-9b49f4df4e04?q=80&w=800&auto=format&fit=crop,,,,,,,,,,,Thu Aug 06 2026 12:14:38 GMT+0100 (GMT+01:00),Thu Aug 06 2026 12:14:38 GMT+0100 (GMT+01:00),,https://images.unsplash.com/photo-1505156868547-9b49f4df4e04?q=80&w=800&auto=format&fit=crop,sc_01KZ673CEPGC3SNN79A1AGTBKE,variant_01KZBCGJNBCHWYGBT347N704WV,Matte Black,TECH-137-BLK,,,,false,false,,,,,,,,,,0,,prod_01KZBCGJHY29184N6G1S2P6A4G,Thu Aug 06 2026 12:14:38 GMT+0100 (GMT+01:00),Thu Aug 06 2026 12:14:38 GMT+0100 (GMT+01:00),,1016,https://images.unsplash.com/photo-1505156868547-9b49f4df4e04?q=80&w=800&auto=format&fit=crop
prod_01KZBCGJHY2NWGMDBHGGN4H53J,asus-camera-elite-gen-4,Asus Camera Elite Gen-4,,published,,"Premium camera engineered by Asus. Features the latest technology, sleek design, and unparalleled performance. Perfect for professionals and enthusiasts alike.",false,true,https://images.unsplash.com/photo-1527814050087-379381547969?q=80&w=800&auto=format&fit=crop,,,,,,,,,,,Thu Aug 06 2026 12:14:38 GMT+0100 (GMT+01:00),Thu Aug 06 2026 12:14:38 GMT+0100 (GMT+01:00),,https://images.unsplash.com/photo-1527814050087-379381547969?q=80&w=800&auto=format&fit=crop,sc_01KZ673CEPGC3SNN79A1AGTBKE,variant_01KZBCGJNAVA0HSWVJDRD7RDBZ,Matte Black,TECH-113-BLK,,,,false,false,,,,,,,,,,0,,prod_01KZBCGJHY2NWGMDBHGGN4H53J,Thu Aug 06 2026 12:14:38 GMT+0100 (GMT+01:00),Thu Aug 06 2026 12:14:38 GMT+0100 (GMT+01:00),,1146,https://images.unsplash.com/photo-1527814050087-379381547969?q=80&w=800&auto=format&fit=crop
prod_01KZBCGJHY751F7BDP5RH6S93Y,asus-monitor-plus-gen-8,Asus Monitor Plus Gen-8,,published,,"Premium monitor engineered by Asus. Features the latest technology, sleek design, and unparalleled performance. Perfect for professionals and enthusiasts alike.",false,true,https://images.unsplash.com/photo-1505156868547-9b49f4df4e04?q=80&w=800&auto=format&fit=crop,,,,,,,,,,,Thu Aug 06 2026 12:14:38 GMT+0100 (GMT+01:00),Thu Aug 06 2026 12:14:38 GMT+0100 (GMT+01:00),,https://images.unsplash.com/photo-1505156868547-9b49f4df4e04?q=80&w=800&auto=format&fit=crop,sc_01KZ673CEPGC3SNN79A1AGTBKE,variant_01KZBCGJNACW9CM5MBSS8SFWFW,Matte Black,TECH-122-BLK,,,,false,false,,,,,,,,,,0,,prod_01KZBCGJHY751F7BDP5RH6S93Y,Thu Aug 06 2026 12:14:38 GMT+0100 (GMT+01:00),Thu Aug 06 2026 12:14:38 GMT+0100 (GMT+01:00),,548,https://images.unsplash.com/photo-1505156868547-9b49f4df4e04?q=80&w=800&auto=format&fit=crop
prod_01KZBCGJHY7ME3BQQ1FCJWZHHT,asus-speaker-elite-gen-4,Asus Speaker Elite Gen-4,,published,,"Premium speaker engineered by Asus. Features the latest technology, sleek design, and unparalleled performance. Perfect for professionals and enthusiasts alike.",false,true,https://images.unsplash.com/photo-1505740420928-5e560c06d30e?q=80&w=800&auto=format&fit=crop,,,,,,,,,,,Thu Aug 06 2026 12:14:38 GMT+0100 (GMT+01:00),Thu Aug 06 2026 12:14:38 GMT+0100 (GMT+01:00),,https://images.unsplash.com/photo-1505740420928-5e560c06d30e?q=80&w=800&auto=format&fit=crop,sc_01KZ673CEPGC3SNN79A1AGTBKE,variant_01KZBCGJNAPZB3J6832YCH33NK,Matte Black,TECH-121-BLK,,,,false,false,,,,,,,,,,0,,prod_01KZBCGJHY7ME3BQQ1FCJWZHHT,Thu Aug 06 2026 12:14:38 GMT+0100 (GMT+01:00),Thu Aug 06 2026 12:14:38 GMT+0100 (GMT+01:00),,466,https://images.unsplash.com/photo-1505740420928-5e560c06d30e?q=80&w=800&auto=format&fit=crop
prod_01KZBCGJHY7W24YK6RC59KFQXB,apple-smartphone-lite-gen-8,Apple Smartphone Lite Gen-8,,published,,"Premium smartphone engineered by Apple. Features the latest technology, sleek design, and unparalleled performance. Perfect for professionals and enthusiasts alike.",false,true,https://images.unsplash.com/photo-1546868871-7041f2a55e12?q=80&w=800&auto=format&fit=crop,,,,,,,,,,,Thu Aug 06 2026 12:14:38 GMT+0100 (GMT+01:00),Thu Aug 06 2026 12:14:38 GMT+0100 (GMT+01:00),,https://images.unsplash.com/photo-1546868871-7041f2a55e12?q=80&w=800&auto=format&fit=crop,sc_01KZ673CEPGC3SNN79A1AGTBKE,variant_01KZBCGJNAZR4N6DXZ0MP8ZGZK,Matte Black,TECH-124-BLK,,,,false,false,,,,,,,,,,0,,prod_01KZBCGJHY7W24YK6RC59KFQXB,Thu Aug 06 2026 12:14:38 GMT+0100 (GMT+01:00),Thu Aug 06 2026 12:14:38 GMT+0100 (GMT+01:00),,750,https://images.unsplash.com/photo-1546868871-7041f2a55e12?q=80&w=800&auto=format&fit=crop
prod_01KZBCGJHY8PR1033WKNCD751Y,dell-mouse-max-gen-3,Dell Mouse Max Gen-3,,published,,"Premium mouse engineered by Dell. Features the latest technology, sleek design, and unparalleled performance. Perfect for professionals and enthusiasts alike.",false,true,https://images.unsplash.com/photo-1496181133206-80ce9b88a853?q=80&w=800&auto=format&fit=crop,,,,,,,,,,,Thu Aug 06 2026 12:14:38 GMT+0100 (GMT+01:00),Thu Aug 06 2026 12:14:38 GMT+0100 (GMT+01:00),,https://images.unsplash.com/photo-1496181133206-80ce9b88a853?q=80&w=800&auto=format&fit=crop,sc_01KZ673CEPGC3SNN79A1AGTBKE,variant_01KZBCGJNAC5V84BKYPSZ0PPWK,Matte Black,TECH-109-BLK,,,,false,false,,,,,,,,,,0,,prod_01KZBCGJHY8PR1033WKNCD751Y,Thu Aug 06 2026 12:14:38 GMT+0100 (GMT+01:00),Thu Aug 06 2026 12:14:38 GMT+0100 (GMT+01:00),,1344,https://images.unsplash.com/photo-1496181133206-80ce9b88a853?q=80&w=800&auto=format&fit=crop
prod_01KZBCGJHYAF9NY11QPQ2MZ99W,dell-keyboard-mini-gen-3,Dell Keyboard Mini Gen-3,,published,,"Premium keyboard engineered by Dell. Features the latest technology, sleek design, and unparalleled performance. Perfect for professionals and enthusiasts alike.",false,true,https://images.unsplash.com/photo-1546868871-7041f2a55e12?q=80&w=800&auto=format&fit=crop,,,,,,,,,,,Thu Aug 06 2026 12:14:38 GMT+0100 (GMT+01:00),Thu Aug 06 2026 12:14:38 GMT+0100 (GMT+01:00),,https://images.unsplash.com/photo-1546868871-7041f2a55e12?q=80&w=800&auto=format&fit=crop,sc_01KZ673CEPGC3SNN79A1AGTBKE,variant_01KZBCGJNAH29SHMWZJB7YMSR3,Matte Black,TECH-135-BLK,,,,false,false,,,,,,,,,,0,,prod_01KZBCGJHYAF9NY11QPQ2MZ99W,Thu Aug 06 2026 12:14:38 GMT+0100 (GMT+01:00),Thu Aug 06 2026 12:14:38 GMT+0100 (GMT+01:00),,1025,https://images.unsplash.com/photo-1546868871-7041f2a55e12?q=80&w=800&auto=format&fit=crop
prod_01KZBCGJHYAJEBGV027WMATGW1,lenovo-smartwatch-pro-gen-2,Lenovo Smartwatch Pro Gen-2,,published,,"Premium smartwatch engineered by Lenovo. Features the latest technology, sleek design, and unparalleled performance. Perfect for professionals and enthusiasts alike.",false,true,https://images.unsplash.com/photo-1527814050087-379381547969?q=80&w=800&auto=format&fit=crop,,,,,,,,,,,Thu Aug 06 2026 12:14:38 GMT+0100 (GMT+01:00),Thu Aug 06 2026 12:14:38 GMT+0100 (GMT+01:00),,https://images.unsplash.com/photo-1527814050087-379381547969?q=80&w=800&auto=format&fit=crop,sc_01KZ673CEPGC3SNN79A1AGTBKE,variant_01KZBCGJNASTGY78VSTGCV83F7,Matte Black,TECH-133-BLK,,,,false,false,,,,,,,,,,0,,prod_01KZBCGJHYAJEBGV027WMATGW1,Thu Aug 06 2026 12:14:38 GMT+0100 (GMT+01:00),Thu Aug 06 2026 12:14:38 GMT+0100 (GMT+01:00),,663,https://images.unsplash.com/photo-1527814050087-379381547969?q=80&w=800&auto=format&fit=crop
prod_01KZBCGJHYANBBG54WATVSXYXP,logitech-speaker-essential-gen-5,Logitech Speaker Essential Gen-5,,published,,"Premium speaker engineered by Logitech. Features the latest technology, sleek design, and unparalleled performance. Perfect for professionals and enthusiasts alike.",false,true,https://images.unsplash.com/photo-1505740420928-5e560c06d30e?q=80&w=800&auto=format&fit=crop,,,,,,,,,,,Thu Aug 06 2026 12:14:38 GMT+0100 (GMT+01:00),Thu Aug 06 2026 12:14:38 GMT+0100 (GMT+01:00),,https://images.unsplash.com/photo-1505740420928-5e560c06d30e?q=80&w=800&auto=format&fit=crop,sc_01KZ673CEPGC3SNN79A1AGTBKE,variant_01KZBCGJNA9Q231HFNFCFZN5M1,Matte Black,TECH-107-BLK,,,,false,false,,,,,,,,,,0,,prod_01KZBCGJHYANBBG54WATVSXYXP,Thu Aug 06 2026 12:14:38 GMT+0100 (GMT+01:00),Thu Aug 06 2026 12:14:38 GMT+0100 (GMT+01:00),,179,https://images.unsplash.com/photo-1505740420928-5e560c06d30e?q=80&w=800&auto=format&fit=crop
prod_01KZBCGJHYAT3J0FWSRDQB1J2R,sony-smartphone-essential-gen-2,Sony Smartphone Essential Gen-2,,published,,"Premium smartphone engineered by Sony. Features the latest technology, sleek design, and unparalleled performance. Perfect for professionals and enthusiasts alike.",false,true,https://images.unsplash.com/photo-1595225476474-87563907a212?q=80&w=800&auto=format&fit=crop,,,,,,,,,,,Thu Aug 06 2026 12:14:38 GMT+0100 (GMT+01:00),Thu Aug 06 2026 12:14:38 GMT+0100 (GMT+01:00),,https://images.unsplash.com/photo-1595225476474-87563907a212?q=80&w=800&auto=format&fit=crop,sc_01KZ673CEPGC3SNN79A1AGTBKE,variant_01KZBCGJNBF0CJXGZPV8FNVMA0,Matte Black,TECH-143-BLK,,,,false,false,,,,,,,,,,0,,prod_01KZBCGJHYAT3J0FWSRDQB1J2R,Thu Aug 06 2026 12:14:38 GMT+0100 (GMT+01:00),Thu Aug 06 2026 12:14:38 GMT+0100 (GMT+01:00),,134,https://images.unsplash.com/photo-1595225476474-87563907a212?q=80&w=800&auto=format&fit=crop
prod_01KZBCGJHYAVSVJMTG16W82GKS,logitech-monitor-advanced-gen-4,Logitech Monitor Advanced Gen-4,,published,,"Premium monitor engineered by Logitech. Features the latest technology, sleek design, and unparalleled performance. Perfect for professionals and enthusiasts alike.",false,true,https://images.unsplash.com/photo-1527814050087-379381547969?q=80&w=800&auto=format&fit=crop,,,,,,,,,,,Thu Aug 06 2026 12:14:38 GMT+0100 (GMT+01:00),Thu Aug 06 2026 12:14:38 GMT+0100 (GMT+01:00),,https://images.unsplash.com/photo-1527814050087-379381547969?q=80&w=800&auto=format&fit=crop,sc_01KZ673CEPGC3SNN79A1AGTBKE,variant_01KZBCGJN9XQE8H086Z5P3SXPJ,Matte Black,TECH-104-BLK,,,,false,false,,,,,,,,,,0,,prod_01KZBCGJHYAVSVJMTG16W82GKS,Thu Aug 06 2026 12:14:38 GMT+0100 (GMT+01:00),Thu Aug 06 2026 12:14:38 GMT+0100 (GMT+01:00),,914,https://images.unsplash.com/photo-1527814050087-379381547969?q=80&w=800&auto=format&fit=crop
prod_01KZBCGJHYC1691ZZZZASEV33H,dell-keyboard-advanced-gen-10,Dell Keyboard Advanced Gen-10,,published,,"Premium keyboard engineered by Dell. Features the latest technology, sleek design, and unparalleled performance. Perfect for professionals and enthusiasts alike.",false,true,https://images.unsplash.com/photo-1496181133206-80ce9b88a853?q=80&w=800&auto=format&fit=crop,,,,,,,,,,,Thu Aug 06 2026 12:14:38 GMT+0100 (GMT+01:00),Thu Aug 06 2026 12:14:38 GMT+0100 (GMT+01:00),,https://images.unsplash.com/photo-1496181133206-80ce9b88a853?q=80&w=800&auto=format&fit=crop,sc_01KZ673CEPGC3SNN79A1AGTBKE,variant_01KZBCGJNBA4CJRZQ39DRPY0K4,Matte Black,TECH-146-BLK,,,,false,false,,,,,,,,,,0,,prod_01KZBCGJHYC1691ZZZZASEV33H,Thu Aug 06 2026 12:14:38 GMT+0100 (GMT+01:00),Thu Aug 06 2026 12:14:38 GMT+0100 (GMT+01:00),,873,https://images.unsplash.com/photo-1496181133206-80ce9b88a853?q=80&w=800&auto=format&fit=crop
prod_01KZBCGJHYCWR3D7SF03VZ47WY,hp-smartwatch-mini-gen-6,HP Smartwatch Mini Gen-6,,published,,"Premium smartwatch engineered by HP. Features the latest technology, sleek design, and unparalleled performance. Perfect for professionals and enthusiasts alike.",false,true,https://images.unsplash.com/photo-1505740420928-5e560c06d30e?q=80&w=800&auto=format&fit=crop,,,,,,,,,,,Thu Aug 06 2026 12:14:38 GMT+0100 (GMT+01:00),Thu Aug 06 2026 12:14:38 GMT+0100 (GMT+01:00),,https://images.unsplash.com/photo-1505740420928-5e560c06d30e?q=80&w=800&auto=format&fit=crop,sc_01KZ673CEPGC3SNN79A1AGTBKE,variant_01KZBCGJNAVYVEHAW0D4HVA044,Matte Black,TECH-119-BLK,,,,false,false,,,,,,,,,,0,,prod_01KZBCGJHYCWR3D7SF03VZ47WY,Thu Aug 06 2026 12:14:38 GMT+0100 (GMT+01:00),Thu Aug 06 2026 12:14:38 GMT+0100 (GMT+01:00),,102,https://images.unsplash.com/photo-1505740420928-5e560c06d30e?q=80&w=800&auto=format&fit=crop
prod_01KZBCGJHYD6QJXJYD4H77AD4F,samsung-camera-air-gen-4,Samsung Camera Air Gen-4,,published,,"Premium camera engineered by Samsung. Features the latest technology, sleek design, and unparalleled performance. Perfect for professionals and enthusiasts alike.",false,true,https://images.unsplash.com/photo-1595225476474-87563907a212?q=80&w=800&auto=format&fit=crop,,,,,,,,,,,Thu Aug 06 2026 12:14:38 GMT+0100 (GMT+01:00),Thu Aug 06 2026 12:14:38 GMT+0100 (GMT+01:00),,https://images.unsplash.com/photo-1595225476474-87563907a212?q=80&w=800&auto=format&fit=crop,sc_01KZ673CEPGC3SNN79A1AGTBKE,variant_01KZBCGJNASGFPDJB11Y33G4ZE,Matte Black,TECH-128-BLK,,,,false,false,,,,,,,,,,0,,prod_01KZBCGJHYD6QJXJYD4H77AD4F,Thu Aug 06 2026 12:14:38 GMT+0100 (GMT+01:00),Thu Aug 06 2026 12:14:38 GMT+0100 (GMT+01:00),,502,https://images.unsplash.com/photo-1595225476474-87563907a212?q=80&w=800&auto=format&fit=crop
prod_01KZBCGJHYDBDM50057WV1Y02Z,dell-laptop-advanced-gen-8,Dell Laptop Advanced Gen-8,,published,,"Premium laptop engineered by Dell. Features the latest technology, sleek design, and unparalleled performance. Perfect for professionals and enthusiasts alike.",false,true,https://images.unsplash.com/photo-1505156868547-9b49f4df4e04?q=80&w=800&auto=format&fit=crop,,,,,,,,,,,Thu Aug 06 2026 12:14:38 GMT+0100 (GMT+01:00),Thu Aug 06 2026 12:14:38 GMT+0100 (GMT+01:00),,https://images.unsplash.com/photo-1505156868547-9b49f4df4e04?q=80&w=800&auto=format&fit=crop,sc_01KZ673CEPGC3SNN79A1AGTBKE,variant_01KZBCGJNB70ADJK5FPV4DQ0MJ,Matte Black,TECH-141-BLK,,,,false,false,,,,,,,,,,0,,prod_01KZBCGJHYDBDM50057WV1Y02Z,Thu Aug 06 2026 12:14:38 GMT+0100 (GMT+01:00),Thu Aug 06 2026 12:14:38 GMT+0100 (GMT+01:00),,475,https://images.unsplash.com/photo-1505156868547-9b49f4df4e04?q=80&w=800&auto=format&fit=crop
prod_01KZBCGJHYDM1PHA97SQZW3666,lenovo-mouse-lite-gen-10,Lenovo Mouse Lite Gen-10,,published,,"Premium mouse engineered by Lenovo. Features the latest technology, sleek design, and unparalleled performance. Perfect for professionals and enthusiasts alike.",false,true,https://images.unsplash.com/photo-1505740420928-5e560c06d30e?q=80&w=800&auto=format&fit=crop,,,,,,,,,,,Thu Aug 06 2026 12:14:38 GMT+0100 (GMT+01:00),Thu Aug 06 2026 12:14:38 GMT+0100 (GMT+01:00),,https://images.unsplash.com/photo-1505740420928-5e560c06d30e?q=80&w=800&auto=format&fit=crop,sc_01KZ673CEPGC3SNN79A1AGTBKE,variant_01KZBCGJNAFSP9VYJ22BDK1QFA,Matte Black,TECH-112-BLK,,,,false,false,,,,,,,,,,0,,prod_01KZBCGJHYDM1PHA97SQZW3666,Thu Aug 06 2026 12:14:38 GMT+0100 (GMT+01:00),Thu Aug 06 2026 12:14:38 GMT+0100 (GMT+01:00),,1077,https://images.unsplash.com/photo-1505740420928-5e560c06d30e?q=80&w=800&auto=format&fit=crop
prod_01KZBCGJHYDZ8GXXHN12A9WNWX,lenovo-speaker-lite-gen-3,Lenovo Speaker Lite Gen-3,,published,,"Premium speaker engineered by Lenovo. Features the latest technology, sleek design, and unparalleled performance. Perfect for professionals and enthusiasts alike.",false,true,https://images.unsplash.com/photo-1546868871-7041f2a55e12?q=80&w=800&auto=format&fit=crop,,,,,,,,,,,Thu Aug 06 2026 12:14:38 GMT+0100 (GMT+01:00),Thu Aug 06 2026 12:14:38 GMT+0100 (GMT+01:00),,https://images.unsplash.com/photo-1546868871-7041f2a55e12?q=80&w=800&auto=format&fit=crop,sc_01KZ673CEPGC3SNN79A1AGTBKE,variant_01KZBCGJN9Z9AGA99TX38XP3DP,Matte Black,TECH-102-BLK,,,,false,false,,,,,,,,,,0,,prod_01KZBCGJHYDZ8GXXHN12A9WNWX,Thu Aug 06 2026 12:14:38 GMT+0100 (GMT+01:00),Thu Aug 06 2026 12:14:38 GMT+0100 (GMT+01:00),,1071,https://images.unsplash.com/photo-1546868871-7041f2a55e12?q=80&w=800&auto=format&fit=crop
prod_01KZBCGJHYEF5RG495FFPR14Q6,sony-tablet-advanced-gen-10,Sony Tablet Advanced Gen-10,,published,,"Premium tablet engineered by Sony. Features the latest technology, sleek design, and unparalleled performance. Perfect for professionals and enthusiasts alike.",false,true,https://images.unsplash.com/photo-1527443224154-c4a3942d3acf?q=80&w=800&auto=format&fit=crop,,,,,,,,,,,Thu Aug 06 2026 12:14:38 GMT+0100 (GMT+01:00),Thu Aug 06 2026 12:14:38 GMT+0100 (GMT+01:00),,https://images.unsplash.com/photo-1527443224154-c4a3942d3acf?q=80&w=800&auto=format&fit=crop,sc_01KZ673CEPGC3SNN79A1AGTBKE,variant_01KZBCGJNAR28VWTW0VG4ZMPP2,Matte Black,TECH-110-BLK,,,,false,false,,,,,,,,,,0,,prod_01KZBCGJHYEF5RG495FFPR14Q6,Thu Aug 06 2026 12:14:38 GMT+0100 (GMT+01:00),Thu Aug 06 2026 12:14:38 GMT+0100 (GMT+01:00),,949,https://images.unsplash.com/photo-1527443224154-c4a3942d3acf?q=80&w=800&auto=format&fit=crop
prod_01KZBCGJHYEJ299H6GF31NMW1B,samsung-tablet-advanced-gen-4,Samsung Tablet Advanced Gen-4,,published,,"Premium tablet engineered by Samsung. Features the latest technology, sleek design, and unparalleled performance. Perfect for professionals and enthusiasts alike.",false,true,https://images.unsplash.com/photo-1546868871-7041f2a55e12?q=80&w=800&auto=format&fit=crop,,,,,,,,,,,Thu Aug 06 2026 12:14:38 GMT+0100 (GMT+01:00),Thu Aug 06 2026 12:14:38 GMT+0100 (GMT+01:00),,https://images.unsplash.com/photo-1546868871-7041f2a55e12?q=80&w=800&auto=format&fit=crop,sc_01KZ673CEPGC3SNN79A1AGTBKE,variant_01KZBCGJNA0A6JG1PFV5JPJZQV,Matte Black,TECH-131-BLK,,,,false,false,,,,,,,,,,0,,prod_01KZBCGJHYEJ299H6GF31NMW1B,Thu Aug 06 2026 12:14:38 GMT+0100 (GMT+01:00),Thu Aug 06 2026 12:14:38 GMT+0100 (GMT+01:00),,1323,https://images.unsplash.com/photo-1546868871-7041f2a55e12?q=80&w=800&auto=format&fit=crop
prod_01KZBCGJHYERAZ8DANXRBJ6MS0,dell-laptop-essential-gen-2,Dell Laptop Essential Gen-2,,published,,"Premium laptop engineered by Dell. Features the latest technology, sleek design, and unparalleled performance. Perfect for professionals and enthusiasts alike.",false,true,https://images.unsplash.com/photo-1527814050087-379381547969?q=80&w=800&auto=format&fit=crop,,,,,,,,,,,Thu Aug 06 2026 12:14:38 GMT+0100 (GMT+01:00),Thu Aug 06 2026 12:14:38 GMT+0100 (GMT+01:00),,https://images.unsplash.com/photo-1527814050087-379381547969?q=80&w=800&auto=format&fit=crop,sc_01KZ673CEPGC3SNN79A1AGTBKE,variant_01KZBCGJNAKM4CB5S4J4RYHV73,Matte Black,TECH-123-BLK,,,,false,false,,,,,,,,,,0,,prod_01KZBCGJHYERAZ8DANXRBJ6MS0,Thu Aug 06 2026 12:14:38 GMT+0100 (GMT+01:00),Thu Aug 06 2026 12:14:38 GMT+0100 (GMT+01:00),,679,https://images.unsplash.com/photo-1527814050087-379381547969?q=80&w=800&auto=format&fit=crop
prod_01KZBCGJHYEW16NJ0B3TW29FW3,sony-camera-ultra-gen-10,Sony Camera Ultra Gen-10,,published,,"Premium camera engineered by Sony. Features the latest technology, sleek design, and unparalleled performance. Perfect for professionals and enthusiasts alike.",false,true,https://images.unsplash.com/photo-1496181133206-80ce9b88a853?q=80&w=800&auto=format&fit=crop,,,,,,,,,,,Thu Aug 06 2026 12:14:38 GMT+0100 (GMT+01:00),Thu Aug 06 2026 12:14:38 GMT+0100 (GMT+01:00),,https://images.unsplash.com/photo-1496181133206-80ce9b88a853?q=80&w=800&auto=format&fit=crop,sc_01KZ673CEPGC3SNN79A1AGTBKE,variant_01KZBCGJNA1N2A5SYC1CAQXNZT,Matte Black,TECH-126-BLK,,,,false,false,,,,,,,,,,0,,prod_01KZBCGJHYEW16NJ0B3TW29FW3,Thu Aug 06 2026 12:14:38 GMT+0100 (GMT+01:00),Thu Aug 06 2026 12:14:38 GMT+0100 (GMT+01:00),,147,https://images.unsplash.com/photo-1496181133206-80ce9b88a853?q=80&w=800&auto=format&fit=crop
prod_01KZBCGJHYG0NMS0AY2QWS9YRH,razer-smartwatch-advanced-gen-8,Razer Smartwatch Advanced Gen-8,,published,,"Premium smartwatch engineered by Razer. Features the latest technology, sleek design, and unparalleled performance. Perfect for professionals and enthusiasts alike.",false,true,https://images.unsplash.com/photo-1527443224154-c4a3942d3acf?q=80&w=800&auto=format&fit=crop,,,,,,,,,,,Thu Aug 06 2026 12:14:38 GMT+0100 (GMT+01:00),Thu Aug 06 2026 12:14:38 GMT+0100 (GMT+01:00),,https://images.unsplash.com/photo-1527443224154-c4a3942d3acf?q=80&w=800&auto=format&fit=crop,sc_01KZ673CEPGC3SNN79A1AGTBKE,variant_01KZBCGJNB9PNXTJE46WA2751P,Matte Black,TECH-149-BLK,,,,false,false,,,,,,,,,,0,,prod_01KZBCGJHYG0NMS0AY2QWS9YRH,Thu Aug 06 2026 12:14:38 GMT+0100 (GMT+01:00),Thu Aug 06 2026 12:14:38 GMT+0100 (GMT+01:00),,278,https://images.unsplash.com/photo-1527443224154-c4a3942d3acf?q=80&w=800&auto=format&fit=crop
prod_01KZBCGJHYG8P1ZZF9F480WR92,razer-smartwatch-mini-gen-8,Razer Smartwatch Mini Gen-8,,published,,"Premium smartwatch engineered by Razer. Features the latest technology, sleek design, and unparalleled performance. Perfect for professionals and enthusiasts alike.",false,true,https://images.unsplash.com/photo-1595225476474-87563907a212?q=80&w=800&auto=format&fit=crop,,,,,,,,,,,Thu Aug 06 2026 12:14:38 GMT+0100 (GMT+01:00),Thu Aug 06 2026 12:14:38 GMT+0100 (GMT+01:00),,https://images.unsplash.com/photo-1595225476474-87563907a212?q=80&w=800&auto=format&fit=crop,sc_01KZ673CEPGC3SNN79A1AGTBKE,variant_01KZBCGJNB7M55DFNXW7C0KXFY,Matte Black,TECH-138-BLK,,,,false,false,,,,,,,,,,0,,prod_01KZBCGJHYG8P1ZZF9F480WR92,Thu Aug 06 2026 12:14:38 GMT+0100 (GMT+01:00),Thu Aug 06 2026 12:14:38 GMT+0100 (GMT+01:00),,1214,https://images.unsplash.com/photo-1595225476474-87563907a212?q=80&w=800&auto=format&fit=crop
prod_01KZBCGJHYGFJA6JMXCWEB2F5A,apple-camera-plus-gen-10,Apple Camera Plus Gen-10,,published,,"Premium camera engineered by Apple. Features the latest technology, sleek design, and unparalleled performance. Perfect for professionals and enthusiasts alike.",false,true,https://images.unsplash.com/photo-1527443224154-c4a3942d3acf?q=80&w=800&auto=format&fit=crop,,,,,,,,,,,Thu Aug 06 2026 12:14:38 GMT+0100 (GMT+01:00),Thu Aug 06 2026 12:14:38 GMT+0100 (GMT+01:00),,https://images.unsplash.com/photo-1527443224154-c4a3942d3acf?q=80&w=800&auto=format&fit=crop,sc_01KZ673CEPGC3SNN79A1AGTBKE,variant_01KZBCGJNA263ZSHJ5DMW8YKRB,Matte Black,TECH-130-BLK,,,,false,false,,,,,,,,,,0,,prod_01KZBCGJHYGFJA6JMXCWEB2F5A,Thu Aug 06 2026 12:14:38 GMT+0100 (GMT+01:00),Thu Aug 06 2026 12:14:38 GMT+0100 (GMT+01:00),,1220,https://images.unsplash.com/photo-1527443224154-c4a3942d3acf?q=80&w=800&auto=format&fit=crop
prod_01KZBCGJHYHGXTGPFBX8ZASZMR,logitech-camera-plus-gen-8,Logitech Camera Plus Gen-8,,published,,"Premium camera engineered by Logitech. Features the latest technology, sleek design, and unparalleled performance. Perfect for professionals and enthusiasts alike.",false,true,https://images.unsplash.com/photo-1527443224154-c4a3942d3acf?q=80&w=800&auto=format&fit=crop,,,,,,,,,,,Thu Aug 06 2026 12:14:38 GMT+0100 (GMT+01:00),Thu Aug 06 2026 12:14:38 GMT+0100 (GMT+01:00),,https://images.unsplash.com/photo-1527443224154-c4a3942d3acf?q=80&w=800&auto=format&fit=crop,sc_01KZ673CEPGC3SNN79A1AGTBKE,variant_01KZBCGJNAZAKH9HQWD0Z3TEX1,Matte Black,TECH-125-BLK,,,,false,false,,,,,,,,,,0,,prod_01KZBCGJHYHGXTGPFBX8ZASZMR,Thu Aug 06 2026 12:14:38 GMT+0100 (GMT+01:00),Thu Aug 06 2026 12:14:38 GMT+0100 (GMT+01:00),,1040,https://images.unsplash.com/photo-1527443224154-c4a3942d3acf?q=80&w=800&auto=format&fit=crop
prod_01KZBCGJHYHN0JH93PG1DSCTSV,apple-headphones-elite-gen-8,Apple Headphones Elite Gen-8,,published,,"Premium headphones engineered by Apple. Features the latest technology, sleek design, and unparalleled performance. Perfect for professionals and enthusiasts alike.",false,true,https://images.unsplash.com/photo-1595225476474-87563907a212?q=80&w=800&auto=format&fit=crop,,,,,,,,,,,Thu Aug 06 2026 12:14:38 GMT+0100 (GMT+01:00),Thu Aug 06 2026 12:14:38 GMT+0100 (GMT+01:00),,https://images.unsplash.com/photo-1595225476474-87563907a212?q=80&w=800&auto=format&fit=crop,sc_01KZ673CEPGC3SNN79A1AGTBKE,variant_01KZBCGJNAFW84V26C42QKWMKT,Matte Black,TECH-114-BLK,,,,false,false,,,,,,,,,,0,,prod_01KZBCGJHYHN0JH93PG1DSCTSV,Thu Aug 06 2026 12:14:38 GMT+0100 (GMT+01:00),Thu Aug 06 2026 12:14:38 GMT+0100 (GMT+01:00),,1119,https://images.unsplash.com/photo-1595225476474-87563907a212?q=80&w=800&auto=format&fit=crop
prod_01KZBCGJHYHQM47XHP5SZBDDH7,sony-smartphone-pro-gen-10,Sony Smartphone Pro Gen-10,,published,,"Premium smartphone engineered by Sony. Features the latest technology, sleek design, and unparalleled performance. Perfect for professionals and enthusiasts alike.",false,true,https://images.unsplash.com/photo-1527443224154-c4a3942d3acf?q=80&w=800&auto=format&fit=crop,,,,,,,,,,,Thu Aug 06 2026 12:14:38 GMT+0100 (GMT+01:00),Thu Aug 06 2026 12:14:38 GMT+0100 (GMT+01:00),,https://images.unsplash.com/photo-1527443224154-c4a3942d3acf?q=80&w=800&auto=format&fit=crop,sc_01KZ673CEPGC3SNN79A1AGTBKE,variant_01KZBCGJNAG20G5N1FPZ9T6FWP,Matte Black,TECH-118-BLK,,,,false,false,,,,,,,,,,0,,prod_01KZBCGJHYHQM47XHP5SZBDDH7,Thu Aug 06 2026 12:14:38 GMT+0100 (GMT+01:00),Thu Aug 06 2026 12:14:38 GMT+0100 (GMT+01:00),,1092,https://images.unsplash.com/photo-1527443224154-c4a3942d3acf?q=80&w=800&auto=format&fit=crop
prod_01KZBCGJHYHV41SHKQ6YWV7338,dell-speaker-lite-gen-9,Dell Speaker Lite Gen-9,,published,,"Premium speaker engineered by Dell. Features the latest technology, sleek design, and unparalleled performance. Perfect for professionals and enthusiasts alike.",false,true,https://images.unsplash.com/photo-1505740420928-5e560c06d30e?q=80&w=800&auto=format&fit=crop,,,,,,,,,,,Thu Aug 06 2026 12:14:38 GMT+0100 (GMT+01:00),Thu Aug 06 2026 12:14:38 GMT+0100 (GMT+01:00),,https://images.unsplash.com/photo-1505740420928-5e560c06d30e?q=80&w=800&auto=format&fit=crop,sc_01KZ673CEPGC3SNN79A1AGTBKE,variant_01KZBCGJNA3HXB301TCBBWX8K3,Matte Black,TECH-117-BLK,,,,false,false,,,,,,,,,,0,,prod_01KZBCGJHYHV41SHKQ6YWV7338,Thu Aug 06 2026 12:14:38 GMT+0100 (GMT+01:00),Thu Aug 06 2026 12:14:38 GMT+0100 (GMT+01:00),,598,https://images.unsplash.com/photo-1505740420928-5e560c06d30e?q=80&w=800&auto=format&fit=crop
prod_01KZBCGJHYKEM16W7PN6GFGD9G,lenovo-laptop-essential-gen-1,Lenovo Laptop Essential Gen-1,,published,,"Premium laptop engineered by Lenovo. Features the latest technology, sleek design, and unparalleled performance. Perfect for professionals and enthusiasts alike.",false,true,https://images.unsplash.com/photo-1527443224154-c4a3942d3acf?q=80&w=800&auto=format&fit=crop,,,,,,,,,,,Thu Aug 06 2026 12:14:38 GMT+0100 (GMT+01:00),Thu Aug 06 2026 12:14:38 GMT+0100 (GMT+01:00),,https://images.unsplash.com/photo-1527443224154-c4a3942d3acf?q=80&w=800&auto=format&fit=crop,sc_01KZ673CEPGC3SNN79A1AGTBKE,variant_01KZBCGJNB1Z74SAA0HWBFP4H1,Matte Black,TECH-145-BLK,,,,false,false,,,,,,,,,,0,,prod_01KZBCGJHYKEM16W7PN6GFGD9G,Thu Aug 06 2026 12:14:38 GMT+0100 (GMT+01:00),Thu Aug 06 2026 12:14:38 GMT+0100 (GMT+01:00),,1326,https://images.unsplash.com/photo-1527443224154-c4a3942d3acf?q=80&w=800&auto=format&fit=crop
prod_01KZBCGJHYKQT2X90PV38P8V5W,asus-tablet-ultra-gen-4,Asus Tablet Ultra Gen-4,,published,,"Premium tablet engineered by Asus. Features the latest technology, sleek design, and unparalleled performance. Perfect for professionals and enthusiasts alike.",false,true,https://images.unsplash.com/photo-1505156868547-9b49f4df4e04?q=80&w=800&auto=format&fit=crop,,,,,,,,,,,Thu Aug 06 2026 12:14:38 GMT+0100 (GMT+01:00),Thu Aug 06 2026 12:14:38 GMT+0100 (GMT+01:00),,https://images.unsplash.com/photo-1505156868547-9b49f4df4e04?q=80&w=800&auto=format&fit=crop,sc_01KZ673CEPGC3SNN79A1AGTBKE,variant_01KZBCGJNAJW6YEVT1N3SHRRMK,Matte Black,TECH-116-BLK,,,,false,false,,,,,,,,,,0,,prod_01KZBCGJHYKQT2X90PV38P8V5W,Thu Aug 06 2026 12:14:38 GMT+0100 (GMT+01:00),Thu Aug 06 2026 12:14:38 GMT+0100 (GMT+01:00),,970,https://images.unsplash.com/photo-1505156868547-9b49f4df4e04?q=80&w=800&auto=format&fit=crop
prod_01KZBCGJHYKQV06GWWS2SJRWK0,sony-tablet-ultra-gen-9,Sony Tablet Ultra Gen-9,,published,,"Premium tablet engineered by Sony. Features the latest technology, sleek design, and unparalleled performance. Perfect for professionals and enthusiasts alike.",false,true,https://images.unsplash.com/photo-1496181133206-80ce9b88a853?q=80&w=800&auto=format&fit=crop,,,,,,,,,,,Thu Aug 06 2026 12:14:38 GMT+0100 (GMT+01:00),Thu Aug 06 2026 12:14:38 GMT+0100 (GMT+01:00),,https://images.unsplash.com/photo-1496181133206-80ce9b88a853?q=80&w=800&auto=format&fit=crop,sc_01KZ673CEPGC3SNN79A1AGTBKE,variant_01KZBCGJNB0C8HZV9FXMSM822Q,Matte Black,TECH-148-BLK,,,,false,false,,,,,,,,,,0,,prod_01KZBCGJHYKQV06GWWS2SJRWK0,Thu Aug 06 2026 12:14:38 GMT+0100 (GMT+01:00),Thu Aug 06 2026 12:14:38 GMT+0100 (GMT+01:00),,653,https://images.unsplash.com/photo-1496181133206-80ce9b88a853?q=80&w=800&auto=format&fit=crop
prod_01KZBCGJHYKZGGXEAPVK4EJ58A,hp-monitor-plus-gen-1,HP Monitor Plus Gen-1,,published,,"Premium monitor engineered by HP. Features the latest technology, sleek design, and unparalleled performance. Perfect for professionals and enthusiasts alike.",false,true,https://images.unsplash.com/photo-1527443224154-c4a3942d3acf?q=80&w=800&auto=format&fit=crop,,,,,,,,,,,Thu Aug 06 2026 12:14:38 GMT+0100 (GMT+01:00),Thu Aug 06 2026 12:14:38 GMT+0100 (GMT+01:00),,https://images.unsplash.com/photo-1527443224154-c4a3942d3acf?q=80&w=800&auto=format&fit=crop,sc_01KZ673CEPGC3SNN79A1AGTBKE,variant_01KZBCGJNAJPSQ7TF3NR8YZ7GX,Matte Black,TECH-111-BLK,,,,false,false,,,,,,,,,,0,,prod_01KZBCGJHYKZGGXEAPVK4EJ58A,Thu Aug 06 2026 12:14:38 GMT+0100 (GMT+01:00),Thu Aug 06 2026 12:14:38 GMT+0100 (GMT+01:00),,925,https://images.unsplash.com/photo-1527443224154-c4a3942d3acf?q=80&w=800&auto=format&fit=crop
prod_01KZBCGJHYMZXTT0ENHQP9GQHP,razer-tablet-air-gen-4,Razer Tablet Air Gen-4,,published,,"Premium tablet engineered by Razer. Features the latest technology, sleek design, and unparalleled performance. Perfect for professionals and enthusiasts alike.",false,true,https://images.unsplash.com/photo-1496181133206-80ce9b88a853?q=80&w=800&auto=format&fit=crop,,,,,,,,,,,Thu Aug 06 2026 12:14:38 GMT+0100 (GMT+01:00),Thu Aug 06 2026 12:14:38 GMT+0100 (GMT+01:00),,https://images.unsplash.com/photo-1496181133206-80ce9b88a853?q=80&w=800&auto=format&fit=crop,sc_01KZ673CEPGC3SNN79A1AGTBKE,variant_01KZBCGJNA8QB3NC3BBFXRT8XS,Matte Black,TECH-108-BLK,,,,false,false,,,,,,,,,,0,,prod_01KZBCGJHYMZXTT0ENHQP9GQHP,Thu Aug 06 2026 12:14:38 GMT+0100 (GMT+01:00),Thu Aug 06 2026 12:14:38 GMT+0100 (GMT+01:00),,437,https://images.unsplash.com/photo-1496181133206-80ce9b88a853?q=80&w=800&auto=format&fit=crop
prod_01KZBCGJHYNACWE5R2YGR9B4Z6,logitech-keyboard-max-gen-10,Logitech Keyboard Max Gen-10,,published,,"Premium keyboard engineered by Logitech. Features the latest technology, sleek design, and unparalleled performance. Perfect for professionals and enthusiasts alike.",false,true,https://images.unsplash.com/photo-1505740420928-5e560c06d30e?q=80&w=800&auto=format&fit=crop,,,,,,,,,,,Thu Aug 06 2026 12:14:38 GMT+0100 (GMT+01:00),Thu Aug 06 2026 12:14:38 GMT+0100 (GMT+01:00),,https://images.unsplash.com/photo-1505740420928-5e560c06d30e?q=80&w=800&auto=format&fit=crop,sc_01KZ673CEPGC3SNN79A1AGTBKE,variant_01KZBCGJN9XCJXAS9CCS8Z126N,Matte Black,TECH-106-BLK,,,,false,false,,,,,,,,,,0,,prod_01KZBCGJHYNACWE5R2YGR9B4Z6,Thu Aug 06 2026 12:14:38 GMT+0100 (GMT+01:00),Thu Aug 06 2026 12:14:38 GMT+0100 (GMT+01:00),,556,https://images.unsplash.com/photo-1505740420928-5e560c06d30e?q=80&w=800&auto=format&fit=crop
prod_01KZBCGJHYPDS9AA60954H51P1,razer-smartphone-elite-gen-10,Razer Smartphone Elite Gen-10,,published,,"Premium smartphone engineered by Razer. Features the latest technology, sleek design, and unparalleled performance. Perfect for professionals and enthusiasts alike.",false,true,https://images.unsplash.com/photo-1527814050087-379381547969?q=80&w=800&auto=format&fit=crop,,,,,,,,,,,Thu Aug 06 2026 12:14:38 GMT+0100 (GMT+01:00),Thu Aug 06 2026 12:14:38 GMT+0100 (GMT+01:00),,https://images.unsplash.com/photo-1527814050087-379381547969?q=80&w=800&auto=format&fit=crop,sc_01KZ673CEPGC3SNN79A1AGTBKE,variant_01KZBCGJNB0R2W0FBZY8401NK6,Matte Black,TECH-147-BLK,,,,false,false,,,,,,,,,,0,,prod_01KZBCGJHYPDS9AA60954H51P1,Thu Aug 06 2026 12:14:38 GMT+0100 (GMT+01:00),Thu Aug 06 2026 12:14:38 GMT+0100 (GMT+01:00),,310,https://images.unsplash.com/photo-1527814050087-379381547969?q=80&w=800&auto=format&fit=crop
prod_01KZBCGJHYREBNA07K8FKF1DY8,asus-speaker-essential-gen-8,Asus Speaker Essential Gen-8,,published,,"Premium speaker engineered by Asus. Features the latest technology, sleek design, and unparalleled performance. Perfect for professionals and enthusiasts alike.",false,true,https://images.unsplash.com/photo-1546868871-7041f2a55e12?q=80&w=800&auto=format&fit=crop,,,,,,,,,,,Thu Aug 06 2026 12:14:38 GMT+0100 (GMT+01:00),Thu Aug 06 2026 12:14:38 GMT+0100 (GMT+01:00),,https://images.unsplash.com/photo-1546868871-7041f2a55e12?q=80&w=800&auto=format&fit=crop,sc_01KZ673CEPGC3SNN79A1AGTBKE,variant_01KZBCGJNACM48SPPFXFCMQGNV,Matte Black,TECH-132-BLK,,,,false,false,,,,,,,,,,0,,prod_01KZBCGJHYREBNA07K8FKF1DY8,Thu Aug 06 2026 12:14:38 GMT+0100 (GMT+01:00),Thu Aug 06 2026 12:14:38 GMT+0100 (GMT+01:00),,1025,https://images.unsplash.com/photo-1546868871-7041f2a55e12?q=80&w=800&auto=format&fit=crop
prod_01KZBCGJHYRWV3M56RM1WS9GMN,razer-smartwatch-max-gen-4,Razer Smartwatch Max Gen-4,,published,,"Premium smartwatch engineered by Razer. Features the latest technology, sleek design, and unparalleled performance. Perfect for professionals and enthusiasts alike.",false,true,https://images.unsplash.com/photo-1496181133206-80ce9b88a853?q=80&w=800&auto=format&fit=crop,,,,,,,,,,,Thu Aug 06 2026 12:14:38 GMT+0100 (GMT+01:00),Thu Aug 06 2026 12:14:38 GMT+0100 (GMT+01:00),,https://images.unsplash.com/photo-1496181133206-80ce9b88a853?q=80&w=800&auto=format&fit=crop,sc_01KZ673CEPGC3SNN79A1AGTBKE,variant_01KZBCGJNBQEBFNMWAR6FDH7FM,Matte Black,TECH-139-BLK,,,,false,false,,,,,,,,,,0,,prod_01KZBCGJHYRWV3M56RM1WS9GMN,Thu Aug 06 2026 12:14:38 GMT+0100 (GMT+01:00),Thu Aug 06 2026 12:14:38 GMT+0100 (GMT+01:00),,1257,https://images.unsplash.com/photo-1496181133206-80ce9b88a853?q=80&w=800&auto=format&fit=crop
prod_01KZBCGJHYSDFV95CFK1GS90MD,bose-smartphone-mini-gen-1,Bose Smartphone Mini Gen-1,,published,,"Premium smartphone engineered by Bose. Features the latest technology, sleek design, and unparalleled performance. Perfect for professionals and enthusiasts alike.",false,true,https://images.unsplash.com/photo-1527443224154-c4a3942d3acf?q=80&w=800&auto=format&fit=crop,,,,,,,,,,,Thu Aug 06 2026 12:14:38 GMT+0100 (GMT+01:00),Thu Aug 06 2026 12:14:38 GMT+0100 (GMT+01:00),,https://images.unsplash.com/photo-1527443224154-c4a3942d3acf?q=80&w=800&auto=format&fit=crop,sc_01KZ673CEPGC3SNN79A1AGTBKE,variant_01KZBCGJNAX89W9G004GZZ7KQG,Matte Black,TECH-129-BLK,,,,false,false,,,,,,,,,,0,,prod_01KZBCGJHYSDFV95CFK1GS90MD,Thu Aug 06 2026 12:14:38 GMT+0100 (GMT+01:00),Thu Aug 06 2026 12:14:38 GMT+0100 (GMT+01:00),,956,https://images.unsplash.com/photo-1527443224154-c4a3942d3acf?q=80&w=800&auto=format&fit=crop
prod_01KZBCGJHYT26M06F38M2PCWV9,samsung-camera-pro-gen-7,Samsung Camera Pro Gen-7,,published,,"Premium camera engineered by Samsung. Features the latest technology, sleek design, and unparalleled performance. Perfect for professionals and enthusiasts alike.",false,true,https://images.unsplash.com/photo-1527443224154-c4a3942d3acf?q=80&w=800&auto=format&fit=crop,,,,,,,,,,,Thu Aug 06 2026 12:14:38 GMT+0100 (GMT+01:00),Thu Aug 06 2026 12:14:38 GMT+0100 (GMT+01:00),,https://images.unsplash.com/photo-1527443224154-c4a3942d3acf?q=80&w=800&auto=format&fit=crop,sc_01KZ673CEPGC3SNN79A1AGTBKE,variant_01KZBCGJNAD2F8DMP8K5V06RX9,Matte Black,TECH-127-BLK,,,,false,false,,,,,,,,,,0,,prod_01KZBCGJHYT26M06F38M2PCWV9,Thu Aug 06 2026 12:14:38 GMT+0100 (GMT+01:00),Thu Aug 06 2026 12:14:38 GMT+0100 (GMT+01:00),,654,https://images.unsplash.com/photo-1527443224154-c4a3942d3acf?q=80&w=800&auto=format&fit=crop
prod_01KZBCGJHYVVFFZD3VKE6C3JAC,razer-laptop-mini-gen-8,Razer Laptop Mini Gen-8,,published,,"Premium laptop engineered by Razer. Features the latest technology, sleek design, and unparalleled performance. Perfect for professionals and enthusiasts alike.",false,true,https://images.unsplash.com/photo-1595225476474-87563907a212?q=80&w=800&auto=format&fit=crop,,,,,,,,,,,Thu Aug 06 2026 12:14:38 GMT+0100 (GMT+01:00),Thu Aug 06 2026 12:14:38 GMT+0100 (GMT+01:00),,https://images.unsplash.com/photo-1595225476474-87563907a212?q=80&w=800&auto=format&fit=crop,sc_01KZ673CEPGC3SNN79A1AGTBKE,variant_01KZBCGJNBF7QXR36CV76XHYYG,Matte Black,TECH-140-BLK,,,,false,false,,,,,,,,,,0,,prod_01KZBCGJHYVVFFZD3VKE6C3JAC,Thu Aug 06 2026 12:14:38 GMT+0100 (GMT+01:00),Thu Aug 06 2026 12:14:38 GMT+0100 (GMT+01:00),,846,https://images.unsplash.com/photo-1595225476474-87563907a212?q=80&w=800&auto=format&fit=crop
prod_01KZBCGJHYVYQQGH5DM5NH3HH2,logitech-speaker-ultra-gen-2,Logitech Speaker Ultra Gen-2,,published,,"Premium speaker engineered by Logitech. Features the latest technology, sleek design, and unparalleled performance. Perfect for professionals and enthusiasts alike.",false,true,https://images.unsplash.com/photo-1496181133206-80ce9b88a853?q=80&w=800&auto=format&fit=crop,,,,,,,,,,,Thu Aug 06 2026 12:14:38 GMT+0100 (GMT+01:00),Thu Aug 06 2026 12:14:38 GMT+0100 (GMT+01:00),,https://images.unsplash.com/photo-1496181133206-80ce9b88a853?q=80&w=800&auto=format&fit=crop,sc_01KZ673CEPGC3SNN79A1AGTBKE,variant_01KZBCGJN9A96NJ4QC8NVTPNS9,Matte Black,TECH-101-BLK,,,,false,false,,,,,,,,,,0,,prod_01KZBCGJHYVYQQGH5DM5NH3HH2,Thu Aug 06 2026 12:14:38 GMT+0100 (GMT+01:00),Thu Aug 06 2026 12:14:38 GMT+0100 (GMT+01:00),,617,https://images.unsplash.com/photo-1496181133206-80ce9b88a853?q=80&w=800&auto=format&fit=crop
prod_01KZBCGJHYWJDXN46189GSKNW4,dell-speaker-mini-gen-6,Dell Speaker Mini Gen-6,,published,,"Premium speaker engineered by Dell. Features the latest technology, sleek design, and unparalleled performance. Perfect for professionals and enthusiasts alike.",false,true,https://images.unsplash.com/photo-1505156868547-9b49f4df4e04?q=80&w=800&auto=format&fit=crop,,,,,,,,,,,Thu Aug 06 2026 12:14:38 GMT+0100 (GMT+01:00),Thu Aug 06 2026 12:14:38 GMT+0100 (GMT+01:00),,https://images.unsplash.com/photo-1505156868547-9b49f4df4e04?q=80&w=800&auto=format&fit=crop,sc_01KZ673CEPGC3SNN79A1AGTBKE,variant_01KZBCGJNA3W921AGTTF948GGQ,Matte Black,TECH-134-BLK,,,,false,false,,,,,,,,,,0,,prod_01KZBCGJHYWJDXN46189GSKNW4,Thu Aug 06 2026 12:14:38 GMT+0100 (GMT+01:00),Thu Aug 06 2026 12:14:38 GMT+0100 (GMT+01:00),,346,https://images.unsplash.com/photo-1505156868547-9b49f4df4e04?q=80&w=800&auto=format&fit=crop
prod_01KZBCGJHYYTGFBT70JRMJHKVQ,lenovo-camera-advanced-gen-8,Lenovo Camera Advanced Gen-8,,published,,"Premium camera engineered by Lenovo. Features the latest technology, sleek design, and unparalleled performance. Perfect for professionals and enthusiasts alike.",false,true,https://images.unsplash.com/photo-1546868871-7041f2a55e12?q=80&w=800&auto=format&fit=crop,,,,,,,,,,,Thu Aug 06 2026 12:14:38 GMT+0100 (GMT+01:00),Thu Aug 06 2026 12:14:38 GMT+0100 (GMT+01:00),,https://images.unsplash.com/photo-1546868871-7041f2a55e12?q=80&w=800&auto=format&fit=crop,sc_01KZ673CEPGC3SNN79A1AGTBKE,variant_01KZBCGJN98KZCJA5Q2RHC548N,Matte Black,TECH-103-BLK,,,,false,false,,,,,,,,,,0,,prod_01KZBCGJHYYTGFBT70JRMJHKVQ,Thu Aug 06 2026 12:14:38 GMT+0100 (GMT+01:00),Thu Aug 06 2026 12:14:38 GMT+0100 (GMT+01:00),,1387,https://images.unsplash.com/photo-1546868871-7041f2a55e12?q=80&w=800&auto=format&fit=crop
prod_01KZBCGJHYZYHQ5ZB9VQMCYB11,samsung-monitor-advanced-gen-2,Samsung Monitor Advanced Gen-2,,published,,"Premium monitor engineered by Samsung. Features the latest technology, sleek design, and unparalleled performance. Perfect for professionals and enthusiasts alike.",false,true,https://images.unsplash.com/photo-1527443224154-c4a3942d3acf?q=80&w=800&auto=format&fit=crop,,,,,,,,,,,Thu Aug 06 2026 12:14:38 GMT+0100 (GMT+01:00),Thu Aug 06 2026 12:14:38 GMT+0100 (GMT+01:00),,https://images.unsplash.com/photo-1527443224154-c4a3942d3acf?q=80&w=800&auto=format&fit=crop,sc_01KZ673CEPGC3SNN79A1AGTBKE,variant_01KZBCGJN9QP073BGR1CF5235H,Matte Black,TECH-105-BLK,,,,false,false,,,,,,,,,,0,,prod_01KZBCGJHYZYHQ5ZB9VQMCYB11,Thu Aug 06 2026 12:14:38 GMT+0100 (GMT+01:00),Thu Aug 06 2026 12:14:38 GMT+0100 (GMT+01:00),,1412,https://images.unsplash.com/photo-1527443224154-c4a3942d3acf?q=80&w=800&auto=format&fit=crop
prod_01KZBCGJHZ7CK4J9J2RGXDWJ4Y,apple-smartwatch-advanced-gen-4,Apple Smartwatch Advanced Gen-4,,published,,"Premium smartwatch engineered by Apple. Features the latest technology, sleek design, and unparalleled performance. Perfect for professionals and enthusiasts alike.",false,true,https://images.unsplash.com/photo-1505156868547-9b49f4df4e04?q=80&w=800&auto=format&fit=crop,,,,,,,,,,,Thu Aug 06 2026 12:14:38 GMT+0100 (GMT+01:00),Thu Aug 06 2026 12:14:38 GMT+0100 (GMT+01:00),,https://images.unsplash.com/photo-1505156868547-9b49f4df4e04?q=80&w=800&auto=format&fit=crop,sc_01KZ673CEPGC3SNN79A1AGTBKE,variant_01KZBCGJNB74B4ZJN08XGTH1JW,Matte Black,TECH-150-BLK,,,,false,false,,,,,,,,,,0,,prod_01KZBCGJHZ7CK4J9J2RGXDWJ4Y,Thu Aug 06 2026 12:14:38 GMT+0100 (GMT+01:00),Thu Aug 06 2026 12:14:38 GMT+0100 (GMT+01:00),,1209,https://images.unsplash.com/photo-1505156868547-9b49f4df4e04?q=80&w=800&auto=format&fit=crop
prod_01KZBCMACZ2PXH998JYS3FZ401,tech-1786015000980-35-8956,Sony Tablet Mini Gen-10,,published,,"Premium tablet engineered by Sony. Features the latest technology, sleek design, and unparalleled performance. Perfect for professionals and enthusiasts alike.",false,true,https://images.unsplash.com/photo-1505156868547-9b49f4df4e04?q=80&w=800&auto=format&fit=crop,,,,,,,,,,,Thu Aug 06 2026 12:16:41 GMT+0100 (GMT+01:00),Thu Aug 06 2026 12:16:41 GMT+0100 (GMT+01:00),,https://images.unsplash.com/photo-1505156868547-9b49f4df4e04?q=80&w=800&auto=format&fit=crop,sc_01KZ673CEPGC3SNN79A1AGTBKE,variant_01KZBCMAKWVR92SGW3E5S9QB3Z,Matte Black,SKU-1786015000980-35-8956,,,,false,false,,,,,,,,,,0,,prod_01KZBCMACZ2PXH998JYS3FZ401,Thu Aug 06 2026 12:16:41 GMT+0100 (GMT+01:00),Thu Aug 06 2026 12:16:41 GMT+0100 (GMT+01:00),,1285,https://images.unsplash.com/photo-1505156868547-9b49f4df4e04?q=80&w=800&auto=format&fit=crop
prod_01KZBCMACZ3CYCDXXRHXKK23HB,tech-1786015000980-4-1166,Lenovo Mouse Max Gen-6,,published,,"Premium mouse engineered by Lenovo. Features the latest technology, sleek design, and unparalleled performance. Perfect for professionals and enthusiasts alike.",false,true,https://images.unsplash.com/photo-1527443224154-c4a3942d3acf?q=80&w=800&auto=format&fit=crop,,,,,,,,,,,Thu Aug 06 2026 12:16:41 GMT+0100 (GMT+01:00),Thu Aug 06 2026 12:16:41 GMT+0100 (GMT+01:00),,https://images.unsplash.com/photo-1527443224154-c4a3942d3acf?q=80&w=800&auto=format&fit=crop,sc_01KZ673CEPGC3SNN79A1AGTBKE,variant_01KZBCMAKVP27E01X51KRVR08Q,Matte Black,SKU-1786015000980-4-1166,,,,false,false,,,,,,,,,,0,,prod_01KZBCMACZ3CYCDXXRHXKK23HB,Thu Aug 06 2026 12:16:41 GMT+0100 (GMT+01:00),Thu Aug 06 2026 12:16:41 GMT+0100 (GMT+01:00),,681,https://images.unsplash.com/photo-1527443224154-c4a3942d3acf?q=80&w=800&auto=format&fit=crop
prod_01KZBCMACZ48B1C8KCFTQSC9Y8,tech-1786015000980-23-3167,Logitech Headphones Air Gen-2,,published,,"Premium headphones engineered by Logitech. Features the latest technology, sleek design, and unparalleled performance. Perfect for professionals and enthusiasts alike.",false,true,https://images.unsplash.com/photo-1527443224154-c4a3942d3acf?q=80&w=800&auto=format&fit=crop,,,,,,,,,,,Thu Aug 06 2026 12:16:41 GMT+0100 (GMT+01:00),Thu Aug 06 2026 12:16:41 GMT+0100 (GMT+01:00),,https://images.unsplash.com/photo-1527443224154-c4a3942d3acf?q=80&w=800&auto=format&fit=crop,sc_01KZ673CEPGC3SNN79A1AGTBKE,variant_01KZBCMAKWDG2F1GMNR7S04NWQ,Matte Black,SKU-1786015000980-23-3167,,,,false,false,,,,,,,,,,0,,prod_01KZBCMACZ48B1C8KCFTQSC9Y8,Thu Aug 06 2026 12:16:41 GMT+0100 (GMT+01:00),Thu Aug 06 2026 12:16:41 GMT+0100 (GMT+01:00),,1429,https://images.unsplash.com/photo-1527443224154-c4a3942d3acf?q=80&w=800&auto=format&fit=crop
prod_01KZBCMACZ66HM8CKWEYTN09B5,tech-1786015000980-19-8798,Sony Monitor Advanced Gen-3,,published,,"Premium monitor engineered by Sony. Features the latest technology, sleek design, and unparalleled performance. Perfect for professionals and enthusiasts alike.",false,true,https://images.unsplash.com/photo-1527443224154-c4a3942d3acf?q=80&w=800&auto=format&fit=crop,,,,,,,,,,,Thu Aug 06 2026 12:16:41 GMT+0100 (GMT+01:00),Thu Aug 06 2026 12:16:41 GMT+0100 (GMT+01:00),,https://images.unsplash.com/photo-1527443224154-c4a3942d3acf?q=80&w=800&auto=format&fit=crop,sc_01KZ673CEPGC3SNN79A1AGTBKE,variant_01KZBCMAKVFAW989GVP3DBF50N,Matte Black,SKU-1786015000980-19-8798,,,,false,false,,,,,,,,,,0,,prod_01KZBCMACZ66HM8CKWEYTN09B5,Thu Aug 06 2026 12:16:41 GMT+0100 (GMT+01:00),Thu Aug 06 2026 12:16:41 GMT+0100 (GMT+01:00),,661,https://images.unsplash.com/photo-1527443224154-c4a3942d3acf?q=80&w=800&auto=format&fit=crop
prod_01KZBCMACZ7VBQY1B20ECTPW35,tech-1786015000980-18-5790,Dell Camera Advanced Gen-6,,published,,"Premium camera engineered by Dell. Features the latest technology, sleek design, and unparalleled performance. Perfect for professionals and enthusiasts alike.",false,true,https://images.unsplash.com/photo-1505740420928-5e560c06d30e?q=80&w=800&auto=format&fit=crop,,,,,,,,,,,Thu Aug 06 2026 12:16:41 GMT+0100 (GMT+01:00),Thu Aug 06 2026 12:16:41 GMT+0100 (GMT+01:00),,https://images.unsplash.com/photo-1505740420928-5e560c06d30e?q=80&w=800&auto=format&fit=crop,sc_01KZ673CEPGC3SNN79A1AGTBKE,variant_01KZBCMAKVSAKWGN60XYQY84T8,Matte Black,SKU-1786015000980-18-5790,,,,false,false,,,,,,,,,,0,,prod_01KZBCMACZ7VBQY1B20ECTPW35,Thu Aug 06 2026 12:16:41 GMT+0100 (GMT+01:00),Thu Aug 06 2026 12:16:41 GMT+0100 (GMT+01:00),,335,https://images.unsplash.com/photo-1505740420928-5e560c06d30e?q=80&w=800&auto=format&fit=crop
prod_01KZBCMACZ8PHZN2E5J241ZEQC,tech-1786015000980-14-7708,Sony Mouse Essential Gen-1,,published,,"Premium mouse engineered by Sony. Features the latest technology, sleek design, and unparalleled performance. Perfect for professionals and enthusiasts alike.",false,true,https://images.unsplash.com/photo-1505156868547-9b49f4df4e04?q=80&w=800&auto=format&fit=crop,,,,,,,,,,,Thu Aug 06 2026 12:16:41 GMT+0100 (GMT+01:00),Thu Aug 06 2026 12:16:41 GMT+0100 (GMT+01:00),,https://images.unsplash.com/photo-1505156868547-9b49f4df4e04?q=80&w=800&auto=format&fit=crop,sc_01KZ673CEPGC3SNN79A1AGTBKE,variant_01KZBCMAKV8TR8NB9MD2397J3F,Matte Black,SKU-1786015000980-14-7708,,,,false,false,,,,,,,,,,0,,prod_01KZBCMACZ8PHZN2E5J241ZEQC,Thu Aug 06 2026 12:16:41 GMT+0100 (GMT+01:00),Thu Aug 06 2026 12:16:41 GMT+0100 (GMT+01:00),,592,https://images.unsplash.com/photo-1505156868547-9b49f4df4e04?q=80&w=800&auto=format&fit=crop
prod_01KZBCMACZACY6KG32PZWQTX2E,tech-1786015000980-16-4952,Logitech Smartphone Essential Gen-4,,published,,"Premium smartphone engineered by Logitech. Features the latest technology, sleek design, and unparalleled performance. Perfect for professionals and enthusiasts alike.",false,true,https://images.unsplash.com/photo-1527814050087-379381547969?q=80&w=800&auto=format&fit=crop,,,,,,,,,,,Thu Aug 06 2026 12:16:41 GMT+0100 (GMT+01:00),Thu Aug 06 2026 12:16:41 GMT+0100 (GMT+01:00),,https://images.unsplash.com/photo-1527814050087-379381547969?q=80&w=800&auto=format&fit=crop,sc_01KZ673CEPGC3SNN79A1AGTBKE,variant_01KZBCMAKVTHDGMHTPSBN5QX13,Matte Black,SKU-1786015000980-16-4952,,,,false,false,,,,,,,,,,0,,prod_01KZBCMACZACY6KG32PZWQTX2E,Thu Aug 06 2026 12:16:41 GMT+0100 (GMT+01:00),Thu Aug 06 2026 12:16:41 GMT+0100 (GMT+01:00),,1253,https://images.unsplash.com/photo-1527814050087-379381547969?q=80&w=800&auto=format&fit=crop
prod_01KZBCMACZCDSQ9S5CJP9MCDSP,tech-1786015000980-21-3386,Samsung Smartphone Plus Gen-6,,published,,"Premium smartphone engineered by Samsung. Features the latest technology, sleek design, and unparalleled performance. Perfect for professionals and enthusiasts alike.",false,true,https://images.unsplash.com/photo-1505740420928-5e560c06d30e?q=80&w=800&auto=format&fit=crop,,,,,,,,,,,Thu Aug 06 2026 12:16:41 GMT+0100 (GMT+01:00),Thu Aug 06 2026 12:16:41 GMT+0100 (GMT+01:00),,https://images.unsplash.com/photo-1505740420928-5e560c06d30e?q=80&w=800&auto=format&fit=crop,sc_01KZ673CEPGC3SNN79A1AGTBKE,variant_01KZBCMAKWBCNVS6DHEY95FJ5M,Matte Black,SKU-1786015000980-21-3386,,,,false,false,,,,,,,,,,0,,prod_01KZBCMACZCDSQ9S5CJP9MCDSP,Thu Aug 06 2026 12:16:41 GMT+0100 (GMT+01:00),Thu Aug 06 2026 12:16:41 GMT+0100 (GMT+01:00),,967,https://images.unsplash.com/photo-1505740420928-5e560c06d30e?q=80&w=800&auto=format&fit=crop
prod_01KZBCMACZE8J1M1YDCW2SVE6K,tech-1786015000980-6-2557,Bose Speaker Pro Gen-3,,published,,"Premium speaker engineered by Bose. Features the latest technology, sleek design, and unparalleled performance. Perfect for professionals and enthusiasts alike.",false,true,https://images.unsplash.com/photo-1527443224154-c4a3942d3acf?q=80&w=800&auto=format&fit=crop,,,,,,,,,,,Thu Aug 06 2026 12:16:41 GMT+0100 (GMT+01:00),Thu Aug 06 2026 12:16:41 GMT+0100 (GMT+01:00),,https://images.unsplash.com/photo-1527443224154-c4a3942d3acf?q=80&w=800&auto=format&fit=crop,sc_01KZ673CEPGC3SNN79A1AGTBKE,variant_01KZBCMAKVR38BVXFGMTS5FF5S,Matte Black,SKU-1786015000980-6-2557,,,,false,false,,,,,,,,,,0,,prod_01KZBCMACZE8J1M1YDCW2SVE6K,Thu Aug 06 2026 12:16:41 GMT+0100 (GMT+01:00),Thu Aug 06 2026 12:16:41 GMT+0100 (GMT+01:00),,763,https://images.unsplash.com/photo-1527443224154-c4a3942d3acf?q=80&w=800&auto=format&fit=crop
prod_01KZBCMACZED1339MZR4PA8E3T,tech-1786015000980-15-4581,Razer Tablet Max Gen-3,,published,,"Premium tablet engineered by Razer. Features the latest technology, sleek design, and unparalleled performance. Perfect for professionals and enthusiasts alike.",false,true,https://images.unsplash.com/photo-1505740420928-5e560c06d30e?q=80&w=800&auto=format&fit=crop,,,,,,,,,,,Thu Aug 06 2026 12:16:41 GMT+0100 (GMT+01:00),Thu Aug 06 2026 12:16:41 GMT+0100 (GMT+01:00),,https://images.unsplash.com/photo-1505740420928-5e560c06d30e?q=80&w=800&auto=format&fit=crop,sc_01KZ673CEPGC3SNN79A1AGTBKE,variant_01KZBCMAKVF64AH8NV2KNEKXHM,Matte Black,SKU-1786015000980-15-4581,,,,false,false,,,,,,,,,,0,,prod_01KZBCMACZED1339MZR4PA8E3T,Thu Aug 06 2026 12:16:41 GMT+0100 (GMT+01:00),Thu Aug 06 2026 12:16:41 GMT+0100 (GMT+01:00),,916,https://images.unsplash.com/photo-1505740420928-5e560c06d30e?q=80&w=800&auto=format&fit=crop
prod_01KZBCMACZEJK2X9PE3EKQ05AG,tech-1786015000980-33-3476,Bose Smartwatch Pro Gen-3,,published,,"Premium smartwatch engineered by Bose. Features the latest technology, sleek design, and unparalleled performance. Perfect for professionals and enthusiasts alike.",false,true,https://images.unsplash.com/photo-1527443224154-c4a3942d3acf?q=80&w=800&auto=format&fit=crop,,,,,,,,,,,Thu Aug 06 2026 12:16:41 GMT+0100 (GMT+01:00),Thu Aug 06 2026 12:16:41 GMT+0100 (GMT+01:00),,https://images.unsplash.com/photo-1527443224154-c4a3942d3acf?q=80&w=800&auto=format&fit=crop,sc_01KZ673CEPGC3SNN79A1AGTBKE,variant_01KZBCMAKWNXM57JR5N391NXTS,Matte Black,SKU-1786015000980-33-3476,,,,false,false,,,,,,,,,,0,,prod_01KZBCMACZEJK2X9PE3EKQ05AG,Thu Aug 06 2026 12:16:41 GMT+0100 (GMT+01:00),Thu Aug 06 2026 12:16:41 GMT+0100 (GMT+01:00),,925,https://images.unsplash.com/photo-1527443224154-c4a3942d3acf?q=80&w=800&auto=format&fit=crop
prod_01KZBCMACZHFCWXEASWKW1PW6M,tech-1786015000980-30-6616,Asus Tablet Max Gen-4,,published,,"Premium tablet engineered by Asus. Features the latest technology, sleek design, and unparalleled performance. Perfect for professionals and enthusiasts alike.",false,true,https://images.unsplash.com/photo-1496181133206-80ce9b88a853?q=80&w=800&auto=format&fit=crop,,,,,,,,,,,Thu Aug 06 2026 12:16:41 GMT+0100 (GMT+01:00),Thu Aug 06 2026 12:16:41 GMT+0100 (GMT+01:00),,https://images.unsplash.com/photo-1496181133206-80ce9b88a853?q=80&w=800&auto=format&fit=crop,sc_01KZ673CEPGC3SNN79A1AGTBKE,variant_01KZBCMAKW9KJT7ZACJNYQ2J4V,Matte Black,SKU-1786015000980-30-6616,,,,false,false,,,,,,,,,,0,,prod_01KZBCMACZHFCWXEASWKW1PW6M,Thu Aug 06 2026 12:16:41 GMT+0100 (GMT+01:00),Thu Aug 06 2026 12:16:41 GMT+0100 (GMT+01:00),,381,https://images.unsplash.com/photo-1496181133206-80ce9b88a853?q=80&w=800&auto=format&fit=crop
prod_01KZBCMACZJ29J54Z9ENWN199H,tech-1786015000980-8-4391,Samsung Camera Elite Gen-3,,published,,"Premium camera engineered by Samsung. Features the latest technology, sleek design, and unparalleled performance. Perfect for professionals and enthusiasts alike.",false,true,https://images.unsplash.com/photo-1505740420928-5e560c06d30e?q=80&w=800&auto=format&fit=crop,,,,,,,,,,,Thu Aug 06 2026 12:16:41 GMT+0100 (GMT+01:00),Thu Aug 06 2026 12:16:41 GMT+0100 (GMT+01:00),,https://images.unsplash.com/photo-1505740420928-5e560c06d30e?q=80&w=800&auto=format&fit=crop,sc_01KZ673CEPGC3SNN79A1AGTBKE,variant_01KZBCMAKVTZNJCXNKYP945DTD,Matte Black,SKU-1786015000980-8-4391,,,,false,false,,,,,,,,,,0,,prod_01KZBCMACZJ29J54Z9ENWN199H,Thu Aug 06 2026 12:16:41 GMT+0100 (GMT+01:00),Thu Aug 06 2026 12:16:41 GMT+0100 (GMT+01:00),,1491,https://images.unsplash.com/photo-1505740420928-5e560c06d30e?q=80&w=800&auto=format&fit=crop
prod_01KZBCMACZJDVGZA6AT4BXHVJC,tech-1786015000980-10-5804,Samsung Camera Ultra Gen-6,,published,,"Premium camera engineered by Samsung. Features the latest technology, sleek design, and unparalleled performance. Perfect for professionals and enthusiasts alike.",false,true,https://images.unsplash.com/photo-1527814050087-379381547969?q=80&w=800&auto=format&fit=crop,,,,,,,,,,,Thu Aug 06 2026 12:16:41 GMT+0100 (GMT+01:00),Thu Aug 06 2026 12:16:41 GMT+0100 (GMT+01:00),,https://images.unsplash.com/photo-1527814050087-379381547969?q=80&w=800&auto=format&fit=crop,sc_01KZ673CEPGC3SNN79A1AGTBKE,variant_01KZBCMAKVAE608JWEQKJ3ZYPV,Matte Black,SKU-1786015000980-10-5804,,,,false,false,,,,,,,,,,0,,prod_01KZBCMACZJDVGZA6AT4BXHVJC,Thu Aug 06 2026 12:16:41 GMT+0100 (GMT+01:00),Thu Aug 06 2026 12:16:41 GMT+0100 (GMT+01:00),,270,https://images.unsplash.com/photo-1527814050087-379381547969?q=80&w=800&auto=format&fit=crop
prod_01KZBCMACZKJH1E6YMFS7PSPDY,tech-1786015000980-24-7092,Samsung Laptop Essential Gen-8,,published,,"Premium laptop engineered by Samsung. Features the latest technology, sleek design, and unparalleled performance. Perfect for professionals and enthusiasts alike.",false,true,https://images.unsplash.com/photo-1505740420928-5e560c06d30e?q=80&w=800&auto=format&fit=crop,,,,,,,,,,,Thu Aug 06 2026 12:16:41 GMT+0100 (GMT+01:00),Thu Aug 06 2026 12:16:41 GMT+0100 (GMT+01:00),,https://images.unsplash.com/photo-1505740420928-5e560c06d30e?q=80&w=800&auto=format&fit=crop,sc_01KZ673CEPGC3SNN79A1AGTBKE,variant_01KZBCMAKWQJR4D51BQTMHDYAS,Matte Black,SKU-1786015000980-24-7092,,,,false,false,,,,,,,,,,0,,prod_01KZBCMACZKJH1E6YMFS7PSPDY,Thu Aug 06 2026 12:16:41 GMT+0100 (GMT+01:00),Thu Aug 06 2026 12:16:41 GMT+0100 (GMT+01:00),,59,https://images.unsplash.com/photo-1505740420928-5e560c06d30e?q=80&w=800&auto=format&fit=crop
prod_01KZBCMACZKVJ1KM32HPYX9RMK,tech-1786015000980-22-2893,Sony Laptop Pro Gen-5,,published,,"Premium laptop engineered by Sony. Features the latest technology, sleek design, and unparalleled performance. Perfect for professionals and enthusiasts alike.",false,true,https://images.unsplash.com/photo-1527814050087-379381547969?q=80&w=800&auto=format&fit=crop,,,,,,,,,,,Thu Aug 06 2026 12:16:41 GMT+0100 (GMT+01:00),Thu Aug 06 2026 12:16:41 GMT+0100 (GMT+01:00),,https://images.unsplash.com/photo-1527814050087-379381547969?q=80&w=800&auto=format&fit=crop,sc_01KZ673CEPGC3SNN79A1AGTBKE,variant_01KZBCMAKWGFVDEHVR9EDRBCWT,Matte Black,SKU-1786015000980-22-2893,,,,false,false,,,,,,,,,,0,,prod_01KZBCMACZKVJ1KM32HPYX9RMK,Thu Aug 06 2026 12:16:41 GMT+0100 (GMT+01:00),Thu Aug 06 2026 12:16:41 GMT+0100 (GMT+01:00),,1491,https://images.unsplash.com/photo-1527814050087-379381547969?q=80&w=800&auto=format&fit=crop
prod_01KZBCMACZM7BM569H7K24VR0B,tech-1786015000980-17-2283,Dell Keyboard Pro Gen-9,,published,,"Premium keyboard engineered by Dell. Features the latest technology, sleek design, and unparalleled performance. Perfect for professionals and enthusiasts alike.",false,true,https://images.unsplash.com/photo-1505740420928-5e560c06d30e?q=80&w=800&auto=format&fit=crop,,,,,,,,,,,Thu Aug 06 2026 12:16:41 GMT+0100 (GMT+01:00),Thu Aug 06 2026 12:16:41 GMT+0100 (GMT+01:00),,https://images.unsplash.com/photo-1505740420928-5e560c06d30e?q=80&w=800&auto=format&fit=crop,sc_01KZ673CEPGC3SNN79A1AGTBKE,variant_01KZBCMAKVY09PJ3B1CKSDZWZ9,Matte Black,SKU-1786015000980-17-2283,,,,false,false,,,,,,,,,,0,,prod_01KZBCMACZM7BM569H7K24VR0B,Thu Aug 06 2026 12:16:41 GMT+0100 (GMT+01:00),Thu Aug 06 2026 12:16:41 GMT+0100 (GMT+01:00),,799,https://images.unsplash.com/photo-1505740420928-5e560c06d30e?q=80&w=800&auto=format&fit=crop
prod_01KZBCMACZMG7684A9MYD2H72A,tech-1786015000980-7-7209,Razer Tablet Air Gen-4,,published,,"Premium tablet engineered by Razer. Features the latest technology, sleek design, and unparalleled performance. Perfect for professionals and enthusiasts alike.",false,true,https://images.unsplash.com/photo-1527443224154-c4a3942d3acf?q=80&w=800&auto=format&fit=crop,,,,,,,,,,,Thu Aug 06 2026 12:16:41 GMT+0100 (GMT+01:00),Thu Aug 06 2026 12:16:41 GMT+0100 (GMT+01:00),,https://images.unsplash.com/photo-1527443224154-c4a3942d3acf?q=80&w=800&auto=format&fit=crop,sc_01KZ673CEPGC3SNN79A1AGTBKE,variant_01KZBCMAKV2RY6Q7SFP3KDDKQF,Matte Black,SKU-1786015000980-7-7209,,,,false,false,,,,,,,,,,0,,prod_01KZBCMACZMG7684A9MYD2H72A,Thu Aug 06 2026 12:16:41 GMT+0100 (GMT+01:00),Thu Aug 06 2026 12:16:41 GMT+0100 (GMT+01:00),,281,https://images.unsplash.com/photo-1527443224154-c4a3942d3acf?q=80&w=800&auto=format&fit=crop
prod_01KZBCMACZMPZQRXZGZAG3J1RN,tech-1786015000980-29-7144,Apple Smartwatch Pro Gen-9,,published,,"Premium smartwatch engineered by Apple. Features the latest technology, sleek design, and unparalleled performance. Perfect for professionals and enthusiasts alike.",false,true,https://images.unsplash.com/photo-1546868871-7041f2a55e12?q=80&w=800&auto=format&fit=crop,,,,,,,,,,,Thu Aug 06 2026 12:16:41 GMT+0100 (GMT+01:00),Thu Aug 06 2026 12:16:41 GMT+0100 (GMT+01:00),,https://images.unsplash.com/photo-1546868871-7041f2a55e12?q=80&w=800&auto=format&fit=crop,sc_01KZ673CEPGC3SNN79A1AGTBKE,variant_01KZBCMAKW3B23K1K12XEN7ZGH,Matte Black,SKU-1786015000980-29-7144,,,,false,false,,,,,,,,,,0,,prod_01KZBCMACZMPZQRXZGZAG3J1RN,Thu Aug 06 2026 12:16:41 GMT+0100 (GMT+01:00),Thu Aug 06 2026 12:16:41 GMT+0100 (GMT+01:00),,642,https://images.unsplash.com/photo-1546868871-7041f2a55e12?q=80&w=800&auto=format&fit=crop
prod_01KZBCMACZP7DSR5PV8FP248QA,tech-1786015000980-9-7796,Samsung Camera Pro Gen-8,,published,,"Premium camera engineered by Samsung. Features the latest technology, sleek design, and unparalleled performance. Perfect for professionals and enthusiasts alike.",false,true,https://images.unsplash.com/photo-1527443224154-c4a3942d3acf?q=80&w=800&auto=format&fit=crop,,,,,,,,,,,Thu Aug 06 2026 12:16:41 GMT+0100 (GMT+01:00),Thu Aug 06 2026 12:16:41 GMT+0100 (GMT+01:00),,https://images.unsplash.com/photo-1527443224154-c4a3942d3acf?q=80&w=800&auto=format&fit=crop,sc_01KZ673CEPGC3SNN79A1AGTBKE,variant_01KZBCMAKVQDT1BF29H8S9ES1R,Matte Black,SKU-1786015000980-9-7796,,,,false,false,,,,,,,,,,0,,prod_01KZBCMACZP7DSR5PV8FP248QA,Thu Aug 06 2026 12:16:41 GMT+0100 (GMT+01:00),Thu Aug 06 2026 12:16:41 GMT+0100 (GMT+01:00),,338,https://images.unsplash.com/photo-1527443224154-c4a3942d3acf?q=80&w=800&auto=format&fit=crop
prod_01KZBCMACZPEV3ZTSHCHZ5AYFH,tech-1786015000980-13-5699,Dell Smartphone Plus Gen-2,,published,,"Premium smartphone engineered by Dell. Features the latest technology, sleek design, and unparalleled performance. Perfect for professionals and enthusiasts alike.",false,true,https://images.unsplash.com/photo-1505740420928-5e560c06d30e?q=80&w=800&auto=format&fit=crop,,,,,,,,,,,Thu Aug 06 2026 12:16:41 GMT+0100 (GMT+01:00),Thu Aug 06 2026 12:16:41 GMT+0100 (GMT+01:00),,https://images.unsplash.com/photo-1505740420928-5e560c06d30e?q=80&w=800&auto=format&fit=crop,sc_01KZ673CEPGC3SNN79A1AGTBKE,variant_01KZBCMAKVQB9GBMTPYNTAX9XH,Matte Black,SKU-1786015000980-13-5699,,,,false,false,,,,,,,,,,0,,prod_01KZBCMACZPEV3ZTSHCHZ5AYFH,Thu Aug 06 2026 12:16:41 GMT+0100 (GMT+01:00),Thu Aug 06 2026 12:16:41 GMT+0100 (GMT+01:00),,357,https://images.unsplash.com/photo-1505740420928-5e560c06d30e?q=80&w=800&auto=format&fit=crop
prod_01KZBCMACZQ3CS6G29RP9W3K4S,tech-1786015000980-11-5147,Logitech Keyboard Lite Gen-3,,published,,"Premium keyboard engineered by Logitech. Features the latest technology, sleek design, and unparalleled performance. Perfect for professionals and enthusiasts alike.",false,true,https://images.unsplash.com/photo-1546868871-7041f2a55e12?q=80&w=800&auto=format&fit=crop,,,,,,,,,,,Thu Aug 06 2026 12:16:41 GMT+0100 (GMT+01:00),Thu Aug 06 2026 12:16:41 GMT+0100 (GMT+01:00),,https://images.unsplash.com/photo-1546868871-7041f2a55e12?q=80&w=800&auto=format&fit=crop,sc_01KZ673CEPGC3SNN79A1AGTBKE,variant_01KZBCMAKVD7HT3FNA5B2A0FEK,Matte Black,SKU-1786015000980-11-5147,,,,false,false,,,,,,,,,,0,,prod_01KZBCMACZQ3CS6G29RP9W3K4S,Thu Aug 06 2026 12:16:41 GMT+0100 (GMT+01:00),Thu Aug 06 2026 12:16:41 GMT+0100 (GMT+01:00),,262,https://images.unsplash.com/photo-1546868871-7041f2a55e12?q=80&w=800&auto=format&fit=crop
prod_01KZBCMACZQ58P0PAVJ9P7F5VY,tech-1786015000980-26-5274,Razer Smartwatch Elite Gen-8,,published,,"Premium smartwatch engineered by Razer. Features the latest technology, sleek design, and unparalleled performance. Perfect for professionals and enthusiasts alike.",false,true,https://images.unsplash.com/photo-1505740420928-5e560c06d30e?q=80&w=800&auto=format&fit=crop,,,,,,,,,,,Thu Aug 06 2026 12:16:41 GMT+0100 (GMT+01:00),Thu Aug 06 2026 12:16:41 GMT+0100 (GMT+01:00),,https://images.unsplash.com/photo-1505740420928-5e560c06d30e?q=80&w=800&auto=format&fit=crop,sc_01KZ673CEPGC3SNN79A1AGTBKE,variant_01KZBCMAKWWX72GJAV2ECXKV0Z,Matte Black,SKU-1786015000980-26-5274,,,,false,false,,,,,,,,,,0,,prod_01KZBCMACZQ58P0PAVJ9P7F5VY,Thu Aug 06 2026 12:16:41 GMT+0100 (GMT+01:00),Thu Aug 06 2026 12:16:41 GMT+0100 (GMT+01:00),,1443,https://images.unsplash.com/photo-1505740420928-5e560c06d30e?q=80&w=800&auto=format&fit=crop
prod_01KZBCMACZQGSTD4M8B1PS7BWC,tech-1786015000980-31-648,Asus Speaker Essential Gen-10,,published,,"Premium speaker engineered by Asus. Features the latest technology, sleek design, and unparalleled performance. Perfect for professionals and enthusiasts alike.",false,true,https://images.unsplash.com/photo-1527814050087-379381547969?q=80&w=800&auto=format&fit=crop,,,,,,,,,,,Thu Aug 06 2026 12:16:41 GMT+0100 (GMT+01:00),Thu Aug 06 2026 12:16:41 GMT+0100 (GMT+01:00),,https://images.unsplash.com/photo-1527814050087-379381547969?q=80&w=800&auto=format&fit=crop,sc_01KZ673CEPGC3SNN79A1AGTBKE,variant_01KZBCMAKW3EDZN19Z529T1FYQ,Matte Black,SKU-1786015000980-31-648,,,,false,false,,,,,,,,,,0,,prod_01KZBCMACZQGSTD4M8B1PS7BWC,Thu Aug 06 2026 12:16:41 GMT+0100 (GMT+01:00),Thu Aug 06 2026 12:16:41 GMT+0100 (GMT+01:00),,793,https://images.unsplash.com/photo-1527814050087-379381547969?q=80&w=800&auto=format&fit=crop
prod_01KZBCMACZQS0NK1NYTSJR0TR0,tech-1786015000980-27-5047,Logitech Camera Essential Gen-10,,published,,"Premium camera engineered by Logitech. Features the latest technology, sleek design, and unparalleled performance. Perfect for professionals and enthusiasts alike.",false,true,https://images.unsplash.com/photo-1527814050087-379381547969?q=80&w=800&auto=format&fit=crop,,,,,,,,,,,Thu Aug 06 2026 12:16:41 GMT+0100 (GMT+01:00),Thu Aug 06 2026 12:16:41 GMT+0100 (GMT+01:00),,https://images.unsplash.com/photo-1527814050087-379381547969?q=80&w=800&auto=format&fit=crop,sc_01KZ673CEPGC3SNN79A1AGTBKE,variant_01KZBCMAKWJCAS69BNARPQX8CG,Matte Black,SKU-1786015000980-27-5047,,,,false,false,,,,,,,,,,0,,prod_01KZBCMACZQS0NK1NYTSJR0TR0,Thu Aug 06 2026 12:16:41 GMT+0100 (GMT+01:00),Thu Aug 06 2026 12:16:41 GMT+0100 (GMT+01:00),,65,https://images.unsplash.com/photo-1527814050087-379381547969?q=80&w=800&auto=format&fit=crop
prod_01KZBCMACZR29DT4XDED9TK5R0,tech-1786015000980-5-5210,Apple Smartwatch Pro Gen-5,,published,,"Premium smartwatch engineered by Apple. Features the latest technology, sleek design, and unparalleled performance. Perfect for professionals and enthusiasts alike.",false,true,https://images.unsplash.com/photo-1527814050087-379381547969?q=80&w=800&auto=format&fit=crop,,,,,,,,,,,Thu Aug 06 2026 12:16:41 GMT+0100 (GMT+01:00),Thu Aug 06 2026 12:16:41 GMT+0100 (GMT+01:00),,https://images.unsplash.com/photo-1527814050087-379381547969?q=80&w=800&auto=format&fit=crop,sc_01KZ673CEPGC3SNN79A1AGTBKE,variant_01KZBCMAKVZQDXNTSQW56Q61AA,Matte Black,SKU-1786015000980-5-5210,,,,false,false,,,,,,,,,,0,,prod_01KZBCMACZR29DT4XDED9TK5R0,Thu Aug 06 2026 12:16:41 GMT+0100 (GMT+01:00),Thu Aug 06 2026 12:16:41 GMT+0100 (GMT+01:00),,1077,https://images.unsplash.com/photo-1527814050087-379381547969?q=80&w=800&auto=format&fit=crop
prod_01KZBCMACZS7XXQ4YXKW4X5QS0,tech-1786015000979-1-5607,Logitech Headphones Lite Gen-3,,published,,"Premium headphones engineered by Logitech. Features the latest technology, sleek design, and unparalleled performance. Perfect for professionals and enthusiasts alike.",false,true,https://images.unsplash.com/photo-1505740420928-5e560c06d30e?q=80&w=800&auto=format&fit=crop,,,,,,,,,,,Thu Aug 06 2026 12:16:41 GMT+0100 (GMT+01:00),Thu Aug 06 2026 12:16:41 GMT+0100 (GMT+01:00),,https://images.unsplash.com/photo-1505740420928-5e560c06d30e?q=80&w=800&auto=format&fit=crop,sc_01KZ673CEPGC3SNN79A1AGTBKE,variant_01KZBCMAKVW0QHGZMJGC7SN4NK,Matte Black,SKU-1786015000979-1-5607,,,,false,false,,,,,,,,,,0,,prod_01KZBCMACZS7XXQ4YXKW4X5QS0,Thu Aug 06 2026 12:16:41 GMT+0100 (GMT+01:00),Thu Aug 06 2026 12:16:41 GMT+0100 (GMT+01:00),,1080,https://images.unsplash.com/photo-1505740420928-5e560c06d30e?q=80&w=800&auto=format&fit=crop
prod_01KZBCMACZSW2SBVDGEJND0TGS,tech-1786015000980-32-2060,HP Monitor Plus Gen-10,,published,,"Premium monitor engineered by HP. Features the latest technology, sleek design, and unparalleled performance. Perfect for professionals and enthusiasts alike.",false,true,https://images.unsplash.com/photo-1546868871-7041f2a55e12?q=80&w=800&auto=format&fit=crop,,,,,,,,,,,Thu Aug 06 2026 12:16:41 GMT+0100 (GMT+01:00),Thu Aug 06 2026 12:16:41 GMT+0100 (GMT+01:00),,https://images.unsplash.com/photo-1546868871-7041f2a55e12?q=80&w=800&auto=format&fit=crop,sc_01KZ673CEPGC3SNN79A1AGTBKE,variant_01KZBCMAKWFM776Y0T5V99AV51,Matte Black,SKU-1786015000980-32-2060,,,,false,false,,,,,,,,,,0,,prod_01KZBCMACZSW2SBVDGEJND0TGS,Thu Aug 06 2026 12:16:41 GMT+0100 (GMT+01:00),Thu Aug 06 2026 12:16:41 GMT+0100 (GMT+01:00),,957,https://images.unsplash.com/photo-1546868871-7041f2a55e12?q=80&w=800&auto=format&fit=crop
prod_01KZBCMACZVRBR1DT9GPVK6DNS,tech-1786015000980-12-9490,Asus Smartwatch Pro Gen-5,,published,,"Premium smartwatch engineered by Asus. Features the latest technology, sleek design, and unparalleled performance. Perfect for professionals and enthusiasts alike.",false,true,https://images.unsplash.com/photo-1505740420928-5e560c06d30e?q=80&w=800&auto=format&fit=crop,,,,,,,,,,,Thu Aug 06 2026 12:16:41 GMT+0100 (GMT+01:00),Thu Aug 06 2026 12:16:41 GMT+0100 (GMT+01:00),,https://images.unsplash.com/photo-1505740420928-5e560c06d30e?q=80&w=800&auto=format&fit=crop,sc_01KZ673CEPGC3SNN79A1AGTBKE,variant_01KZBCMAKV8GR9ZGAB9Y2HCWM1,Matte Black,SKU-1786015000980-12-9490,,,,false,false,,,,,,,,,,0,,prod_01KZBCMACZVRBR1DT9GPVK6DNS,Thu Aug 06 2026 12:16:41 GMT+0100 (GMT+01:00),Thu Aug 06 2026 12:16:41 GMT+0100 (GMT+01:00),,1208,https://images.unsplash.com/photo-1505740420928-5e560c06d30e?q=80&w=800&auto=format&fit=crop
prod_01KZBCMACZWKC5S8XS9C58H41K,tech-1786015000980-3-8111,Asus Monitor Plus Gen-10,,published,,"Premium monitor engineered by Asus. Features the latest technology, sleek design, and unparalleled performance. Perfect for professionals and enthusiasts alike.",false,true,https://images.unsplash.com/photo-1527443224154-c4a3942d3acf?q=80&w=800&auto=format&fit=crop,,,,,,,,,,,Thu Aug 06 2026 12:16:41 GMT+0100 (GMT+01:00),Thu Aug 06 2026 12:16:41 GMT+0100 (GMT+01:00),,https://images.unsplash.com/photo-1527443224154-c4a3942d3acf?q=80&w=800&auto=format&fit=crop,sc_01KZ673CEPGC3SNN79A1AGTBKE,variant_01KZBCMAKVY3CBA01401WS59NZ,Matte Black,SKU-1786015000980-3-8111,,,,false,false,,,,,,,,,,0,,prod_01KZBCMACZWKC5S8XS9C58H41K,Thu Aug 06 2026 12:16:41 GMT+0100 (GMT+01:00),Thu Aug 06 2026 12:16:41 GMT+0100 (GMT+01:00),,450,https://images.unsplash.com/photo-1527443224154-c4a3942d3acf?q=80&w=800&auto=format&fit=crop
prod_01KZBCMACZXT6D1MBNF49ADFBD,tech-1786015000980-25-4283,Sony Smartphone Ultra Gen-7,,published,,"Premium smartphone engineered by Sony. Features the latest technology, sleek design, and unparalleled performance. Perfect for professionals and enthusiasts alike.",false,true,https://images.unsplash.com/photo-1527443224154-c4a3942d3acf?q=80&w=800&auto=format&fit=crop,,,,,,,,,,,Thu Aug 06 2026 12:16:41 GMT+0100 (GMT+01:00),Thu Aug 06 2026 12:16:41 GMT+0100 (GMT+01:00),,https://images.unsplash.com/photo-1527443224154-c4a3942d3acf?q=80&w=800&auto=format&fit=crop,sc_01KZ673CEPGC3SNN79A1AGTBKE,variant_01KZBCMAKWK85XB3DQQ4P3GR0M,Matte Black,SKU-1786015000980-25-4283,,,,false,false,,,,,,,,,,0,,prod_01KZBCMACZXT6D1MBNF49ADFBD,Thu Aug 06 2026 12:16:41 GMT+0100 (GMT+01:00),Thu Aug 06 2026 12:16:41 GMT+0100 (GMT+01:00),,1546,https://images.unsplash.com/photo-1527443224154-c4a3942d3acf?q=80&w=800&auto=format&fit=crop
prod_01KZBCMACZYPB7H04ED0NFNDAK,tech-1786015000980-28-1059,Sony Keyboard Essential Gen-6,,published,,"Premium keyboard engineered by Sony. Features the latest technology, sleek design, and unparalleled performance. Perfect for professionals and enthusiasts alike.",false,true,https://images.unsplash.com/photo-1505156868547-9b49f4df4e04?q=80&w=800&auto=format&fit=crop,,,,,,,,,,,Thu Aug 06 2026 12:16:41 GMT+0100 (GMT+01:00),Thu Aug 06 2026 12:16:41 GMT+0100 (GMT+01:00),,https://images.unsplash.com/photo-1505156868547-9b49f4df4e04?q=80&w=800&auto=format&fit=crop,sc_01KZ673CEPGC3SNN79A1AGTBKE,variant_01KZBCMAKWPBXQBJGTSCPHBWVW,Matte Black,SKU-1786015000980-28-1059,,,,false,false,,,,,,,,,,0,,prod_01KZBCMACZYPB7H04ED0NFNDAK,Thu Aug 06 2026 12:16:41 GMT+0100 (GMT+01:00),Thu Aug 06 2026 12:16:41 GMT+0100 (GMT+01:00),,653,https://images.unsplash.com/photo-1505156868547-9b49f4df4e04?q=80&w=800&auto=format&fit=crop
prod_01KZBCMACZYWCB1DSCP8GN3C35,tech-1786015000980-2-3402,Sony Keyboard Lite Gen-5,,published,,"Premium keyboard engineered by Sony. Features the latest technology, sleek design, and unparalleled performance. Perfect for professionals and enthusiasts alike.",false,true,https://images.unsplash.com/photo-1505156868547-9b49f4df4e04?q=80&w=800&auto=format&fit=crop,,,,,,,,,,,Thu Aug 06 2026 12:16:41 GMT+0100 (GMT+01:00),Thu Aug 06 2026 12:16:41 GMT+0100 (GMT+01:00),,https://images.unsplash.com/photo-1505156868547-9b49f4df4e04?q=80&w=800&auto=format&fit=crop,sc_01KZ673CEPGC3SNN79A1AGTBKE,variant_01KZBCMAKVKFEYT232W5WZHBX7,Matte Black,SKU-1786015000980-2-3402,,,,false,false,,,,,,,,,,0,,prod_01KZBCMACZYWCB1DSCP8GN3C35,Thu Aug 06 2026 12:16:41 GMT+0100 (GMT+01:00),Thu Aug 06 2026 12:16:41 GMT+0100 (GMT+01:00),,1431,https://images.unsplash.com/photo-1505156868547-9b49f4df4e04?q=80&w=800&auto=format&fit=crop
prod_01KZBCMACZZZ7SW9617RESZ34M,tech-1786015000980-20-6287,Logitech Smartphone Max Gen-4,,published,,"Premium smartphone engineered by Logitech. Features the latest technology, sleek design, and unparalleled performance. Perfect for professionals and enthusiasts alike.",false,true,https://images.unsplash.com/photo-1505740420928-5e560c06d30e?q=80&w=800&auto=format&fit=crop,,,,,,,,,,,Thu Aug 06 2026 12:16:41 GMT+0100 (GMT+01:00),Thu Aug 06 2026 12:16:41 GMT+0100 (GMT+01:00),,https://images.unsplash.com/photo-1505740420928-5e560c06d30e?q=80&w=800&auto=format&fit=crop,sc_01KZ673CEPGC3SNN79A1AGTBKE,variant_01KZBCMAKW1CKBF07M58GQ8FA2,Matte Black,SKU-1786015000980-20-6287,,,,false,false,,,,,,,,,,0,,prod_01KZBCMACZZZ7SW9617RESZ34M,Thu Aug 06 2026 12:16:41 GMT+0100 (GMT+01:00),Thu Aug 06 2026 12:16:41 GMT+0100 (GMT+01:00),,940,https://images.unsplash.com/photo-1505740420928-5e560c06d30e?q=80&w=800&auto=format&fit=crop
prod_01KZBCMAD03YQ7SRGGMHT615ZV,tech-1786015000980-44-3924,Samsung Laptop Elite Gen-3,,published,,"Premium laptop engineered by Samsung. Features the latest technology, sleek design, and unparalleled performance. Perfect for professionals and enthusiasts alike.",false,true,https://images.unsplash.com/photo-1496181133206-80ce9b88a853?q=80&w=800&auto=format&fit=crop,,,,,,,,,,,Thu Aug 06 2026 12:16:41 GMT+0100 (GMT+01:00),Thu Aug 06 2026 12:16:41 GMT+0100 (GMT+01:00),,https://images.unsplash.com/photo-1496181133206-80ce9b88a853?q=80&w=800&auto=format&fit=crop,sc_01KZ673CEPGC3SNN79A1AGTBKE,variant_01KZBCMAKWD9M0HVNT4XJ3FAC3,Matte Black,SKU-1786015000980-44-3924,,,,false,false,,,,,,,,,,0,,prod_01KZBCMAD03YQ7SRGGMHT615ZV,Thu Aug 06 2026 12:16:41 GMT+0100 (GMT+01:00),Thu Aug 06 2026 12:16:41 GMT+0100 (GMT+01:00),,756,https://images.unsplash.com/photo-1496181133206-80ce9b88a853?q=80&w=800&auto=format&fit=crop
prod_01KZBCMAD048MN9P9BD22MFEQE,tech-1786015000980-46-8221,Razer Mouse Essential Gen-8,,published,,"Premium mouse engineered by Razer. Features the latest technology, sleek design, and unparalleled performance. Perfect for professionals and enthusiasts alike.",false,true,https://images.unsplash.com/photo-1595225476474-87563907a212?q=80&w=800&auto=format&fit=crop,,,,,,,,,,,Thu Aug 06 2026 12:16:41 GMT+0100 (GMT+01:00),Thu Aug 06 2026 12:16:41 GMT+0100 (GMT+01:00),,https://images.unsplash.com/photo-1595225476474-87563907a212?q=80&w=800&auto=format&fit=crop,sc_01KZ673CEPGC3SNN79A1AGTBKE,variant_01KZBCMAKW009X1E6FSZ71MYV0,Matte Black,SKU-1786015000980-46-8221,,,,false,false,,,,,,,,,,0,,prod_01KZBCMAD048MN9P9BD22MFEQE,Thu Aug 06 2026 12:16:41 GMT+0100 (GMT+01:00),Thu Aug 06 2026 12:16:41 GMT+0100 (GMT+01:00),,158,https://images.unsplash.com/photo-1595225476474-87563907a212?q=80&w=800&auto=format&fit=crop
prod_01KZBCMAD0D8RMR16WPKBM5VGA,tech-1786015000980-39-2830,HP Tablet Air Gen-1,,published,,"Premium tablet engineered by HP. Features the latest technology, sleek design, and unparalleled performance. Perfect for professionals and enthusiasts alike.",false,true,https://images.unsplash.com/photo-1546868871-7041f2a55e12?q=80&w=800&auto=format&fit=crop,,,,,,,,,,,Thu Aug 06 2026 12:16:41 GMT+0100 (GMT+01:00),Thu Aug 06 2026 12:16:41 GMT+0100 (GMT+01:00),,https://images.unsplash.com/photo-1546868871-7041f2a55e12?q=80&w=800&auto=format&fit=crop,sc_01KZ673CEPGC3SNN79A1AGTBKE,variant_01KZBCMAKWZY98TVYXWF0DPVXS,Matte Black,SKU-1786015000980-39-2830,,,,false,false,,,,,,,,,,0,,prod_01KZBCMAD0D8RMR16WPKBM5VGA,Thu Aug 06 2026 12:16:41 GMT+0100 (GMT+01:00),Thu Aug 06 2026 12:16:41 GMT+0100 (GMT+01:00),,1229,https://images.unsplash.com/photo-1546868871-7041f2a55e12?q=80&w=800&auto=format&fit=crop
prod_01KZBCMAD0E7B0NZ6RV2HA7C94,tech-1786015000980-49-1856,Logitech Speaker Mini Gen-7,,published,,"Premium speaker engineered by Logitech. Features the latest technology, sleek design, and unparalleled performance. Perfect for professionals and enthusiasts alike.",false,true,https://images.unsplash.com/photo-1595225476474-87563907a212?q=80&w=800&auto=format&fit=crop,,,,,,,,,,,Thu Aug 06 2026 12:16:41 GMT+0100 (GMT+01:00),Thu Aug 06 2026 12:16:41 GMT+0100 (GMT+01:00),,https://images.unsplash.com/photo-1595225476474-87563907a212?q=80&w=800&auto=format&fit=crop,sc_01KZ673CEPGC3SNN79A1AGTBKE,variant_01KZBCMAKW7QP78BHZ1VX04SRE,Matte Black,SKU-1786015000980-49-1856,,,,false,false,,,,,,,,,,0,,prod_01KZBCMAD0E7B0NZ6RV2HA7C94,Thu Aug 06 2026 12:16:41 GMT+0100 (GMT+01:00),Thu Aug 06 2026 12:16:41 GMT+0100 (GMT+01:00),,1048,https://images.unsplash.com/photo-1595225476474-87563907a212?q=80&w=800&auto=format&fit=crop
prod_01KZBCMAD0EWAMVADWERSTYDY2,tech-1786015000980-50-1388,Bose Speaker Ultra Gen-4,,published,,"Premium speaker engineered by Bose. Features the latest technology, sleek design, and unparalleled performance. Perfect for professionals and enthusiasts alike.",false,true,https://images.unsplash.com/photo-1546868871-7041f2a55e12?q=80&w=800&auto=format&fit=crop,,,,,,,,,,,Thu Aug 06 2026 12:16:41 GMT+0100 (GMT+01:00),Thu Aug 06 2026 12:16:41 GMT+0100 (GMT+01:00),,https://images.unsplash.com/photo-1546868871-7041f2a55e12?q=80&w=800&auto=format&fit=crop,sc_01KZ673CEPGC3SNN79A1AGTBKE,variant_01KZBCMAKWTWMVQ7M3FH68RN02,Matte Black,SKU-1786015000980-50-1388,,,,false,false,,,,,,,,,,0,,prod_01KZBCMAD0EWAMVADWERSTYDY2,Thu Aug 06 2026 12:16:41 GMT+0100 (GMT+01:00),Thu Aug 06 2026 12:16:41 GMT+0100 (GMT+01:00),,517,https://images.unsplash.com/photo-1546868871-7041f2a55e12?q=80&w=800&auto=format&fit=crop
prod_01KZBCMAD0FDYAVB149CFT7M2W,tech-1786015000980-45-1892,Apple Camera Elite Gen-4,,published,,"Premium camera engineered by Apple. Features the latest technology, sleek design, and unparalleled performance. Perfect for professionals and enthusiasts alike.",false,true,https://images.unsplash.com/photo-1527814050087-379381547969?q=80&w=800&auto=format&fit=crop,,,,,,,,,,,Thu Aug 06 2026 12:16:41 GMT+0100 (GMT+01:00),Thu Aug 06 2026 12:16:41 GMT+0100 (GMT+01:00),,https://images.unsplash.com/photo-1527814050087-379381547969?q=80&w=800&auto=format&fit=crop,sc_01KZ673CEPGC3SNN79A1AGTBKE,variant_01KZBCMAKWFJ6YY3MP3VME4WC1,Matte Black,SKU-1786015000980-45-1892,,,,false,false,,,,,,,,,,0,,prod_01KZBCMAD0FDYAVB149CFT7M2W,Thu Aug 06 2026 12:16:41 GMT+0100 (GMT+01:00),Thu Aug 06 2026 12:16:41 GMT+0100 (GMT+01:00),,1399,https://images.unsplash.com/photo-1527814050087-379381547969?q=80&w=800&auto=format&fit=crop
prod_01KZBCMAD0FJ93XRF9MF0MXF7Q,tech-1786015000980-48-5278,Bose Camera Air Gen-2,,published,,"Premium camera engineered by Bose. Features the latest technology, sleek design, and unparalleled performance. Perfect for professionals and enthusiasts alike.",false,true,https://images.unsplash.com/photo-1505740420928-5e560c06d30e?q=80&w=800&auto=format&fit=crop,,,,,,,,,,,Thu Aug 06 2026 12:16:41 GMT+0100 (GMT+01:00),Thu Aug 06 2026 12:16:41 GMT+0100 (GMT+01:00),,https://images.unsplash.com/photo-1505740420928-5e560c06d30e?q=80&w=800&auto=format&fit=crop,sc_01KZ673CEPGC3SNN79A1AGTBKE,variant_01KZBCMAKWZ0P6ZWWS2KZX9J3Y,Matte Black,SKU-1786015000980-48-5278,,,,false,false,,,,,,,,,,0,,prod_01KZBCMAD0FJ93XRF9MF0MXF7Q,Thu Aug 06 2026 12:16:41 GMT+0100 (GMT+01:00),Thu Aug 06 2026 12:16:41 GMT+0100 (GMT+01:00),,1223,https://images.unsplash.com/photo-1505740420928-5e560c06d30e?q=80&w=800&auto=format&fit=crop
prod_01KZBCMAD0KKQZ5R71MXCAZ7FF,tech-1786015000980-37-7737,Dell Tablet Pro Gen-2,,published,,"Premium tablet engineered by Dell. Features the latest technology, sleek design, and unparalleled performance. Perfect for professionals and enthusiasts alike.",false,true,https://images.unsplash.com/photo-1505156868547-9b49f4df4e04?q=80&w=800&auto=format&fit=crop,,,,,,,,,,,Thu Aug 06 2026 12:16:41 GMT+0100 (GMT+01:00),Thu Aug 06 2026 12:16:41 GMT+0100 (GMT+01:00),,https://images.unsplash.com/photo-1505156868547-9b49f4df4e04?q=80&w=800&auto=format&fit=crop,sc_01KZ673CEPGC3SNN79A1AGTBKE,variant_01KZBCMAKWEZ5PGMFCFGRM0RM9,Matte Black,SKU-1786015000980-37-7737,,,,false,false,,,,,,,,,,0,,prod_01KZBCMAD0KKQZ5R71MXCAZ7FF,Thu Aug 06 2026 12:16:41 GMT+0100 (GMT+01:00),Thu Aug 06 2026 12:16:41 GMT+0100 (GMT+01:00),,1362,https://images.unsplash.com/photo-1505156868547-9b49f4df4e04?q=80&w=800&auto=format&fit=crop
prod_01KZBCMAD0MSW0QX5FNFNW91RE,tech-1786015000980-40-6173,Sony Monitor Elite Gen-9,,published,,"Premium monitor engineered by Sony. Features the latest technology, sleek design, and unparalleled performance. Perfect for professionals and enthusiasts alike.",false,true,https://images.unsplash.com/photo-1505740420928-5e560c06d30e?q=80&w=800&auto=format&fit=crop,,,,,,,,,,,Thu Aug 06 2026 12:16:41 GMT+0100 (GMT+01:00),Thu Aug 06 2026 12:16:41 GMT+0100 (GMT+01:00),,https://images.unsplash.com/photo-1505740420928-5e560c06d30e?q=80&w=800&auto=format&fit=crop,sc_01KZ673CEPGC3SNN79A1AGTBKE,variant_01KZBCMAKWDKGHVQPDHVX671RR,Matte Black,SKU-1786015000980-40-6173,,,,false,false,,,,,,,,,,0,,prod_01KZBCMAD0MSW0QX5FNFNW91RE,Thu Aug 06 2026 12:16:41 GMT+0100 (GMT+01:00),Thu Aug 06 2026 12:16:41 GMT+0100 (GMT+01:00),,867,https://images.unsplash.com/photo-1505740420928-5e560c06d30e?q=80&w=800&auto=format&fit=crop
prod_01KZBCMAD0N4HGS1H2MT9BMY3D,tech-1786015000980-41-4800,Lenovo Keyboard Advanced Gen-6,,published,,"Premium keyboard engineered by Lenovo. Features the latest technology, sleek design, and unparalleled performance. Perfect for professionals and enthusiasts alike.",false,true,https://images.unsplash.com/photo-1595225476474-87563907a212?q=80&w=800&auto=format&fit=crop,,,,,,,,,,,Thu Aug 06 2026 12:16:41 GMT+0100 (GMT+01:00),Thu Aug 06 2026 12:16:41 GMT+0100 (GMT+01:00),,https://images.unsplash.com/photo-1595225476474-87563907a212?q=80&w=800&auto=format&fit=crop,sc_01KZ673CEPGC3SNN79A1AGTBKE,variant_01KZBCMAKWHWVQJ26C9GB3N8D2,Matte Black,SKU-1786015000980-41-4800,,,,false,false,,,,,,,,,,0,,prod_01KZBCMAD0N4HGS1H2MT9BMY3D,Thu Aug 06 2026 12:16:41 GMT+0100 (GMT+01:00),Thu Aug 06 2026 12:16:41 GMT+0100 (GMT+01:00),,883,https://images.unsplash.com/photo-1595225476474-87563907a212?q=80&w=800&auto=format&fit=crop
prod_01KZBCMAD0WKA6F8TJRY9DPQS1,tech-1786015000980-36-6561,Asus Camera Advanced Gen-2,,published,,"Premium camera engineered by Asus. Features the latest technology, sleek design, and unparalleled performance. Perfect for professionals and enthusiasts alike.",false,true,https://images.unsplash.com/photo-1496181133206-80ce9b88a853?q=80&w=800&auto=format&fit=crop,,,,,,,,,,,Thu Aug 06 2026 12:16:41 GMT+0100 (GMT+01:00),Thu Aug 06 2026 12:16:41 GMT+0100 (GMT+01:00),,https://images.unsplash.com/photo-1496181133206-80ce9b88a853?q=80&w=800&auto=format&fit=crop,sc_01KZ673CEPGC3SNN79A1AGTBKE,variant_01KZBCMAKWWY4MRR0RTDCWR99R,Matte Black,SKU-1786015000980-36-6561,,,,false,false,,,,,,,,,,0,,prod_01KZBCMAD0WKA6F8TJRY9DPQS1,Thu Aug 06 2026 12:16:41 GMT+0100 (GMT+01:00),Thu Aug 06 2026 12:16:41 GMT+0100 (GMT+01:00),,262,https://images.unsplash.com/photo-1496181133206-80ce9b88a853?q=80&w=800&auto=format&fit=crop
prod_01KZBCMAD0XBN9PBKXBWYMTJMR,tech-1786015000980-38-1173,Dell Tablet Plus Gen-2,,published,,"Premium tablet engineered by Dell. Features the latest technology, sleek design, and unparalleled performance. Perfect for professionals and enthusiasts alike.",false,true,https://images.unsplash.com/photo-1496181133206-80ce9b88a853?q=80&w=800&auto=format&fit=crop,,,,,,,,,,,Thu Aug 06 2026 12:16:41 GMT+0100 (GMT+01:00),Thu Aug 06 2026 12:16:41 GMT+0100 (GMT+01:00),,https://images.unsplash.com/photo-1496181133206-80ce9b88a853?q=80&w=800&auto=format&fit=crop,sc_01KZ673CEPGC3SNN79A1AGTBKE,variant_01KZBCMAKWTKKK0KKK01HRCGHA,Matte Black,SKU-1786015000980-38-1173,,,,false,false,,,,,,,,,,0,,prod_01KZBCMAD0XBN9PBKXBWYMTJMR,Thu Aug 06 2026 12:16:41 GMT+0100 (GMT+01:00),Thu Aug 06 2026 12:16:41 GMT+0100 (GMT+01:00),,329,https://images.unsplash.com/photo-1496181133206-80ce9b88a853?q=80&w=800&auto=format&fit=crop
prod_01KZBCMAD0YAKXMBVDNAR20V4Z,tech-1786015000980-43-1864,Logitech Smartwatch Ultra Gen-3,,published,,"Premium smartwatch engineered by Logitech. Features the latest technology, sleek design, and unparalleled performance. Perfect for professionals and enthusiasts alike.",false,true,https://images.unsplash.com/photo-1505740420928-5e560c06d30e?q=80&w=800&auto=format&fit=crop,,,,,,,,,,,Thu Aug 06 2026 12:16:41 GMT+0100 (GMT+01:00),Thu Aug 06 2026 12:16:41 GMT+0100 (GMT+01:00),,https://images.unsplash.com/photo-1505740420928-5e560c06d30e?q=80&w=800&auto=format&fit=crop,sc_01KZ673CEPGC3SNN79A1AGTBKE,variant_01KZBCMAKWC9J0R0NEP542JKH1,Matte Black,SKU-1786015000980-43-1864,,,,false,false,,,,,,,,,,0,,prod_01KZBCMAD0YAKXMBVDNAR20V4Z,Thu Aug 06 2026 12:16:41 GMT+0100 (GMT+01:00),Thu Aug 06 2026 12:16:41 GMT+0100 (GMT+01:00),,467,https://images.unsplash.com/photo-1505740420928-5e560c06d30e?q=80&w=800&auto=format&fit=crop
prod_01KZBCMAD0YX2R0A7K4WZMJ6QK,tech-1786015000980-42-6709,Sony Laptop Air Gen-3,,published,,"Premium laptop engineered by Sony. Features the latest technology, sleek design, and unparalleled performance. Perfect for professionals and enthusiasts alike.",false,true,https://images.unsplash.com/photo-1546868871-7041f2a55e12?q=80&w=800&auto=format&fit=crop,,,,,,,,,,,Thu Aug 06 2026 12:16:41 GMT+0100 (GMT+01:00),Thu Aug 06 2026 12:16:41 GMT+0100 (GMT+01:00),,https://images.unsplash.com/photo-1546868871-7041f2a55e12?q=80&w=800&auto=format&fit=crop,sc_01KZ673CEPGC3SNN79A1AGTBKE,variant_01KZBCMAKWWC9VXKGTG6HCKVV9,Matte Black,SKU-1786015000980-42-6709,,,,false,false,,,,,,,,,,0,,prod_01KZBCMAD0YX2R0A7K4WZMJ6QK,Thu Aug 06 2026 12:16:41 GMT+0100 (GMT+01:00),Thu Aug 06 2026 12:16:41 GMT+0100 (GMT+01:00),,1226,https://images.unsplash.com/photo-1546868871-7041f2a55e12?q=80&w=800&auto=format&fit=crop
prod_01KZBCMAD0YX6Q1MG95DPXAKG3,tech-1786015000980-47-7582,Bose Smartphone Essential Gen-3,,published,,"Premium smartphone engineered by Bose. Features the latest technology, sleek design, and unparalleled performance. Perfect for professionals and enthusiasts alike.",false,true,https://images.unsplash.com/photo-1496181133206-80ce9b88a853?q=80&w=800&auto=format&fit=crop,,,,,,,,,,,Thu Aug 06 2026 12:16:41 GMT+0100 (GMT+01:00),Thu Aug 06 2026 12:16:41 GMT+0100 (GMT+01:00),,https://images.unsplash.com/photo-1496181133206-80ce9b88a853?q=80&w=800&auto=format&fit=crop,sc_01KZ673CEPGC3SNN79A1AGTBKE,variant_01KZBCMAKWBYHJATKSNTD6T2PG,Matte Black,SKU-1786015000980-47-7582,,,,false,false,,,,,,,,,,0,,prod_01KZBCMAD0YX6Q1MG95DPXAKG3,Thu Aug 06 2026 12:16:41 GMT+0100 (GMT+01:00),Thu Aug 06 2026 12:16:41 GMT+0100 (GMT+01:00),,870,https://images.unsplash.com/photo-1496181133206-80ce9b88a853?q=80&w=800&auto=format&fit=crop
prod_01KZBCMAR314B7R8WW2TFQSDC9,tech-1786015000980-66-3344,Sony Smartwatch Elite Gen-3,,published,,"Premium smartwatch engineered by Sony. Features the latest technology, sleek design, and unparalleled performance. Perfect for professionals and enthusiasts alike.",false,true,https://images.unsplash.com/photo-1505156868547-9b49f4df4e04?q=80&w=800&auto=format&fit=crop,,,,,,,,,,,Thu Aug 06 2026 12:16:41 GMT+0100 (GMT+01:00),Thu Aug 06 2026 12:16:41 GMT+0100 (GMT+01:00),,https://images.unsplash.com/photo-1505156868547-9b49f4df4e04?q=80&w=800&auto=format&fit=crop,sc_01KZ673CEPGC3SNN79A1AGTBKE,variant_01KZBCMAVPGZTKVQ248W920PAB,Matte Black,SKU-1786015000980-66-3344,,,,false,false,,,,,,,,,,0,,prod_01KZBCMAR314B7R8WW2TFQSDC9,Thu Aug 06 2026 12:16:41 GMT+0100 (GMT+01:00),Thu Aug 06 2026 12:16:41 GMT+0100 (GMT+01:00),,1537,https://images.unsplash.com/photo-1505156868547-9b49f4df4e04?q=80&w=800&auto=format&fit=crop
prod_01KZBCMAR3165NSV2N9Z6SQHR1,tech-1786015000980-71-1397,Razer Monitor Essential Gen-2,,published,,"Premium monitor engineered by Razer. Features the latest technology, sleek design, and unparalleled performance. Perfect for professionals and enthusiasts alike.",false,true,https://images.unsplash.com/photo-1505156868547-9b49f4df4e04?q=80&w=800&auto=format&fit=crop,,,,,,,,,,,Thu Aug 06 2026 12:16:41 GMT+0100 (GMT+01:00),Thu Aug 06 2026 12:16:41 GMT+0100 (GMT+01:00),,https://images.unsplash.com/photo-1505156868547-9b49f4df4e04?q=80&w=800&auto=format&fit=crop,sc_01KZ673CEPGC3SNN79A1AGTBKE,variant_01KZBCMAVP97A8MY7A2HTRJQT9,Matte Black,SKU-1786015000980-71-1397,,,,false,false,,,,,,,,,,0,,prod_01KZBCMAR3165NSV2N9Z6SQHR1,Thu Aug 06 2026 12:16:41 GMT+0100 (GMT+01:00),Thu Aug 06 2026 12:16:41 GMT+0100 (GMT+01:00),,1422,https://images.unsplash.com/photo-1505156868547-9b49f4df4e04?q=80&w=800&auto=format&fit=crop
prod_01KZBCMAR338FQYVGKQ282E4J5,tech-1786015000980-53-1459,Bose Mouse Elite Gen-9,,published,,"Premium mouse engineered by Bose. Features the latest technology, sleek design, and unparalleled performance. Perfect for professionals and enthusiasts alike.",false,true,https://images.unsplash.com/photo-1527814050087-379381547969?q=80&w=800&auto=format&fit=crop,,,,,,,,,,,Thu Aug 06 2026 12:16:41 GMT+0100 (GMT+01:00),Thu Aug 06 2026 12:16:41 GMT+0100 (GMT+01:00),,https://images.unsplash.com/photo-1527814050087-379381547969?q=80&w=800&auto=format&fit=crop,sc_01KZ673CEPGC3SNN79A1AGTBKE,variant_01KZBCMAVPFJ4ZFW6HTEHQZ2XN,Matte Black,SKU-1786015000980-53-1459,,,,false,false,,,,,,,,,,0,,prod_01KZBCMAR338FQYVGKQ282E4J5,Thu Aug 06 2026 12:16:41 GMT+0100 (GMT+01:00),Thu Aug 06 2026 12:16:41 GMT+0100 (GMT+01:00),,978,https://images.unsplash.com/photo-1527814050087-379381547969?q=80&w=800&auto=format&fit=crop
prod_01KZBCMAR34AZH57EH61M2D7ES,tech-1786015000980-89-5618,Bose Camera Pro Gen-10,,published,,"Premium camera engineered by Bose. Features the latest technology, sleek design, and unparalleled performance. Perfect for professionals and enthusiasts alike.",false,true,https://images.unsplash.com/photo-1496181133206-80ce9b88a853?q=80&w=800&auto=format&fit=crop,,,,,,,,,,,Thu Aug 06 2026 12:16:41 GMT+0100 (GMT+01:00),Thu Aug 06 2026 12:16:41 GMT+0100 (GMT+01:00),,https://images.unsplash.com/photo-1496181133206-80ce9b88a853?q=80&w=800&auto=format&fit=crop,sc_01KZ673CEPGC3SNN79A1AGTBKE,variant_01KZBCMAVQSKGYD1HS0CFNTXVP,Matte Black,SKU-1786015000980-89-5618,,,,false,false,,,,,,,,,,0,,prod_01KZBCMAR34AZH57EH61M2D7ES,Thu Aug 06 2026 12:16:41 GMT+0100 (GMT+01:00),Thu Aug 06 2026 12:16:41 GMT+0100 (GMT+01:00),,790,https://images.unsplash.com/photo-1496181133206-80ce9b88a853?q=80&w=800&auto=format&fit=crop
prod_01KZBCMAR35G7HFB7HMCCGJP85,tech-1786015000980-82-6019,Asus Tablet Max Gen-5,,published,,"Premium tablet engineered by Asus. Features the latest technology, sleek design, and unparalleled performance. Perfect for professionals and enthusiasts alike.",false,true,https://images.unsplash.com/photo-1527443224154-c4a3942d3acf?q=80&w=800&auto=format&fit=crop,,,,,,,,,,,Thu Aug 06 2026 12:16:41 GMT+0100 (GMT+01:00),Thu Aug 06 2026 12:16:41 GMT+0100 (GMT+01:00),,https://images.unsplash.com/photo-1527443224154-c4a3942d3acf?q=80&w=800&auto=format&fit=crop,sc_01KZ673CEPGC3SNN79A1AGTBKE,variant_01KZBCMAVPZW2RT3F336Z5C297,Matte Black,SKU-1786015000980-82-6019,,,,false,false,,,,,,,,,,0,,prod_01KZBCMAR35G7HFB7HMCCGJP85,Thu Aug 06 2026 12:16:41 GMT+0100 (GMT+01:00),Thu Aug 06 2026 12:16:41 GMT+0100 (GMT+01:00),,984,https://images.unsplash.com/photo-1527443224154-c4a3942d3acf?q=80&w=800&auto=format&fit=crop
prod_01KZBCMAR360SX679X0VK1DER5,tech-1786015000980-78-6731,Logitech Smartphone Elite Gen-4,,published,,"Premium smartphone engineered by Logitech. Features the latest technology, sleek design, and unparalleled performance. Perfect for professionals and enthusiasts alike.",false,true,https://images.unsplash.com/photo-1546868871-7041f2a55e12?q=80&w=800&auto=format&fit=crop,,,,,,,,,,,Thu Aug 06 2026 12:16:41 GMT+0100 (GMT+01:00),Thu Aug 06 2026 12:16:41 GMT+0100 (GMT+01:00),,https://images.unsplash.com/photo-1546868871-7041f2a55e12?q=80&w=800&auto=format&fit=crop,sc_01KZ673CEPGC3SNN79A1AGTBKE,variant_01KZBCMAVPY417SP20EFJZM1VV,Matte Black,SKU-1786015000980-78-6731,,,,false,false,,,,,,,,,,0,,prod_01KZBCMAR360SX679X0VK1DER5,Thu Aug 06 2026 12:16:41 GMT+0100 (GMT+01:00),Thu Aug 06 2026 12:16:41 GMT+0100 (GMT+01:00),,341,https://images.unsplash.com/photo-1546868871-7041f2a55e12?q=80&w=800&auto=format&fit=crop
prod_01KZBCMAR364M4Z1KV886G4ZWH,tech-1786015000980-61-3405,Asus Keyboard Advanced Gen-9,,published,,"Premium keyboard engineered by Asus. Features the latest technology, sleek design, and unparalleled performance. Perfect for professionals and enthusiasts alike.",false,true,https://images.unsplash.com/photo-1505740420928-5e560c06d30e?q=80&w=800&auto=format&fit=crop,,,,,,,,,,,Thu Aug 06 2026 12:16:41 GMT+0100 (GMT+01:00),Thu Aug 06 2026 12:16:41 GMT+0100 (GMT+01:00),,https://images.unsplash.com/photo-1505740420928-5e560c06d30e?q=80&w=800&auto=format&fit=crop,sc_01KZ673CEPGC3SNN79A1AGTBKE,variant_01KZBCMAVPWNKD4R6MWDADRKXN,Matte Black,SKU-1786015000980-61-3405,,,,false,false,,,,,,,,,,0,,prod_01KZBCMAR364M4Z1KV886G4ZWH,Thu Aug 06 2026 12:16:41 GMT+0100 (GMT+01:00),Thu Aug 06 2026 12:16:41 GMT+0100 (GMT+01:00),,1353,https://images.unsplash.com/photo-1505740420928-5e560c06d30e?q=80&w=800&auto=format&fit=crop
prod_01KZBCMAR36PV7VWJFSXFC7W7F,tech-1786015000980-59-6664,Asus Laptop Max Gen-3,,published,,"Premium laptop engineered by Asus. Features the latest technology, sleek design, and unparalleled performance. Perfect for professionals and enthusiasts alike.",false,true,https://images.unsplash.com/photo-1527443224154-c4a3942d3acf?q=80&w=800&auto=format&fit=crop,,,,,,,,,,,Thu Aug 06 2026 12:16:41 GMT+0100 (GMT+01:00),Thu Aug 06 2026 12:16:41 GMT+0100 (GMT+01:00),,https://images.unsplash.com/photo-1527443224154-c4a3942d3acf?q=80&w=800&auto=format&fit=crop,sc_01KZ673CEPGC3SNN79A1AGTBKE,variant_01KZBCMAVPGGM9NKSDAV599XXJ,Matte Black,SKU-1786015000980-59-6664,,,,false,false,,,,,,,,,,0,,prod_01KZBCMAR36PV7VWJFSXFC7W7F,Thu Aug 06 2026 12:16:41 GMT+0100 (GMT+01:00),Thu Aug 06 2026 12:16:41 GMT+0100 (GMT+01:00),,158,https://images.unsplash.com/photo-1527443224154-c4a3942d3acf?q=80&w=800&auto=format&fit=crop
prod_01KZBCMAR36QAWQTDQVBRM8NGZ,tech-1786015000980-63-9446,Dell Monitor Ultra Gen-6,,published,,"Premium monitor engineered by Dell. Features the latest technology, sleek design, and unparalleled performance. Perfect for professionals and enthusiasts alike.",false,true,https://images.unsplash.com/photo-1496181133206-80ce9b88a853?q=80&w=800&auto=format&fit=crop,,,,,,,,,,,Thu Aug 06 2026 12:16:41 GMT+0100 (GMT+01:00),Thu Aug 06 2026 12:16:41 GMT+0100 (GMT+01:00),,https://images.unsplash.com/photo-1496181133206-80ce9b88a853?q=80&w=800&auto=format&fit=crop,sc_01KZ673CEPGC3SNN79A1AGTBKE,variant_01KZBCMAVPT4DAJ86YDSYW6VMV,Matte Black,SKU-1786015000980-63-9446,,,,false,false,,,,,,,,,,0,,prod_01KZBCMAR36QAWQTDQVBRM8NGZ,Thu Aug 06 2026 12:16:41 GMT+0100 (GMT+01:00),Thu Aug 06 2026 12:16:41 GMT+0100 (GMT+01:00),,459,https://images.unsplash.com/photo-1496181133206-80ce9b88a853?q=80&w=800&auto=format&fit=crop
prod_01KZBCMAR37FK54S1ETFEJ8DJ1,tech-1786015000980-67-7720,Asus Tablet Advanced Gen-6,,published,,"Premium tablet engineered by Asus. Features the latest technology, sleek design, and unparalleled performance. Perfect for professionals and enthusiasts alike.",false,true,https://images.unsplash.com/photo-1546868871-7041f2a55e12?q=80&w=800&auto=format&fit=crop,,,,,,,,,,,Thu Aug 06 2026 12:16:41 GMT+0100 (GMT+01:00),Thu Aug 06 2026 12:16:41 GMT+0100 (GMT+01:00),,https://images.unsplash.com/photo-1546868871-7041f2a55e12?q=80&w=800&auto=format&fit=crop,sc_01KZ673CEPGC3SNN79A1AGTBKE,variant_01KZBCMAVPAP3RE6948Q5AWBP9,Matte Black,SKU-1786015000980-67-7720,,,,false,false,,,,,,,,,,0,,prod_01KZBCMAR37FK54S1ETFEJ8DJ1,Thu Aug 06 2026 12:16:41 GMT+0100 (GMT+01:00),Thu Aug 06 2026 12:16:41 GMT+0100 (GMT+01:00),,685,https://images.unsplash.com/photo-1546868871-7041f2a55e12?q=80&w=800&auto=format&fit=crop
prod_01KZBCMAR390H8YXR2WJQ4Q8GR,tech-1786015000980-81-8955,Bose Laptop Air Gen-7,,published,,"Premium laptop engineered by Bose. Features the latest technology, sleek design, and unparalleled performance. Perfect for professionals and enthusiasts alike.",false,true,https://images.unsplash.com/photo-1496181133206-80ce9b88a853?q=80&w=800&auto=format&fit=crop,,,,,,,,,,,Thu Aug 06 2026 12:16:41 GMT+0100 (GMT+01:00),Thu Aug 06 2026 12:16:41 GMT+0100 (GMT+01:00),,https://images.unsplash.com/photo-1496181133206-80ce9b88a853?q=80&w=800&auto=format&fit=crop,sc_01KZ673CEPGC3SNN79A1AGTBKE,variant_01KZBCMAVPFBTZ1JHBTY7GE0BD,Matte Black,SKU-1786015000980-81-8955,,,,false,false,,,,,,,,,,0,,prod_01KZBCMAR390H8YXR2WJQ4Q8GR,Thu Aug 06 2026 12:16:41 GMT+0100 (GMT+01:00),Thu Aug 06 2026 12:16:41 GMT+0100 (GMT+01:00),,603,https://images.unsplash.com/photo-1496181133206-80ce9b88a853?q=80&w=800&auto=format&fit=crop
prod_01KZBCMAR39VGAY42NWK5ZSMVA,tech-1786015000980-70-4695,Samsung Tablet Elite Gen-6,,published,,"Premium tablet engineered by Samsung. Features the latest technology, sleek design, and unparalleled performance. Perfect for professionals and enthusiasts alike.",false,true,https://images.unsplash.com/photo-1546868871-7041f2a55e12?q=80&w=800&auto=format&fit=crop,,,,,,,,,,,Thu Aug 06 2026 12:16:41 GMT+0100 (GMT+01:00),Thu Aug 06 2026 12:16:41 GMT+0100 (GMT+01:00),,https://images.unsplash.com/photo-1546868871-7041f2a55e12?q=80&w=800&auto=format&fit=crop,sc_01KZ673CEPGC3SNN79A1AGTBKE,variant_01KZBCMAVPQG8EHV1758075CNE,Matte Black,SKU-1786015000980-70-4695,,,,false,false,,,,,,,,,,0,,prod_01KZBCMAR39VGAY42NWK5ZSMVA,Thu Aug 06 2026 12:16:41 GMT+0100 (GMT+01:00),Thu Aug 06 2026 12:16:41 GMT+0100 (GMT+01:00),,187,https://images.unsplash.com/photo-1546868871-7041f2a55e12?q=80&w=800&auto=format&fit=crop
prod_01KZBCMAR3A5P92MFRA9PX41VG,tech-1786015000980-85-7863,Lenovo Smartwatch Pro Gen-6,,published,,"Premium smartwatch engineered by Lenovo. Features the latest technology, sleek design, and unparalleled performance. Perfect for professionals and enthusiasts alike.",false,true,https://images.unsplash.com/photo-1505740420928-5e560c06d30e?q=80&w=800&auto=format&fit=crop,,,,,,,,,,,Thu Aug 06 2026 12:16:41 GMT+0100 (GMT+01:00),Thu Aug 06 2026 12:16:41 GMT+0100 (GMT+01:00),,https://images.unsplash.com/photo-1505740420928-5e560c06d30e?q=80&w=800&auto=format&fit=crop,sc_01KZ673CEPGC3SNN79A1AGTBKE,variant_01KZBCMAVQA0Y1ZWNAARVTP402,Matte Black,SKU-1786015000980-85-7863,,,,false,false,,,,,,,,,,0,,prod_01KZBCMAR3A5P92MFRA9PX41VG,Thu Aug 06 2026 12:16:41 GMT+0100 (GMT+01:00),Thu Aug 06 2026 12:16:41 GMT+0100 (GMT+01:00),,414,https://images.unsplash.com/photo-1505740420928-5e560c06d30e?q=80&w=800&auto=format&fit=crop
prod_01KZBCMAR3A5V54T4FDCXGG0BB,tech-1786015000980-92-117,Dell Keyboard Plus Gen-6,,published,,"Premium keyboard engineered by Dell. Features the latest technology, sleek design, and unparalleled performance. Perfect for professionals and enthusiasts alike.",false,true,https://images.unsplash.com/photo-1505740420928-5e560c06d30e?q=80&w=800&auto=format&fit=crop,,,,,,,,,,,Thu Aug 06 2026 12:16:41 GMT+0100 (GMT+01:00),Thu Aug 06 2026 12:16:41 GMT+0100 (GMT+01:00),,https://images.unsplash.com/photo-1505740420928-5e560c06d30e?q=80&w=800&auto=format&fit=crop,sc_01KZ673CEPGC3SNN79A1AGTBKE,variant_01KZBCMAVQFSZR1PXNWJX625ZT,Matte Black,SKU-1786015000980-92-117,,,,false,false,,,,,,,,,,0,,prod_01KZBCMAR3A5V54T4FDCXGG0BB,Thu Aug 06 2026 12:16:41 GMT+0100 (GMT+01:00),Thu Aug 06 2026 12:16:41 GMT+0100 (GMT+01:00),,1126,https://images.unsplash.com/photo-1505740420928-5e560c06d30e?q=80&w=800&auto=format&fit=crop
prod_01KZBCMAR3BECZDKGKJF2SKG21,tech-1786015000980-57-8185,Dell Tablet Air Gen-7,,published,,"Premium tablet engineered by Dell. Features the latest technology, sleek design, and unparalleled performance. Perfect for professionals and enthusiasts alike.",false,true,https://images.unsplash.com/photo-1505156868547-9b49f4df4e04?q=80&w=800&auto=format&fit=crop,,,,,,,,,,,Thu Aug 06 2026 12:16:41 GMT+0100 (GMT+01:00),Thu Aug 06 2026 12:16:41 GMT+0100 (GMT+01:00),,https://images.unsplash.com/photo-1505156868547-9b49f4df4e04?q=80&w=800&auto=format&fit=crop,sc_01KZ673CEPGC3SNN79A1AGTBKE,variant_01KZBCMAVPF75T56ZWT2QWYK1K,Matte Black,SKU-1786015000980-57-8185,,,,false,false,,,,,,,,,,0,,prod_01KZBCMAR3BECZDKGKJF2SKG21,Thu Aug 06 2026 12:16:41 GMT+0100 (GMT+01:00),Thu Aug 06 2026 12:16:41 GMT+0100 (GMT+01:00),,515,https://images.unsplash.com/photo-1505156868547-9b49f4df4e04?q=80&w=800&auto=format&fit=crop
prod_01KZBCMAR3BHQYS9D9K4EMT7F0,tech-1786015000980-80-178,Apple Tablet Air Gen-10,,published,,"Premium tablet engineered by Apple. Features the latest technology, sleek design, and unparalleled performance. Perfect for professionals and enthusiasts alike.",false,true,https://images.unsplash.com/photo-1505740420928-5e560c06d30e?q=80&w=800&auto=format&fit=crop,,,,,,,,,,,Thu Aug 06 2026 12:16:41 GMT+0100 (GMT+01:00),Thu Aug 06 2026 12:16:41 GMT+0100 (GMT+01:00),,https://images.unsplash.com/photo-1505740420928-5e560c06d30e?q=80&w=800&auto=format&fit=crop,sc_01KZ673CEPGC3SNN79A1AGTBKE,variant_01KZBCMAVPJY23P892MT536FAV,Matte Black,SKU-1786015000980-80-178,,,,false,false,,,,,,,,,,0,,prod_01KZBCMAR3BHQYS9D9K4EMT7F0,Thu Aug 06 2026 12:16:41 GMT+0100 (GMT+01:00),Thu Aug 06 2026 12:16:41 GMT+0100 (GMT+01:00),,1415,https://images.unsplash.com/photo-1505740420928-5e560c06d30e?q=80&w=800&auto=format&fit=crop
prod_01KZBCMAR3BXW291Q1VGFJJP2Z,tech-1786015000980-86-4372,Sony Laptop Pro Gen-3,,published,,"Premium laptop engineered by Sony. Features the latest technology, sleek design, and unparalleled performance. Perfect for professionals and enthusiasts alike.",false,true,https://images.unsplash.com/photo-1527443224154-c4a3942d3acf?q=80&w=800&auto=format&fit=crop,,,,,,,,,,,Thu Aug 06 2026 12:16:41 GMT+0100 (GMT+01:00),Thu Aug 06 2026 12:16:41 GMT+0100 (GMT+01:00),,https://images.unsplash.com/photo-1527443224154-c4a3942d3acf?q=80&w=800&auto=format&fit=crop,sc_01KZ673CEPGC3SNN79A1AGTBKE,variant_01KZBCMAVQQVEQR9KBV8DDB72T,Matte Black,SKU-1786015000980-86-4372,,,,false,false,,,,,,,,,,0,,prod_01KZBCMAR3BXW291Q1VGFJJP2Z,Thu Aug 06 2026 12:16:41 GMT+0100 (GMT+01:00),Thu Aug 06 2026 12:16:41 GMT+0100 (GMT+01:00),,154,https://images.unsplash.com/photo-1527443224154-c4a3942d3acf?q=80&w=800&auto=format&fit=crop
prod_01KZBCMAR3CXEJTANMBEPMHP75,tech-1786015000980-52-5411,Lenovo Smartwatch Pro Gen-9,,published,,"Premium smartwatch engineered by Lenovo. Features the latest technology, sleek design, and unparalleled performance. Perfect for professionals and enthusiasts alike.",false,true,https://images.unsplash.com/photo-1505156868547-9b49f4df4e04?q=80&w=800&auto=format&fit=crop,,,,,,,,,,,Thu Aug 06 2026 12:16:41 GMT+0100 (GMT+01:00),Thu Aug 06 2026 12:16:41 GMT+0100 (GMT+01:00),,https://images.unsplash.com/photo-1505156868547-9b49f4df4e04?q=80&w=800&auto=format&fit=crop,sc_01KZ673CEPGC3SNN79A1AGTBKE,variant_01KZBCMAVP7Q258WH24BG741TV,Matte Black,SKU-1786015000980-52-5411,,,,false,false,,,,,,,,,,0,,prod_01KZBCMAR3CXEJTANMBEPMHP75,Thu Aug 06 2026 12:16:41 GMT+0100 (GMT+01:00),Thu Aug 06 2026 12:16:41 GMT+0100 (GMT+01:00),,971,https://images.unsplash.com/photo-1505156868547-9b49f4df4e04?q=80&w=800&auto=format&fit=crop
prod_01KZBCMAR3D12PCP5H541WHY4H,tech-1786015000980-84-2798,Logitech Smartphone Ultra Gen-7,,published,,"Premium smartphone engineered by Logitech. Features the latest technology, sleek design, and unparalleled performance. Perfect for professionals and enthusiasts alike.",false,true,https://images.unsplash.com/photo-1595225476474-87563907a212?q=80&w=800&auto=format&fit=crop,,,,,,,,,,,Thu Aug 06 2026 12:16:41 GMT+0100 (GMT+01:00),Thu Aug 06 2026 12:16:41 GMT+0100 (GMT+01:00),,https://images.unsplash.com/photo-1595225476474-87563907a212?q=80&w=800&auto=format&fit=crop,sc_01KZ673CEPGC3SNN79A1AGTBKE,variant_01KZBCMAVQQJ9Q4CTG21RBYF6B,Matte Black,SKU-1786015000980-84-2798,,,,false,false,,,,,,,,,,0,,prod_01KZBCMAR3D12PCP5H541WHY4H,Thu Aug 06 2026 12:16:41 GMT+0100 (GMT+01:00),Thu Aug 06 2026 12:16:41 GMT+0100 (GMT+01:00),,843,https://images.unsplash.com/photo-1595225476474-87563907a212?q=80&w=800&auto=format&fit=crop
prod_01KZBCMAR3DQYBWB9QCJVFGYQC,tech-1786015000980-77-4614,Asus Laptop Pro Gen-2,,published,,"Premium laptop engineered by Asus. Features the latest technology, sleek design, and unparalleled performance. Perfect for professionals and enthusiasts alike.",false,true,https://images.unsplash.com/photo-1546868871-7041f2a55e12?q=80&w=800&auto=format&fit=crop,,,,,,,,,,,Thu Aug 06 2026 12:16:41 GMT+0100 (GMT+01:00),Thu Aug 06 2026 12:16:41 GMT+0100 (GMT+01:00),,https://images.unsplash.com/photo-1546868871-7041f2a55e12?q=80&w=800&auto=format&fit=crop,sc_01KZ673CEPGC3SNN79A1AGTBKE,variant_01KZBCMAVP5T1KXH21GYS4ATN7,Matte Black,SKU-1786015000980-77-4614,,,,false,false,,,,,,,,,,0,,prod_01KZBCMAR3DQYBWB9QCJVFGYQC,Thu Aug 06 2026 12:16:41 GMT+0100 (GMT+01:00),Thu Aug 06 2026 12:16:41 GMT+0100 (GMT+01:00),,415,https://images.unsplash.com/photo-1546868871-7041f2a55e12?q=80&w=800&auto=format&fit=crop
prod_01KZBCMAR3E8YZBMMQ58DAC8DJ,tech-1786015000980-93-4681,Razer Laptop Elite Gen-6,,published,,"Premium laptop engineered by Razer. Features the latest technology, sleek design, and unparalleled performance. Perfect for professionals and enthusiasts alike.",false,true,https://images.unsplash.com/photo-1546868871-7041f2a55e12?q=80&w=800&auto=format&fit=crop,,,,,,,,,,,Thu Aug 06 2026 12:16:41 GMT+0100 (GMT+01:00),Thu Aug 06 2026 12:16:41 GMT+0100 (GMT+01:00),,https://images.unsplash.com/photo-1546868871-7041f2a55e12?q=80&w=800&auto=format&fit=crop,sc_01KZ673CEPGC3SNN79A1AGTBKE,variant_01KZBCMAVQW72TANH6932J6QM7,Matte Black,SKU-1786015000980-93-4681,,,,false,false,,,,,,,,,,0,,prod_01KZBCMAR3E8YZBMMQ58DAC8DJ,Thu Aug 06 2026 12:16:41 GMT+0100 (GMT+01:00),Thu Aug 06 2026 12:16:41 GMT+0100 (GMT+01:00),,762,https://images.unsplash.com/photo-1546868871-7041f2a55e12?q=80&w=800&auto=format&fit=crop
prod_01KZBCMAR3F1XFJK9R0HJD9C4R,tech-1786015000980-54-5607,Bose Speaker Lite Gen-10,,published,,"Premium speaker engineered by Bose. Features the latest technology, sleek design, and unparalleled performance. Perfect for professionals and enthusiasts alike.",false,true,https://images.unsplash.com/photo-1527443224154-c4a3942d3acf?q=80&w=800&auto=format&fit=crop,,,,,,,,,,,Thu Aug 06 2026 12:16:41 GMT+0100 (GMT+01:00),Thu Aug 06 2026 12:16:41 GMT+0100 (GMT+01:00),,https://images.unsplash.com/photo-1527443224154-c4a3942d3acf?q=80&w=800&auto=format&fit=crop,sc_01KZ673CEPGC3SNN79A1AGTBKE,variant_01KZBCMAVP3V6BMTW0GXMAJKKA,Matte Black,SKU-1786015000980-54-5607,,,,false,false,,,,,,,,,,0,,prod_01KZBCMAR3F1XFJK9R0HJD9C4R,Thu Aug 06 2026 12:16:41 GMT+0100 (GMT+01:00),Thu Aug 06 2026 12:16:41 GMT+0100 (GMT+01:00),,455,https://images.unsplash.com/photo-1527443224154-c4a3942d3acf?q=80&w=800&auto=format&fit=crop
prod_01KZBCMAR3F9WEHWWDJRGHM0GM,tech-1786015000980-51-8213,Bose Speaker Advanced Gen-3,,published,,"Premium speaker engineered by Bose. Features the latest technology, sleek design, and unparalleled performance. Perfect for professionals and enthusiasts alike.",false,true,https://images.unsplash.com/photo-1505156868547-9b49f4df4e04?q=80&w=800&auto=format&fit=crop,,,,,,,,,,,Thu Aug 06 2026 12:16:41 GMT+0100 (GMT+01:00),Thu Aug 06 2026 12:16:41 GMT+0100 (GMT+01:00),,https://images.unsplash.com/photo-1505156868547-9b49f4df4e04?q=80&w=800&auto=format&fit=crop,sc_01KZ673CEPGC3SNN79A1AGTBKE,variant_01KZBCMAVNJ92MQ1W0S901H0JT,Matte Black,SKU-1786015000980-51-8213,,,,false,false,,,,,,,,,,0,,prod_01KZBCMAR3F9WEHWWDJRGHM0GM,Thu Aug 06 2026 12:16:41 GMT+0100 (GMT+01:00),Thu Aug 06 2026 12:16:41 GMT+0100 (GMT+01:00),,600,https://images.unsplash.com/photo-1505156868547-9b49f4df4e04?q=80&w=800&auto=format&fit=crop
prod_01KZBCMAR3H08CJC4WSN0G6MMJ,tech-1786015000980-87-2744,Dell Tablet Air Gen-6,,published,,"Premium tablet engineered by Dell. Features the latest technology, sleek design, and unparalleled performance. Perfect for professionals and enthusiasts alike.",false,true,https://images.unsplash.com/photo-1496181133206-80ce9b88a853?q=80&w=800&auto=format&fit=crop,,,,,,,,,,,Thu Aug 06 2026 12:16:41 GMT+0100 (GMT+01:00),Thu Aug 06 2026 12:16:41 GMT+0100 (GMT+01:00),,https://images.unsplash.com/photo-1496181133206-80ce9b88a853?q=80&w=800&auto=format&fit=crop,sc_01KZ673CEPGC3SNN79A1AGTBKE,variant_01KZBCMAVQA9XKYDZFAB0HSFXZ,Matte Black,SKU-1786015000980-87-2744,,,,false,false,,,,,,,,,,0,,prod_01KZBCMAR3H08CJC4WSN0G6MMJ,Thu Aug 06 2026 12:16:41 GMT+0100 (GMT+01:00),Thu Aug 06 2026 12:16:41 GMT+0100 (GMT+01:00),,981,https://images.unsplash.com/photo-1496181133206-80ce9b88a853?q=80&w=800&auto=format&fit=crop
prod_01KZBCMAR3HHE0847PAX78MYN0,tech-1786015000980-62-3951,Bose Camera Advanced Gen-6,,published,,"Premium camera engineered by Bose. Features the latest technology, sleek design, and unparalleled performance. Perfect for professionals and enthusiasts alike.",false,true,https://images.unsplash.com/photo-1496181133206-80ce9b88a853?q=80&w=800&auto=format&fit=crop,,,,,,,,,,,Thu Aug 06 2026 12:16:41 GMT+0100 (GMT+01:00),Thu Aug 06 2026 12:16:41 GMT+0100 (GMT+01:00),,https://images.unsplash.com/photo-1496181133206-80ce9b88a853?q=80&w=800&auto=format&fit=crop,sc_01KZ673CEPGC3SNN79A1AGTBKE,variant_01KZBCMAVPZY3BFTEHCAYS3EHD,Matte Black,SKU-1786015000980-62-3951,,,,false,false,,,,,,,,,,0,,prod_01KZBCMAR3HHE0847PAX78MYN0,Thu Aug 06 2026 12:16:41 GMT+0100 (GMT+01:00),Thu Aug 06 2026 12:16:41 GMT+0100 (GMT+01:00),,66,https://images.unsplash.com/photo-1496181133206-80ce9b88a853?q=80&w=800&auto=format&fit=crop
prod_01KZBCMAR3HKMVRXXAVA5VTDWF,tech-1786015000980-95-4805,Samsung Camera Ultra Gen-4,,published,,"Premium camera engineered by Samsung. Features the latest technology, sleek design, and unparalleled performance. Perfect for professionals and enthusiasts alike.",false,true,https://images.unsplash.com/photo-1527814050087-379381547969?q=80&w=800&auto=format&fit=crop,,,,,,,,,,,Thu Aug 06 2026 12:16:41 GMT+0100 (GMT+01:00),Thu Aug 06 2026 12:16:41 GMT+0100 (GMT+01:00),,https://images.unsplash.com/photo-1527814050087-379381547969?q=80&w=800&auto=format&fit=crop,sc_01KZ673CEPGC3SNN79A1AGTBKE,variant_01KZBCMAVQ081RY9KAG6C603E6,Matte Black,SKU-1786015000980-95-4805,,,,false,false,,,,,,,,,,0,,prod_01KZBCMAR3HKMVRXXAVA5VTDWF,Thu Aug 06 2026 12:16:41 GMT+0100 (GMT+01:00),Thu Aug 06 2026 12:16:41 GMT+0100 (GMT+01:00),,1475,https://images.unsplash.com/photo-1527814050087-379381547969?q=80&w=800&auto=format&fit=crop
prod_01KZBCMAR3JRZ8QMSXTG1XSAEM,tech-1786015000980-55-9303,Asus Laptop Mini Gen-8,,published,,"Premium laptop engineered by Asus. Features the latest technology, sleek design, and unparalleled performance. Perfect for professionals and enthusiasts alike.",false,true,https://images.unsplash.com/photo-1527814050087-379381547969?q=80&w=800&auto=format&fit=crop,,,,,,,,,,,Thu Aug 06 2026 12:16:41 GMT+0100 (GMT+01:00),Thu Aug 06 2026 12:16:41 GMT+0100 (GMT+01:00),,https://images.unsplash.com/photo-1527814050087-379381547969?q=80&w=800&auto=format&fit=crop,sc_01KZ673CEPGC3SNN79A1AGTBKE,variant_01KZBCMAVP4WXAC7DZVF009P63,Matte Black,SKU-1786015000980-55-9303,,,,false,false,,,,,,,,,,0,,prod_01KZBCMAR3JRZ8QMSXTG1XSAEM,Thu Aug 06 2026 12:16:41 GMT+0100 (GMT+01:00),Thu Aug 06 2026 12:16:41 GMT+0100 (GMT+01:00),,1440,https://images.unsplash.com/photo-1527814050087-379381547969?q=80&w=800&auto=format&fit=crop
prod_01KZBCMAR3M3917RAKZ5ATYQXA,tech-1786015000980-96-7829,Asus Laptop Advanced Gen-6,,published,,"Premium laptop engineered by Asus. Features the latest technology, sleek design, and unparalleled performance. Perfect for professionals and enthusiasts alike.",false,true,https://images.unsplash.com/photo-1505156868547-9b49f4df4e04?q=80&w=800&auto=format&fit=crop,,,,,,,,,,,Thu Aug 06 2026 12:16:41 GMT+0100 (GMT+01:00),Thu Aug 06 2026 12:16:41 GMT+0100 (GMT+01:00),,https://images.unsplash.com/photo-1505156868547-9b49f4df4e04?q=80&w=800&auto=format&fit=crop,sc_01KZ673CEPGC3SNN79A1AGTBKE,variant_01KZBCMAVQ832R9P736VBVEECG,Matte Black,SKU-1786015000980-96-7829,,,,false,false,,,,,,,,,,0,,prod_01KZBCMAR3M3917RAKZ5ATYQXA,Thu Aug 06 2026 12:16:41 GMT+0100 (GMT+01:00),Thu Aug 06 2026 12:16:41 GMT+0100 (GMT+01:00),,411,https://images.unsplash.com/photo-1505156868547-9b49f4df4e04?q=80&w=800&auto=format&fit=crop
prod_01KZBCMAR3M4AZADAA9GJ8Z5TM,tech-1786015000980-79-8406,Bose Tablet Pro Gen-1,,published,,"Premium tablet engineered by Bose. Features the latest technology, sleek design, and unparalleled performance. Perfect for professionals and enthusiasts alike.",false,true,https://images.unsplash.com/photo-1505156868547-9b49f4df4e04?q=80&w=800&auto=format&fit=crop,,,,,,,,,,,Thu Aug 06 2026 12:16:41 GMT+0100 (GMT+01:00),Thu Aug 06 2026 12:16:41 GMT+0100 (GMT+01:00),,https://images.unsplash.com/photo-1505156868547-9b49f4df4e04?q=80&w=800&auto=format&fit=crop,sc_01KZ673CEPGC3SNN79A1AGTBKE,variant_01KZBCMAVP01PZ9VJK09CAXSZN,Matte Black,SKU-1786015000980-79-8406,,,,false,false,,,,,,,,,,0,,prod_01KZBCMAR3M4AZADAA9GJ8Z5TM,Thu Aug 06 2026 12:16:41 GMT+0100 (GMT+01:00),Thu Aug 06 2026 12:16:41 GMT+0100 (GMT+01:00),,60,https://images.unsplash.com/photo-1505156868547-9b49f4df4e04?q=80&w=800&auto=format&fit=crop
prod_01KZBCMAR3MBJJ6359SCRCG9CW,tech-1786015000980-83-9465,Lenovo Camera Max Gen-4,,published,,"Premium camera engineered by Lenovo. Features the latest technology, sleek design, and unparalleled performance. Perfect for professionals and enthusiasts alike.",false,true,https://images.unsplash.com/photo-1527814050087-379381547969?q=80&w=800&auto=format&fit=crop,,,,,,,,,,,Thu Aug 06 2026 12:16:41 GMT+0100 (GMT+01:00),Thu Aug 06 2026 12:16:41 GMT+0100 (GMT+01:00),,https://images.unsplash.com/photo-1527814050087-379381547969?q=80&w=800&auto=format&fit=crop,sc_01KZ673CEPGC3SNN79A1AGTBKE,variant_01KZBCMAVPGWSG96XQHADBP0D3,Matte Black,SKU-1786015000980-83-9465,,,,false,false,,,,,,,,,,0,,prod_01KZBCMAR3MBJJ6359SCRCG9CW,Thu Aug 06 2026 12:16:41 GMT+0100 (GMT+01:00),Thu Aug 06 2026 12:16:41 GMT+0100 (GMT+01:00),,315,https://images.unsplash.com/photo-1527814050087-379381547969?q=80&w=800&auto=format&fit=crop
prod_01KZBCMAR3MKJ4GZ3VMDPG1M2K,tech-1786015000980-76-5861,Razer Laptop Mini Gen-10,,published,,"Premium laptop engineered by Razer. Features the latest technology, sleek design, and unparalleled performance. Perfect for professionals and enthusiasts alike.",false,true,https://images.unsplash.com/photo-1527443224154-c4a3942d3acf?q=80&w=800&auto=format&fit=crop,,,,,,,,,,,Thu Aug 06 2026 12:16:41 GMT+0100 (GMT+01:00),Thu Aug 06 2026 12:16:41 GMT+0100 (GMT+01:00),,https://images.unsplash.com/photo-1527443224154-c4a3942d3acf?q=80&w=800&auto=format&fit=crop,sc_01KZ673CEPGC3SNN79A1AGTBKE,variant_01KZBCMAVPB864BV1GX15C5WMH,Matte Black,SKU-1786015000980-76-5861,,,,false,false,,,,,,,,,,0,,prod_01KZBCMAR3MKJ4GZ3VMDPG1M2K,Thu Aug 06 2026 12:16:41 GMT+0100 (GMT+01:00),Thu Aug 06 2026 12:16:41 GMT+0100 (GMT+01:00),,1359,https://images.unsplash.com/photo-1527443224154-c4a3942d3acf?q=80&w=800&auto=format&fit=crop
prod_01KZBCMAR3N4ENW3F1NM78JZM5,tech-1786015000980-73-651,Asus Keyboard Plus Gen-1,,published,,"Premium keyboard engineered by Asus. Features the latest technology, sleek design, and unparalleled performance. Perfect for professionals and enthusiasts alike.",false,true,https://images.unsplash.com/photo-1505740420928-5e560c06d30e?q=80&w=800&auto=format&fit=crop,,,,,,,,,,,Thu Aug 06 2026 12:16:41 GMT+0100 (GMT+01:00),Thu Aug 06 2026 12:16:41 GMT+0100 (GMT+01:00),,https://images.unsplash.com/photo-1505740420928-5e560c06d30e?q=80&w=800&auto=format&fit=crop,sc_01KZ673CEPGC3SNN79A1AGTBKE,variant_01KZBCMAVPZ9YJFCBZA5SMZYY2,Matte Black,SKU-1786015000980-73-651,,,,false,false,,,,,,,,,,0,,prod_01KZBCMAR3N4ENW3F1NM78JZM5,Thu Aug 06 2026 12:16:41 GMT+0100 (GMT+01:00),Thu Aug 06 2026 12:16:41 GMT+0100 (GMT+01:00),,1265,https://images.unsplash.com/photo-1505740420928-5e560c06d30e?q=80&w=800&auto=format&fit=crop
prod_01KZBCMAR3NH11YZDWS65APQF1,tech-1786015000980-72-9673,Razer Laptop Advanced Gen-10,,published,,"Premium laptop engineered by Razer. Features the latest technology, sleek design, and unparalleled performance. Perfect for professionals and enthusiasts alike.",false,true,https://images.unsplash.com/photo-1505740420928-5e560c06d30e?q=80&w=800&auto=format&fit=crop,,,,,,,,,,,Thu Aug 06 2026 12:16:41 GMT+0100 (GMT+01:00),Thu Aug 06 2026 12:16:41 GMT+0100 (GMT+01:00),,https://images.unsplash.com/photo-1505740420928-5e560c06d30e?q=80&w=800&auto=format&fit=crop,sc_01KZ673CEPGC3SNN79A1AGTBKE,variant_01KZBCMAVP2FMP6J0P5KETWBRJ,Matte Black,SKU-1786015000980-72-9673,,,,false,false,,,,,,,,,,0,,prod_01KZBCMAR3NH11YZDWS65APQF1,Thu Aug 06 2026 12:16:41 GMT+0100 (GMT+01:00),Thu Aug 06 2026 12:16:41 GMT+0100 (GMT+01:00),,1131,https://images.unsplash.com/photo-1505740420928-5e560c06d30e?q=80&w=800&auto=format&fit=crop
prod_01KZBCMAR3PMF4PN6RXGQV31HA,tech-1786015000980-58-1509,Logitech Smartwatch Max Gen-8,,published,,"Premium smartwatch engineered by Logitech. Features the latest technology, sleek design, and unparalleled performance. Perfect for professionals and enthusiasts alike.",false,true,https://images.unsplash.com/photo-1546868871-7041f2a55e12?q=80&w=800&auto=format&fit=crop,,,,,,,,,,,Thu Aug 06 2026 12:16:41 GMT+0100 (GMT+01:00),Thu Aug 06 2026 12:16:41 GMT+0100 (GMT+01:00),,https://images.unsplash.com/photo-1546868871-7041f2a55e12?q=80&w=800&auto=format&fit=crop,sc_01KZ673CEPGC3SNN79A1AGTBKE,variant_01KZBCMAVPHJ9V7PSKBV6AGAMX,Matte Black,SKU-1786015000980-58-1509,,,,false,false,,,,,,,,,,0,,prod_01KZBCMAR3PMF4PN6RXGQV31HA,Thu Aug 06 2026 12:16:41 GMT+0100 (GMT+01:00),Thu Aug 06 2026 12:16:41 GMT+0100 (GMT+01:00),,1483,https://images.unsplash.com/photo-1546868871-7041f2a55e12?q=80&w=800&auto=format&fit=crop
prod_01KZBCMAR3Q847RJ8G0B9DG2R8,tech-1786015000980-74-2258,Dell Headphones Air Gen-1,,published,,"Premium headphones engineered by Dell. Features the latest technology, sleek design, and unparalleled performance. Perfect for professionals and enthusiasts alike.",false,true,https://images.unsplash.com/photo-1496181133206-80ce9b88a853?q=80&w=800&auto=format&fit=crop,,,,,,,,,,,Thu Aug 06 2026 12:16:41 GMT+0100 (GMT+01:00),Thu Aug 06 2026 12:16:41 GMT+0100 (GMT+01:00),,https://images.unsplash.com/photo-1496181133206-80ce9b88a853?q=80&w=800&auto=format&fit=crop,sc_01KZ673CEPGC3SNN79A1AGTBKE,variant_01KZBCMAVPM4NVT2W6M5EK84HK,Matte Black,SKU-1786015000980-74-2258,,,,false,false,,,,,,,,,,0,,prod_01KZBCMAR3Q847RJ8G0B9DG2R8,Thu Aug 06 2026 12:16:41 GMT+0100 (GMT+01:00),Thu Aug 06 2026 12:16:41 GMT+0100 (GMT+01:00),,473,https://images.unsplash.com/photo-1496181133206-80ce9b88a853?q=80&w=800&auto=format&fit=crop
prod_01KZBCMAR3R0DK9EP2VP197DZ1,tech-1786015000980-90-7131,Lenovo Headphones Plus Gen-6,,published,,"Premium headphones engineered by Lenovo. Features the latest technology, sleek design, and unparalleled performance. Perfect for professionals and enthusiasts alike.",false,true,https://images.unsplash.com/photo-1527814050087-379381547969?q=80&w=800&auto=format&fit=crop,,,,,,,,,,,Thu Aug 06 2026 12:16:41 GMT+0100 (GMT+01:00),Thu Aug 06 2026 12:16:41 GMT+0100 (GMT+01:00),,https://images.unsplash.com/photo-1527814050087-379381547969?q=80&w=800&auto=format&fit=crop,sc_01KZ673CEPGC3SNN79A1AGTBKE,variant_01KZBCMAVQK5BZFCR8K485TAWW,Matte Black,SKU-1786015000980-90-7131,,,,false,false,,,,,,,,,,0,,prod_01KZBCMAR3R0DK9EP2VP197DZ1,Thu Aug 06 2026 12:16:41 GMT+0100 (GMT+01:00),Thu Aug 06 2026 12:16:41 GMT+0100 (GMT+01:00),,1217,https://images.unsplash.com/photo-1527814050087-379381547969?q=80&w=800&auto=format&fit=crop
prod_01KZBCMAR3SBJRVTH3HP8MA3X6,tech-1786015000980-56-2050,HP Monitor Pro Gen-3,,published,,"Premium monitor engineered by HP. Features the latest technology, sleek design, and unparalleled performance. Perfect for professionals and enthusiasts alike.",false,true,https://images.unsplash.com/photo-1496181133206-80ce9b88a853?q=80&w=800&auto=format&fit=crop,,,,,,,,,,,Thu Aug 06 2026 12:16:41 GMT+0100 (GMT+01:00),Thu Aug 06 2026 12:16:41 GMT+0100 (GMT+01:00),,https://images.unsplash.com/photo-1496181133206-80ce9b88a853?q=80&w=800&auto=format&fit=crop,sc_01KZ673CEPGC3SNN79A1AGTBKE,variant_01KZBCMAVP6QW7K68DDP0JW3WT,Matte Black,SKU-1786015000980-56-2050,,,,false,false,,,,,,,,,,0,,prod_01KZBCMAR3SBJRVTH3HP8MA3X6,Thu Aug 06 2026 12:16:41 GMT+0100 (GMT+01:00),Thu Aug 06 2026 12:16:41 GMT+0100 (GMT+01:00),,269,https://images.unsplash.com/photo-1496181133206-80ce9b88a853?q=80&w=800&auto=format&fit=crop
prod_01KZBCMAR3SCNM2E81TFWD766G,tech-1786015000980-99-5664,Logitech Tablet Air Gen-2,,published,,"Premium tablet engineered by Logitech. Features the latest technology, sleek design, and unparalleled performance. Perfect for professionals and enthusiasts alike.",false,true,https://images.unsplash.com/photo-1505740420928-5e560c06d30e?q=80&w=800&auto=format&fit=crop,,,,,,,,,,,Thu Aug 06 2026 12:16:41 GMT+0100 (GMT+01:00),Thu Aug 06 2026 12:16:41 GMT+0100 (GMT+01:00),,https://images.unsplash.com/photo-1505740420928-5e560c06d30e?q=80&w=800&auto=format&fit=crop,sc_01KZ673CEPGC3SNN79A1AGTBKE,variant_01KZBCMAVQATYV0HP10JP85S67,Matte Black,SKU-1786015000980-99-5664,,,,false,false,,,,,,,,,,0,,prod_01KZBCMAR3SCNM2E81TFWD766G,Thu Aug 06 2026 12:16:41 GMT+0100 (GMT+01:00),Thu Aug 06 2026 12:16:41 GMT+0100 (GMT+01:00),,292,https://images.unsplash.com/photo-1505740420928-5e560c06d30e?q=80&w=800&auto=format&fit=crop
prod_01KZBCMAR3SYGGVY4PX75ZK6GA,tech-1786015000980-68-8675,Logitech Monitor Mini Gen-10,,published,,"Premium monitor engineered by Logitech. Features the latest technology, sleek design, and unparalleled performance. Perfect for professionals and enthusiasts alike.",false,true,https://images.unsplash.com/photo-1527443224154-c4a3942d3acf?q=80&w=800&auto=format&fit=crop,,,,,,,,,,,Thu Aug 06 2026 12:16:41 GMT+0100 (GMT+01:00),Thu Aug 06 2026 12:16:41 GMT+0100 (GMT+01:00),,https://images.unsplash.com/photo-1527443224154-c4a3942d3acf?q=80&w=800&auto=format&fit=crop,sc_01KZ673CEPGC3SNN79A1AGTBKE,variant_01KZBCMAVP4WYH4SYAZWXBTYG4,Matte Black,SKU-1786015000980-68-8675,,,,false,false,,,,,,,,,,0,,prod_01KZBCMAR3SYGGVY4PX75ZK6GA,Thu Aug 06 2026 12:16:41 GMT+0100 (GMT+01:00),Thu Aug 06 2026 12:16:41 GMT+0100 (GMT+01:00),,997,https://images.unsplash.com/photo-1527443224154-c4a3942d3acf?q=80&w=800&auto=format&fit=crop
prod_01KZBCMAR3T7YGA3W9W2KBWHTP,tech-1786015000980-100-9930,Razer Headphones Advanced Gen-4,,published,,"Premium headphones engineered by Razer. Features the latest technology, sleek design, and unparalleled performance. Perfect for professionals and enthusiasts alike.",false,true,https://images.unsplash.com/photo-1505740420928-5e560c06d30e?q=80&w=800&auto=format&fit=crop,,,,,,,,,,,Thu Aug 06 2026 12:16:41 GMT+0100 (GMT+01:00),Thu Aug 06 2026 12:16:41 GMT+0100 (GMT+01:00),,https://images.unsplash.com/photo-1505740420928-5e560c06d30e?q=80&w=800&auto=format&fit=crop,sc_01KZ673CEPGC3SNN79A1AGTBKE,variant_01KZBCMAVQ8T72S3ZSEK7AM1JS,Matte Black,SKU-1786015000980-100-9930,,,,false,false,,,,,,,,,,0,,prod_01KZBCMAR3T7YGA3W9W2KBWHTP,Thu Aug 06 2026 12:16:41 GMT+0100 (GMT+01:00),Thu Aug 06 2026 12:16:41 GMT+0100 (GMT+01:00),,567,https://images.unsplash.com/photo-1505740420928-5e560c06d30e?q=80&w=800&auto=format&fit=crop
prod_01KZBCMAR3TSWDMY46GZE991KP,tech-1786015000980-64-6761,Logitech Monitor Max Gen-8,,published,,"Premium monitor engineered by Logitech. Features the latest technology, sleek design, and unparalleled performance. Perfect for professionals and enthusiasts alike.",false,true,https://images.unsplash.com/photo-1527814050087-379381547969?q=80&w=800&auto=format&fit=crop,,,,,,,,,,,Thu Aug 06 2026 12:16:41 GMT+0100 (GMT+01:00),Thu Aug 06 2026 12:16:41 GMT+0100 (GMT+01:00),,https://images.unsplash.com/photo-1527814050087-379381547969?q=80&w=800&auto=format&fit=crop,sc_01KZ673CEPGC3SNN79A1AGTBKE,variant_01KZBCMAVPYW28PJP09T6DDYMZ,Matte Black,SKU-1786015000980-64-6761,,,,false,false,,,,,,,,,,0,,prod_01KZBCMAR3TSWDMY46GZE991KP,Thu Aug 06 2026 12:16:41 GMT+0100 (GMT+01:00),Thu Aug 06 2026 12:16:41 GMT+0100 (GMT+01:00),,446,https://images.unsplash.com/photo-1527814050087-379381547969?q=80&w=800&auto=format&fit=crop
prod_01KZBCMAR3VJW1S8FD7EX7DYH1,tech-1786015000980-88-8917,Asus Laptop Air Gen-2,,published,,"Premium laptop engineered by Asus. Features the latest technology, sleek design, and unparalleled performance. Perfect for professionals and enthusiasts alike.",false,true,https://images.unsplash.com/photo-1505156868547-9b49f4df4e04?q=80&w=800&auto=format&fit=crop,,,,,,,,,,,Thu Aug 06 2026 12:16:41 GMT+0100 (GMT+01:00),Thu Aug 06 2026 12:16:41 GMT+0100 (GMT+01:00),,https://images.unsplash.com/photo-1505156868547-9b49f4df4e04?q=80&w=800&auto=format&fit=crop,sc_01KZ673CEPGC3SNN79A1AGTBKE,variant_01KZBCMAVQZ9Q7ZDS73D7G8VF8,Matte Black,SKU-1786015000980-88-8917,,,,false,false,,,,,,,,,,0,,prod_01KZBCMAR3VJW1S8FD7EX7DYH1,Thu Aug 06 2026 12:16:41 GMT+0100 (GMT+01:00),Thu Aug 06 2026 12:16:41 GMT+0100 (GMT+01:00),,972,https://images.unsplash.com/photo-1505156868547-9b49f4df4e04?q=80&w=800&auto=format&fit=crop
prod_01KZBCMAR3VVZAEJ2054B17WSR,tech-1786015000980-91-7709,Asus Keyboard Lite Gen-6,,published,,"Premium keyboard engineered by Asus. Features the latest technology, sleek design, and unparalleled performance. Perfect for professionals and enthusiasts alike.",false,true,https://images.unsplash.com/photo-1595225476474-87563907a212?q=80&w=800&auto=format&fit=crop,,,,,,,,,,,Thu Aug 06 2026 12:16:41 GMT+0100 (GMT+01:00),Thu Aug 06 2026 12:16:41 GMT+0100 (GMT+01:00),,https://images.unsplash.com/photo-1595225476474-87563907a212?q=80&w=800&auto=format&fit=crop,sc_01KZ673CEPGC3SNN79A1AGTBKE,variant_01KZBCMAVQXFRFJNVA7XT3FW8N,Matte Black,SKU-1786015000980-91-7709,,,,false,false,,,,,,,,,,0,,prod_01KZBCMAR3VVZAEJ2054B17WSR,Thu Aug 06 2026 12:16:41 GMT+0100 (GMT+01:00),Thu Aug 06 2026 12:16:41 GMT+0100 (GMT+01:00),,728,https://images.unsplash.com/photo-1595225476474-87563907a212?q=80&w=800&auto=format&fit=crop
prod_01KZBCMAR3XPS00MV44J05YWGJ,tech-1786015000980-75-7765,Apple Camera Plus Gen-8,,published,,"Premium camera engineered by Apple. Features the latest technology, sleek design, and unparalleled performance. Perfect for professionals and enthusiasts alike.",false,true,https://images.unsplash.com/photo-1595225476474-87563907a212?q=80&w=800&auto=format&fit=crop,,,,,,,,,,,Thu Aug 06 2026 12:16:41 GMT+0100 (GMT+01:00),Thu Aug 06 2026 12:16:41 GMT+0100 (GMT+01:00),,https://images.unsplash.com/photo-1595225476474-87563907a212?q=80&w=800&auto=format&fit=crop,sc_01KZ673CEPGC3SNN79A1AGTBKE,variant_01KZBCMAVPYR3Z0Q9E2FMD56WJ,Matte Black,SKU-1786015000980-75-7765,,,,false,false,,,,,,,,,,0,,prod_01KZBCMAR3XPS00MV44J05YWGJ,Thu Aug 06 2026 12:16:41 GMT+0100 (GMT+01:00),Thu Aug 06 2026 12:16:41 GMT+0100 (GMT+01:00),,556,https://images.unsplash.com/photo-1595225476474-87563907a212?q=80&w=800&auto=format&fit=crop
prod_01KZBCMAR3XT0HHR73KC31AA3C,tech-1786015000980-94-1283,Razer Speaker Mini Gen-8,,published,,"Premium speaker engineered by Razer. Features the latest technology, sleek design, and unparalleled performance. Perfect for professionals and enthusiasts alike.",false,true,https://images.unsplash.com/photo-1595225476474-87563907a212?q=80&w=800&auto=format&fit=crop,,,,,,,,,,,Thu Aug 06 2026 12:16:41 GMT+0100 (GMT+01:00),Thu Aug 06 2026 12:16:41 GMT+0100 (GMT+01:00),,https://images.unsplash.com/photo-1595225476474-87563907a212?q=80&w=800&auto=format&fit=crop,sc_01KZ673CEPGC3SNN79A1AGTBKE,variant_01KZBCMAVQ4EBJSSRFWFJQT2Q8,Matte Black,SKU-1786015000980-94-1283,,,,false,false,,,,,,,,,,0,,prod_01KZBCMAR3XT0HHR73KC31AA3C,Thu Aug 06 2026 12:16:41 GMT+0100 (GMT+01:00),Thu Aug 06 2026 12:16:41 GMT+0100 (GMT+01:00),,1409,https://images.unsplash.com/photo-1595225476474-87563907a212?q=80&w=800&auto=format&fit=crop
prod_01KZBCMAR3YZ797RCMKDDMGTSV,tech-1786015000980-65-3169,Lenovo Smartwatch Ultra Gen-8,,published,,"Premium smartwatch engineered by Lenovo. Features the latest technology, sleek design, and unparalleled performance. Perfect for professionals and enthusiasts alike.",false,true,https://images.unsplash.com/photo-1527443224154-c4a3942d3acf?q=80&w=800&auto=format&fit=crop,,,,,,,,,,,Thu Aug 06 2026 12:16:41 GMT+0100 (GMT+01:00),Thu Aug 06 2026 12:16:41 GMT+0100 (GMT+01:00),,https://images.unsplash.com/photo-1527443224154-c4a3942d3acf?q=80&w=800&auto=format&fit=crop,sc_01KZ673CEPGC3SNN79A1AGTBKE,variant_01KZBCMAVPW4MQJDF0NCMQRJQH,Matte Black,SKU-1786015000980-65-3169,,,,false,false,,,,,,,,,,0,,prod_01KZBCMAR3YZ797RCMKDDMGTSV,Thu Aug 06 2026 12:16:41 GMT+0100 (GMT+01:00),Thu Aug 06 2026 12:16:41 GMT+0100 (GMT+01:00),,185,https://images.unsplash.com/photo-1527443224154-c4a3942d3acf?q=80&w=800&auto=format&fit=crop
prod_01KZBCMAR3Z1B77HC2GWXBVC17,tech-1786015000980-60-2948,Asus Tablet Air Gen-8,,published,,"Premium tablet engineered by Asus. Features the latest technology, sleek design, and unparalleled performance. Perfect for professionals and enthusiasts alike.",false,true,https://images.unsplash.com/photo-1505740420928-5e560c06d30e?q=80&w=800&auto=format&fit=crop,,,,,,,,,,,Thu Aug 06 2026 12:16:41 GMT+0100 (GMT+01:00),Thu Aug 06 2026 12:16:41 GMT+0100 (GMT+01:00),,https://images.unsplash.com/photo-1505740420928-5e560c06d30e?q=80&w=800&auto=format&fit=crop,sc_01KZ673CEPGC3SNN79A1AGTBKE,variant_01KZBCMAVPA4QJXD6YFZNKGDGN,Matte Black,SKU-1786015000980-60-2948,,,,false,false,,,,,,,,,,0,,prod_01KZBCMAR3Z1B77HC2GWXBVC17,Thu Aug 06 2026 12:16:41 GMT+0100 (GMT+01:00),Thu Aug 06 2026 12:16:41 GMT+0100 (GMT+01:00),,183,https://images.unsplash.com/photo-1505740420928-5e560c06d30e?q=80&w=800&auto=format&fit=crop
prod_01KZBCMAR3Z7S1GN4697KERVGX,tech-1786015000980-69-5419,Logitech Smartphone Mini Gen-6,,published,,"Premium smartphone engineered by Logitech. Features the latest technology, sleek design, and unparalleled performance. Perfect for professionals and enthusiasts alike.",false,true,https://images.unsplash.com/photo-1546868871-7041f2a55e12?q=80&w=800&auto=format&fit=crop,,,,,,,,,,,Thu Aug 06 2026 12:16:41 GMT+0100 (GMT+01:00),Thu Aug 06 2026 12:16:41 GMT+0100 (GMT+01:00),,https://images.unsplash.com/photo-1546868871-7041f2a55e12?q=80&w=800&auto=format&fit=crop,sc_01KZ673CEPGC3SNN79A1AGTBKE,variant_01KZBCMAVPATBCC85MYJSGM3AS,Matte Black,SKU-1786015000980-69-5419,,,,false,false,,,,,,,,,,0,,prod_01KZBCMAR3Z7S1GN4697KERVGX,Thu Aug 06 2026 12:16:41 GMT+0100 (GMT+01:00),Thu Aug 06 2026 12:16:41 GMT+0100 (GMT+01:00),,810,https://images.unsplash.com/photo-1546868871-7041f2a55e12?q=80&w=800&auto=format&fit=crop
prod_01KZBCMAR3ZB76PQNT1SA9DJGT,tech-1786015000980-98-2683,Logitech Tablet Elite Gen-1,,published,,"Premium tablet engineered by Logitech. Features the latest technology, sleek design, and unparalleled performance. Perfect for professionals and enthusiasts alike.",false,true,https://images.unsplash.com/photo-1527443224154-c4a3942d3acf?q=80&w=800&auto=format&fit=crop,,,,,,,,,,,Thu Aug 06 2026 12:16:41 GMT+0100 (GMT+01:00),Thu Aug 06 2026 12:16:41 GMT+0100 (GMT+01:00),,https://images.unsplash.com/photo-1527443224154-c4a3942d3acf?q=80&w=800&auto=format&fit=crop,sc_01KZ673CEPGC3SNN79A1AGTBKE,variant_01KZBCMAVQFMJVYYPGQVDD7Y3S,Matte Black,SKU-1786015000980-98-2683,,,,false,false,,,,,,,,,,0,,prod_01KZBCMAR3ZB76PQNT1SA9DJGT,Thu Aug 06 2026 12:16:41 GMT+0100 (GMT+01:00),Thu Aug 06 2026 12:16:41 GMT+0100 (GMT+01:00),,1344,https://images.unsplash.com/photo-1527443224154-c4a3942d3acf?q=80&w=800&auto=format&fit=crop
prod_01KZBCMAXS1C9SCNEXF2857Z8D,tech-1786015000980-108-1467,Dell Camera Air Gen-4,,published,,"Premium camera engineered by Dell. Features the latest technology, sleek design, and unparalleled performance. Perfect for professionals and enthusiasts alike.",false,true,https://images.unsplash.com/photo-1496181133206-80ce9b88a853?q=80&w=800&auto=format&fit=crop,,,,,,,,,,,Thu Aug 06 2026 12:16:41 GMT+0100 (GMT+01:00),Thu Aug 06 2026 12:16:41 GMT+0100 (GMT+01:00),,https://images.unsplash.com/photo-1496181133206-80ce9b88a853?q=80&w=800&auto=format&fit=crop,sc_01KZ673CEPGC3SNN79A1AGTBKE,variant_01KZBCMB0YMAAKG1SXGPW7K467,Matte Black,SKU-1786015000980-108-1467,,,,false,false,,,,,,,,,,0,,prod_01KZBCMAXS1C9SCNEXF2857Z8D,Thu Aug 06 2026 12:16:41 GMT+0100 (GMT+01:00),Thu Aug 06 2026 12:16:41 GMT+0100 (GMT+01:00),,1110,https://images.unsplash.com/photo-1496181133206-80ce9b88a853?q=80&w=800&auto=format&fit=crop
prod_01KZBCMAXS219ZN8F8JB51Q51J,tech-1786015000980-101-394,Asus Speaker Plus Gen-7,,published,,"Premium speaker engineered by Asus. Features the latest technology, sleek design, and unparalleled performance. Perfect for professionals and enthusiasts alike.",false,true,https://images.unsplash.com/photo-1527814050087-379381547969?q=80&w=800&auto=format&fit=crop,,,,,,,,,,,Thu Aug 06 2026 12:16:41 GMT+0100 (GMT+01:00),Thu Aug 06 2026 12:16:41 GMT+0100 (GMT+01:00),,https://images.unsplash.com/photo-1527814050087-379381547969?q=80&w=800&auto=format&fit=crop,sc_01KZ673CEPGC3SNN79A1AGTBKE,variant_01KZBCMB0X3J5EQTMG36EWXB8N,Matte Black,SKU-1786015000980-101-394,,,,false,false,,,,,,,,,,0,,prod_01KZBCMAXS219ZN8F8JB51Q51J,Thu Aug 06 2026 12:16:41 GMT+0100 (GMT+01:00),Thu Aug 06 2026 12:16:41 GMT+0100 (GMT+01:00),,158,https://images.unsplash.com/photo-1527814050087-379381547969?q=80&w=800&auto=format&fit=crop
prod_01KZBCMAXS2RWP5J2S5FTVQYJV,tech-1786015000980-111-3738,Lenovo Monitor Ultra Gen-6,,published,,"Premium monitor engineered by Lenovo. Features the latest technology, sleek design, and unparalleled performance. Perfect for professionals and enthusiasts alike.",false,true,https://images.unsplash.com/photo-1595225476474-87563907a212?q=80&w=800&auto=format&fit=crop,,,,,,,,,,,Thu Aug 06 2026 12:16:41 GMT+0100 (GMT+01:00),Thu Aug 06 2026 12:16:41 GMT+0100 (GMT+01:00),,https://images.unsplash.com/photo-1595225476474-87563907a212?q=80&w=800&auto=format&fit=crop,sc_01KZ673CEPGC3SNN79A1AGTBKE,variant_01KZBCMB0YCVCH296B79FAG78J,Matte Black,SKU-1786015000980-111-3738,,,,false,false,,,,,,,,,,0,,prod_01KZBCMAXS2RWP5J2S5FTVQYJV,Thu Aug 06 2026 12:16:41 GMT+0100 (GMT+01:00),Thu Aug 06 2026 12:16:41 GMT+0100 (GMT+01:00),,1299,https://images.unsplash.com/photo-1595225476474-87563907a212?q=80&w=800&auto=format&fit=crop
prod_01KZBCMAXS3PX967K97J22258N,tech-1786015000980-112-6425,Samsung Headphones Lite Gen-6,,published,,"Premium headphones engineered by Samsung. Features the latest technology, sleek design, and unparalleled performance. Perfect for professionals and enthusiasts alike.",false,true,https://images.unsplash.com/photo-1505740420928-5e560c06d30e?q=80&w=800&auto=format&fit=crop,,,,,,,,,,,Thu Aug 06 2026 12:16:41 GMT+0100 (GMT+01:00),Thu Aug 06 2026 12:16:41 GMT+0100 (GMT+01:00),,https://images.unsplash.com/photo-1505740420928-5e560c06d30e?q=80&w=800&auto=format&fit=crop,sc_01KZ673CEPGC3SNN79A1AGTBKE,variant_01KZBCMB0YN1SJMJWMZ7FPDF4G,Matte Black,SKU-1786015000980-112-6425,,,,false,false,,,,,,,,,,0,,prod_01KZBCMAXS3PX967K97J22258N,Thu Aug 06 2026 12:16:41 GMT+0100 (GMT+01:00),Thu Aug 06 2026 12:16:41 GMT+0100 (GMT+01:00),,1116,https://images.unsplash.com/photo-1505740420928-5e560c06d30e?q=80&w=800&auto=format&fit=crop
prod_01KZBCMAXS9AMAQA2DMJ4A44WW,tech-1786015000980-107-5860,Bose Speaker Max Gen-3,,published,,"Premium speaker engineered by Bose. Features the latest technology, sleek design, and unparalleled performance. Perfect for professionals and enthusiasts alike.",false,true,https://images.unsplash.com/photo-1496181133206-80ce9b88a853?q=80&w=800&auto=format&fit=crop,,,,,,,,,,,Thu Aug 06 2026 12:16:41 GMT+0100 (GMT+01:00),Thu Aug 06 2026 12:16:41 GMT+0100 (GMT+01:00),,https://images.unsplash.com/photo-1496181133206-80ce9b88a853?q=80&w=800&auto=format&fit=crop,sc_01KZ673CEPGC3SNN79A1AGTBKE,variant_01KZBCMB0YJP43CKVDQXGYPVPQ,Matte Black,SKU-1786015000980-107-5860,,,,false,false,,,,,,,,,,0,,prod_01KZBCMAXS9AMAQA2DMJ4A44WW,Thu Aug 06 2026 12:16:41 GMT+0100 (GMT+01:00),Thu Aug 06 2026 12:16:41 GMT+0100 (GMT+01:00),,1139,https://images.unsplash.com/photo-1496181133206-80ce9b88a853?q=80&w=800&auto=format&fit=crop
prod_01KZBCMAXS9KJBEV9B68RV7KZT,tech-1786015000980-113-6583,HP Tablet Ultra Gen-10,,published,,"Premium tablet engineered by HP. Features the latest technology, sleek design, and unparalleled performance. Perfect for professionals and enthusiasts alike.",false,true,https://images.unsplash.com/photo-1505740420928-5e560c06d30e?q=80&w=800&auto=format&fit=crop,,,,,,,,,,,Thu Aug 06 2026 12:16:41 GMT+0100 (GMT+01:00),Thu Aug 06 2026 12:16:41 GMT+0100 (GMT+01:00),,https://images.unsplash.com/photo-1505740420928-5e560c06d30e?q=80&w=800&auto=format&fit=crop,sc_01KZ673CEPGC3SNN79A1AGTBKE,variant_01KZBCMB0Y9M620AT0VBCBV4PZ,Matte Black,SKU-1786015000980-113-6583,,,,false,false,,,,,,,,,,0,,prod_01KZBCMAXS9KJBEV9B68RV7KZT,Thu Aug 06 2026 12:16:41 GMT+0100 (GMT+01:00),Thu Aug 06 2026 12:16:41 GMT+0100 (GMT+01:00),,752,https://images.unsplash.com/photo-1505740420928-5e560c06d30e?q=80&w=800&auto=format&fit=crop
prod_01KZBCMAXSAYG97PTM8XR951NF,tech-1786015000980-104-7109,Lenovo Monitor Lite Gen-8,,published,,"Premium monitor engineered by Lenovo. Features the latest technology, sleek design, and unparalleled performance. Perfect for professionals and enthusiasts alike.",false,true,https://images.unsplash.com/photo-1527814050087-379381547969?q=80&w=800&auto=format&fit=crop,,,,,,,,,,,Thu Aug 06 2026 12:16:41 GMT+0100 (GMT+01:00),Thu Aug 06 2026 12:16:41 GMT+0100 (GMT+01:00),,https://images.unsplash.com/photo-1527814050087-379381547969?q=80&w=800&auto=format&fit=crop,sc_01KZ673CEPGC3SNN79A1AGTBKE,variant_01KZBCMB0XGB4PQ422JW0D2TZT,Matte Black,SKU-1786015000980-104-7109,,,,false,false,,,,,,,,,,0,,prod_01KZBCMAXSAYG97PTM8XR951NF,Thu Aug 06 2026 12:16:41 GMT+0100 (GMT+01:00),Thu Aug 06 2026 12:16:41 GMT+0100 (GMT+01:00),,1540,https://images.unsplash.com/photo-1527814050087-379381547969?q=80&w=800&auto=format&fit=crop
prod_01KZBCMAXSPTED2YYMXYVB5KYQ,tech-1786015000980-109-1778,Logitech Camera Elite Gen-9,,published,,"Premium camera engineered by Logitech. Features the latest technology, sleek design, and unparalleled performance. Perfect for professionals and enthusiasts alike.",false,true,https://images.unsplash.com/photo-1496181133206-80ce9b88a853?q=80&w=800&auto=format&fit=crop,,,,,,,,,,,Thu Aug 06 2026 12:16:41 GMT+0100 (GMT+01:00),Thu Aug 06 2026 12:16:41 GMT+0100 (GMT+01:00),,https://images.unsplash.com/photo-1496181133206-80ce9b88a853?q=80&w=800&auto=format&fit=crop,sc_01KZ673CEPGC3SNN79A1AGTBKE,variant_01KZBCMB0YCWGF94FKDFAZBE55,Matte Black,SKU-1786015000980-109-1778,,,,false,false,,,,,,,,,,0,,prod_01KZBCMAXSPTED2YYMXYVB5KYQ,Thu Aug 06 2026 12:16:41 GMT+0100 (GMT+01:00),Thu Aug 06 2026 12:16:41 GMT+0100 (GMT+01:00),,88,https://images.unsplash.com/photo-1496181133206-80ce9b88a853?q=80&w=800&auto=format&fit=crop
prod_01KZBCMAXSS93V2E4F46XSPD4T,tech-1786015000980-102-7420,Logitech Keyboard Elite Gen-4,,published,,"Premium keyboard engineered by Logitech. Features the latest technology, sleek design, and unparalleled performance. Perfect for professionals and enthusiasts alike.",false,true,https://images.unsplash.com/photo-1496181133206-80ce9b88a853?q=80&w=800&auto=format&fit=crop,,,,,,,,,,,Thu Aug 06 2026 12:16:41 GMT+0100 (GMT+01:00),Thu Aug 06 2026 12:16:41 GMT+0100 (GMT+01:00),,https://images.unsplash.com/photo-1496181133206-80ce9b88a853?q=80&w=800&auto=format&fit=crop,sc_01KZ673CEPGC3SNN79A1AGTBKE,variant_01KZBCMB0XTF5TZ0XBJVX84YYE,Matte Black,SKU-1786015000980-102-7420,,,,false,false,,,,,,,,,,0,,prod_01KZBCMAXSS93V2E4F46XSPD4T,Thu Aug 06 2026 12:16:41 GMT+0100 (GMT+01:00),Thu Aug 06 2026 12:16:41 GMT+0100 (GMT+01:00),,762,https://images.unsplash.com/photo-1496181133206-80ce9b88a853?q=80&w=800&auto=format&fit=crop
prod_01KZBCMAXSSH1P7529SGHB0VPA,tech-1786015000980-103-7303,Bose Smartphone Mini Gen-7,,published,,"Premium smartphone engineered by Bose. Features the latest technology, sleek design, and unparalleled performance. Perfect for professionals and enthusiasts alike.",false,true,https://images.unsplash.com/photo-1546868871-7041f2a55e12?q=80&w=800&auto=format&fit=crop,,,,,,,,,,,Thu Aug 06 2026 12:16:41 GMT+0100 (GMT+01:00),Thu Aug 06 2026 12:16:41 GMT+0100 (GMT+01:00),,https://images.unsplash.com/photo-1546868871-7041f2a55e12?q=80&w=800&auto=format&fit=crop,sc_01KZ673CEPGC3SNN79A1AGTBKE,variant_01KZBCMB0XKTVE5J29FCEVNGDP,Matte Black,SKU-1786015000980-103-7303,,,,false,false,,,,,,,,,,0,,prod_01KZBCMAXSSH1P7529SGHB0VPA,Thu Aug 06 2026 12:16:41 GMT+0100 (GMT+01:00),Thu Aug 06 2026 12:16:41 GMT+0100 (GMT+01:00),,67,https://images.unsplash.com/photo-1546868871-7041f2a55e12?q=80&w=800&auto=format&fit=crop
prod_01KZBCMAXSSZVD7XCHZM40SWM2,tech-1786015000980-105-1065,Razer Speaker Essential Gen-7,,published,,"Premium speaker engineered by Razer. Features the latest technology, sleek design, and unparalleled performance. Perfect for professionals and enthusiasts alike.",false,true,https://images.unsplash.com/photo-1496181133206-80ce9b88a853?q=80&w=800&auto=format&fit=crop,,,,,,,,,,,Thu Aug 06 2026 12:16:41 GMT+0100 (GMT+01:00),Thu Aug 06 2026 12:16:41 GMT+0100 (GMT+01:00),,https://images.unsplash.com/photo-1496181133206-80ce9b88a853?q=80&w=800&auto=format&fit=crop,sc_01KZ673CEPGC3SNN79A1AGTBKE,variant_01KZBCMB0XWHBM54A6PTFRPD7M,Matte Black,SKU-1786015000980-105-1065,,,,false,false,,,,,,,,,,0,,prod_01KZBCMAXSSZVD7XCHZM40SWM2,Thu Aug 06 2026 12:16:41 GMT+0100 (GMT+01:00),Thu Aug 06 2026 12:16:41 GMT+0100 (GMT+01:00),,548,https://images.unsplash.com/photo-1496181133206-80ce9b88a853?q=80&w=800&auto=format&fit=crop
prod_01KZBCMAXST5NR9VAJRJM4SDGK,tech-1786015000980-106-4498,HP Smartwatch Advanced Gen-10,,published,,"Premium smartwatch engineered by HP. Features the latest technology, sleek design, and unparalleled performance. Perfect for professionals and enthusiasts alike.",false,true,https://images.unsplash.com/photo-1505740420928-5e560c06d30e?q=80&w=800&auto=format&fit=crop,,,,,,,,,,,Thu Aug 06 2026 12:16:41 GMT+0100 (GMT+01:00),Thu Aug 06 2026 12:16:41 GMT+0100 (GMT+01:00),,https://images.unsplash.com/photo-1505740420928-5e560c06d30e?q=80&w=800&auto=format&fit=crop,sc_01KZ673CEPGC3SNN79A1AGTBKE,variant_01KZBCMB0YC28K8323D05S78EY,Matte Black,SKU-1786015000980-106-4498,,,,false,false,,,,,,,,,,0,,prod_01KZBCMAXST5NR9VAJRJM4SDGK,Thu Aug 06 2026 12:16:41 GMT+0100 (GMT+01:00),Thu Aug 06 2026 12:16:41 GMT+0100 (GMT+01:00),,893,https://images.unsplash.com/photo-1505740420928-5e560c06d30e?q=80&w=800&auto=format&fit=crop
prod_01KZBCMAXSVYYN5WY82DMASH1D,tech-1786015000980-114-3610,Razer Tablet Mini Gen-7,,published,,"Premium tablet engineered by Razer. Features the latest technology, sleek design, and unparalleled performance. Perfect for professionals and enthusiasts alike.",false,true,https://images.unsplash.com/photo-1527443224154-c4a3942d3acf?q=80&w=800&auto=format&fit=crop,,,,,,,,,,,Thu Aug 06 2026 12:16:41 GMT+0100 (GMT+01:00),Thu Aug 06 2026 12:16:41 GMT+0100 (GMT+01:00),,https://images.unsplash.com/photo-1527443224154-c4a3942d3acf?q=80&w=800&auto=format&fit=crop,sc_01KZ673CEPGC3SNN79A1AGTBKE,variant_01KZBCMB0Y3NKER8AQ7NKZKK6H,Matte Black,SKU-1786015000980-114-3610,,,,false,false,,,,,,,,,,0,,prod_01KZBCMAXSVYYN5WY82DMASH1D,Thu Aug 06 2026 12:16:41 GMT+0100 (GMT+01:00),Thu Aug 06 2026 12:16:41 GMT+0100 (GMT+01:00),,570,https://images.unsplash.com/photo-1527443224154-c4a3942d3acf?q=80&w=800&auto=format&fit=crop
prod_01KZBCMAXSYG5KB6N27FBR8ANW,tech-1786015000980-110-6718,Logitech Mouse Ultra Gen-1,,published,,"Premium mouse engineered by Logitech. Features the latest technology, sleek design, and unparalleled performance. Perfect for professionals and enthusiasts alike.",false,true,https://images.unsplash.com/photo-1505740420928-5e560c06d30e?q=80&w=800&auto=format&fit=crop,,,,,,,,,,,Thu Aug 06 2026 12:16:41 GMT+0100 (GMT+01:00),Thu Aug 06 2026 12:16:41 GMT+0100 (GMT+01:00),,https://images.unsplash.com/photo-1505740420928-5e560c06d30e?q=80&w=800&auto=format&fit=crop,sc_01KZ673CEPGC3SNN79A1AGTBKE,variant_01KZBCMB0YEY0TQ3CGE5F4HFDJ,Matte Black,SKU-1786015000980-110-6718,,,,false,false,,,,,,,,,,0,,prod_01KZBCMAXSYG5KB6N27FBR8ANW,Thu Aug 06 2026 12:16:41 GMT+0100 (GMT+01:00),Thu Aug 06 2026 12:16:41 GMT+0100 (GMT+01:00),,522,https://images.unsplash.com/photo-1505740420928-5e560c06d30e?q=80&w=800&auto=format&fit=crop
prod_01KZBCMAXT1YXCQ42HSF72H43X,tech-1786015000980-147-3158,Lenovo Camera Max Gen-2,,published,,"Premium camera engineered by Lenovo. Features the latest technology, sleek design, and unparalleled performance. Perfect for professionals and enthusiasts alike.",false,true,https://images.unsplash.com/photo-1505156868547-9b49f4df4e04?q=80&w=800&auto=format&fit=crop,,,,,,,,,,,Thu Aug 06 2026 12:16:41 GMT+0100 (GMT+01:00),Thu Aug 06 2026 12:16:41 GMT+0100 (GMT+01:00),,https://images.unsplash.com/photo-1505156868547-9b49f4df4e04?q=80&w=800&auto=format&fit=crop,sc_01KZ673CEPGC3SNN79A1AGTBKE,variant_01KZBCMB0Z9BS6DV4DNHPMSKBZ,Matte Black,SKU-1786015000980-147-3158,,,,false,false,,,,,,,,,,0,,prod_01KZBCMAXT1YXCQ42HSF72H43X,Thu Aug 06 2026 12:16:41 GMT+0100 (GMT+01:00),Thu Aug 06 2026 12:16:41 GMT+0100 (GMT+01:00),,885,https://images.unsplash.com/photo-1505156868547-9b49f4df4e04?q=80&w=800&auto=format&fit=crop
prod_01KZBCMAXT2P7AVYA4JEYW68MM,tech-1786015000980-120-3885,Sony Speaker Mini Gen-8,,published,,"Premium speaker engineered by Sony. Features the latest technology, sleek design, and unparalleled performance. Perfect for professionals and enthusiasts alike.",false,true,https://images.unsplash.com/photo-1546868871-7041f2a55e12?q=80&w=800&auto=format&fit=crop,,,,,,,,,,,Thu Aug 06 2026 12:16:41 GMT+0100 (GMT+01:00),Thu Aug 06 2026 12:16:41 GMT+0100 (GMT+01:00),,https://images.unsplash.com/photo-1546868871-7041f2a55e12?q=80&w=800&auto=format&fit=crop,sc_01KZ673CEPGC3SNN79A1AGTBKE,variant_01KZBCMB0YMMSQG8TA7CV6DFC4,Matte Black,SKU-1786015000980-120-3885,,,,false,false,,,,,,,,,,0,,prod_01KZBCMAXT2P7AVYA4JEYW68MM,Thu Aug 06 2026 12:16:41 GMT+0100 (GMT+01:00),Thu Aug 06 2026 12:16:41 GMT+0100 (GMT+01:00),,1128,https://images.unsplash.com/photo-1546868871-7041f2a55e12?q=80&w=800&auto=format&fit=crop
prod_01KZBCMAXT46G4HWSJR1RYXHKN,tech-1786015000980-126-5595,Asus Tablet Max Gen-4,,published,,"Premium tablet engineered by Asus. Features the latest technology, sleek design, and unparalleled performance. Perfect for professionals and enthusiasts alike.",false,true,https://images.unsplash.com/photo-1505740420928-5e560c06d30e?q=80&w=800&auto=format&fit=crop,,,,,,,,,,,Thu Aug 06 2026 12:16:41 GMT+0100 (GMT+01:00),Thu Aug 06 2026 12:16:41 GMT+0100 (GMT+01:00),,https://images.unsplash.com/photo-1505740420928-5e560c06d30e?q=80&w=800&auto=format&fit=crop,sc_01KZ673CEPGC3SNN79A1AGTBKE,variant_01KZBCMB0YN8RZA68E18PMDRM0,Matte Black,SKU-1786015000980-126-5595,,,,false,false,,,,,,,,,,0,,prod_01KZBCMAXT46G4HWSJR1RYXHKN,Thu Aug 06 2026 12:16:41 GMT+0100 (GMT+01:00),Thu Aug 06 2026 12:16:41 GMT+0100 (GMT+01:00),,778,https://images.unsplash.com/photo-1505740420928-5e560c06d30e?q=80&w=800&auto=format&fit=crop
prod_01KZBCMAXT51D2RK6YRJBV92SM,tech-1786015000980-148-9025,Asus Monitor Elite Gen-2,,published,,"Premium monitor engineered by Asus. Features the latest technology, sleek design, and unparalleled performance. Perfect for professionals and enthusiasts alike.",false,true,https://images.unsplash.com/photo-1546868871-7041f2a55e12?q=80&w=800&auto=format&fit=crop,,,,,,,,,,,Thu Aug 06 2026 12:16:41 GMT+0100 (GMT+01:00),Thu Aug 06 2026 12:16:41 GMT+0100 (GMT+01:00),,https://images.unsplash.com/photo-1546868871-7041f2a55e12?q=80&w=800&auto=format&fit=crop,sc_01KZ673CEPGC3SNN79A1AGTBKE,variant_01KZBCMB0Z7CYEJZK993Z9ZHXJ,Matte Black,SKU-1786015000980-148-9025,,,,false,false,,,,,,,,,,0,,prod_01KZBCMAXT51D2RK6YRJBV92SM,Thu Aug 06 2026 12:16:41 GMT+0100 (GMT+01:00),Thu Aug 06 2026 12:16:41 GMT+0100 (GMT+01:00),,740,https://images.unsplash.com/photo-1546868871-7041f2a55e12?q=80&w=800&auto=format&fit=crop
prod_01KZBCMAXT5YBN95GM6AQZT4Y0,tech-1786015000980-129-8292,Apple Smartphone Ultra Gen-4,,published,,"Premium smartphone engineered by Apple. Features the latest technology, sleek design, and unparalleled performance. Perfect for professionals and enthusiasts alike.",false,true,https://images.unsplash.com/photo-1505156868547-9b49f4df4e04?q=80&w=800&auto=format&fit=crop,,,,,,,,,,,Thu Aug 06 2026 12:16:41 GMT+0100 (GMT+01:00),Thu Aug 06 2026 12:16:41 GMT+0100 (GMT+01:00),,https://images.unsplash.com/photo-1505156868547-9b49f4df4e04?q=80&w=800&auto=format&fit=crop,sc_01KZ673CEPGC3SNN79A1AGTBKE,variant_01KZBCMB0YA9QYYR18ZE5FTSQ0,Matte Black,SKU-1786015000980-129-8292,,,,false,false,,,,,,,,,,0,,prod_01KZBCMAXT5YBN95GM6AQZT4Y0,Thu Aug 06 2026 12:16:41 GMT+0100 (GMT+01:00),Thu Aug 06 2026 12:16:41 GMT+0100 (GMT+01:00),,1330,https://images.unsplash.com/photo-1505156868547-9b49f4df4e04?q=80&w=800&auto=format&fit=crop
prod_01KZBCMAXT601A04KQAT65KD8S,tech-1786015000980-134-7398,Samsung Camera Mini Gen-1,,published,,"Premium camera engineered by Samsung. Features the latest technology, sleek design, and unparalleled performance. Perfect for professionals and enthusiasts alike.",false,true,https://images.unsplash.com/photo-1496181133206-80ce9b88a853?q=80&w=800&auto=format&fit=crop,,,,,,,,,,,Thu Aug 06 2026 12:16:41 GMT+0100 (GMT+01:00),Thu Aug 06 2026 12:16:41 GMT+0100 (GMT+01:00),,https://images.unsplash.com/photo-1496181133206-80ce9b88a853?q=80&w=800&auto=format&fit=crop,sc_01KZ673CEPGC3SNN79A1AGTBKE,variant_01KZBCMB0Y3J5K2NN0Z52CTGGR,Matte Black,SKU-1786015000980-134-7398,,,,false,false,,,,,,,,,,0,,prod_01KZBCMAXT601A04KQAT65KD8S,Thu Aug 06 2026 12:16:41 GMT+0100 (GMT+01:00),Thu Aug 06 2026 12:16:41 GMT+0100 (GMT+01:00),,239,https://images.unsplash.com/photo-1496181133206-80ce9b88a853?q=80&w=800&auto=format&fit=crop
prod_01KZBCMAXTAPDH04SQXYWBFJM5,tech-1786015000980-140-5582,Samsung Smartwatch Elite Gen-1,,published,,"Premium smartwatch engineered by Samsung. Features the latest technology, sleek design, and unparalleled performance. Perfect for professionals and enthusiasts alike.",false,true,https://images.unsplash.com/photo-1505740420928-5e560c06d30e?q=80&w=800&auto=format&fit=crop,,,,,,,,,,,Thu Aug 06 2026 12:16:41 GMT+0100 (GMT+01:00),Thu Aug 06 2026 12:16:41 GMT+0100 (GMT+01:00),,https://images.unsplash.com/photo-1505740420928-5e560c06d30e?q=80&w=800&auto=format&fit=crop,sc_01KZ673CEPGC3SNN79A1AGTBKE,variant_01KZBCMB0ZYBMVSPT0VRM57G5Y,Matte Black,SKU-1786015000980-140-5582,,,,false,false,,,,,,,,,,0,,prod_01KZBCMAXTAPDH04SQXYWBFJM5,Thu Aug 06 2026 12:16:41 GMT+0100 (GMT+01:00),Thu Aug 06 2026 12:16:41 GMT+0100 (GMT+01:00),,1265,https://images.unsplash.com/photo-1505740420928-5e560c06d30e?q=80&w=800&auto=format&fit=crop
prod_01KZBCMAXTAPTC2QSKYP7GEQ9D,tech-1786015000980-115-7753,Bose Smartwatch Air Gen-2,,published,,"Premium smartwatch engineered by Bose. Features the latest technology, sleek design, and unparalleled performance. Perfect for professionals and enthusiasts alike.",false,true,https://images.unsplash.com/photo-1546868871-7041f2a55e12?q=80&w=800&auto=format&fit=crop,,,,,,,,,,,Thu Aug 06 2026 12:16:41 GMT+0100 (GMT+01:00),Thu Aug 06 2026 12:16:41 GMT+0100 (GMT+01:00),,https://images.unsplash.com/photo-1546868871-7041f2a55e12?q=80&w=800&auto=format&fit=crop,sc_01KZ673CEPGC3SNN79A1AGTBKE,variant_01KZBCMB0YNSQRH46AW3TFJWNH,Matte Black,SKU-1786015000980-115-7753,,,,false,false,,,,,,,,,,0,,prod_01KZBCMAXTAPTC2QSKYP7GEQ9D,Thu Aug 06 2026 12:16:41 GMT+0100 (GMT+01:00),Thu Aug 06 2026 12:16:41 GMT+0100 (GMT+01:00),,670,https://images.unsplash.com/photo-1546868871-7041f2a55e12?q=80&w=800&auto=format&fit=crop
prod_01KZBCMAXTB994AFPY6EPEJSSY,tech-1786015000980-137-1436,Logitech Speaker Plus Gen-6,,published,,"Premium speaker engineered by Logitech. Features the latest technology, sleek design, and unparalleled performance. Perfect for professionals and enthusiasts alike.",false,true,https://images.unsplash.com/photo-1527814050087-379381547969?q=80&w=800&auto=format&fit=crop,,,,,,,,,,,Thu Aug 06 2026 12:16:41 GMT+0100 (GMT+01:00),Thu Aug 06 2026 12:16:41 GMT+0100 (GMT+01:00),,https://images.unsplash.com/photo-1527814050087-379381547969?q=80&w=800&auto=format&fit=crop,sc_01KZ673CEPGC3SNN79A1AGTBKE,variant_01KZBCMB0YKAFQ2HEVZGDBPWY6,Matte Black,SKU-1786015000980-137-1436,,,,false,false,,,,,,,,,,0,,prod_01KZBCMAXTB994AFPY6EPEJSSY,Thu Aug 06 2026 12:16:41 GMT+0100 (GMT+01:00),Thu Aug 06 2026 12:16:41 GMT+0100 (GMT+01:00),,340,https://images.unsplash.com/photo-1527814050087-379381547969?q=80&w=800&auto=format&fit=crop
prod_01KZBCMAXTC27B6V9R9WX1RJGY,tech-1786015000980-138-343,Samsung Speaker Advanced Gen-8,,published,,"Premium speaker engineered by Samsung. Features the latest technology, sleek design, and unparalleled performance. Perfect for professionals and enthusiasts alike.",false,true,https://images.unsplash.com/photo-1546868871-7041f2a55e12?q=80&w=800&auto=format&fit=crop,,,,,,,,,,,Thu Aug 06 2026 12:16:41 GMT+0100 (GMT+01:00),Thu Aug 06 2026 12:16:41 GMT+0100 (GMT+01:00),,https://images.unsplash.com/photo-1546868871-7041f2a55e12?q=80&w=800&auto=format&fit=crop,sc_01KZ673CEPGC3SNN79A1AGTBKE,variant_01KZBCMB0ZMKX91320V0HFED0Q,Matte Black,SKU-1786015000980-138-343,,,,false,false,,,,,,,,,,0,,prod_01KZBCMAXTC27B6V9R9WX1RJGY,Thu Aug 06 2026 12:16:41 GMT+0100 (GMT+01:00),Thu Aug 06 2026 12:16:41 GMT+0100 (GMT+01:00),,1138,https://images.unsplash.com/photo-1546868871-7041f2a55e12?q=80&w=800&auto=format&fit=crop
prod_01KZBCMAXTC2G56G441VZP2S3H,tech-1786015000980-149-4830,Bose Smartwatch Mini Gen-6,,published,,"Premium smartwatch engineered by Bose. Features the latest technology, sleek design, and unparalleled performance. Perfect for professionals and enthusiasts alike.",false,true,https://images.unsplash.com/photo-1527443224154-c4a3942d3acf?q=80&w=800&auto=format&fit=crop,,,,,,,,,,,Thu Aug 06 2026 12:16:41 GMT+0100 (GMT+01:00),Thu Aug 06 2026 12:16:41 GMT+0100 (GMT+01:00),,https://images.unsplash.com/photo-1527443224154-c4a3942d3acf?q=80&w=800&auto=format&fit=crop,sc_01KZ673CEPGC3SNN79A1AGTBKE,variant_01KZBCMB0Z5DRGHS4094Y8J022,Matte Black,SKU-1786015000980-149-4830,,,,false,false,,,,,,,,,,0,,prod_01KZBCMAXTC2G56G441VZP2S3H,Thu Aug 06 2026 12:16:41 GMT+0100 (GMT+01:00),Thu Aug 06 2026 12:16:41 GMT+0100 (GMT+01:00),,931,https://images.unsplash.com/photo-1527443224154-c4a3942d3acf?q=80&w=800&auto=format&fit=crop
prod_01KZBCMAXTDJZW25C9J3DNH4NZ,tech-1786015000980-144-3821,Razer Mouse Mini Gen-1,,published,,"Premium mouse engineered by Razer. Features the latest technology, sleek design, and unparalleled performance. Perfect for professionals and enthusiasts alike.",false,true,https://images.unsplash.com/photo-1546868871-7041f2a55e12?q=80&w=800&auto=format&fit=crop,,,,,,,,,,,Thu Aug 06 2026 12:16:41 GMT+0100 (GMT+01:00),Thu Aug 06 2026 12:16:41 GMT+0100 (GMT+01:00),,https://images.unsplash.com/photo-1546868871-7041f2a55e12?q=80&w=800&auto=format&fit=crop,sc_01KZ673CEPGC3SNN79A1AGTBKE,variant_01KZBCMB0Z3GJAZR7S51KHKEPG,Matte Black,SKU-1786015000980-144-3821,,,,false,false,,,,,,,,,,0,,prod_01KZBCMAXTDJZW25C9J3DNH4NZ,Thu Aug 06 2026 12:16:41 GMT+0100 (GMT+01:00),Thu Aug 06 2026 12:16:41 GMT+0100 (GMT+01:00),,531,https://images.unsplash.com/photo-1546868871-7041f2a55e12?q=80&w=800&auto=format&fit=crop
prod_01KZBCMAXTDX0KYXVHKMDF0K9W,tech-1786015000980-128-3069,Samsung Monitor Plus Gen-4,,published,,"Premium monitor engineered by Samsung. Features the latest technology, sleek design, and unparalleled performance. Perfect for professionals and enthusiasts alike.",false,true,https://images.unsplash.com/photo-1505740420928-5e560c06d30e?q=80&w=800&auto=format&fit=crop,,,,,,,,,,,Thu Aug 06 2026 12:16:41 GMT+0100 (GMT+01:00),Thu Aug 06 2026 12:16:41 GMT+0100 (GMT+01:00),,https://images.unsplash.com/photo-1505740420928-5e560c06d30e?q=80&w=800&auto=format&fit=crop,sc_01KZ673CEPGC3SNN79A1AGTBKE,variant_01KZBCMB0YNZF979PWSPM19TYS,Matte Black,SKU-1786015000980-128-3069,,,,false,false,,,,,,,,,,0,,prod_01KZBCMAXTDX0KYXVHKMDF0K9W,Thu Aug 06 2026 12:16:41 GMT+0100 (GMT+01:00),Thu Aug 06 2026 12:16:41 GMT+0100 (GMT+01:00),,116,https://images.unsplash.com/photo-1505740420928-5e560c06d30e?q=80&w=800&auto=format&fit=crop
prod_01KZBCMAXTFNKDE0G413KZ4GCS,tech-1786015000980-143-4458,Logitech Tablet Advanced Gen-2,,published,,"Premium tablet engineered by Logitech. Features the latest technology, sleek design, and unparalleled performance. Perfect for professionals and enthusiasts alike.",false,true,https://images.unsplash.com/photo-1505156868547-9b49f4df4e04?q=80&w=800&auto=format&fit=crop,,,,,,,,,,,Thu Aug 06 2026 12:16:41 GMT+0100 (GMT+01:00),Thu Aug 06 2026 12:16:41 GMT+0100 (GMT+01:00),,https://images.unsplash.com/photo-1505156868547-9b49f4df4e04?q=80&w=800&auto=format&fit=crop,sc_01KZ673CEPGC3SNN79A1AGTBKE,variant_01KZBCMB0ZDX2RKA0V776AX2CJ,Matte Black,SKU-1786015000980-143-4458,,,,false,false,,,,,,,,,,0,,prod_01KZBCMAXTFNKDE0G413KZ4GCS,Thu Aug 06 2026 12:16:41 GMT+0100 (GMT+01:00),Thu Aug 06 2026 12:16:41 GMT+0100 (GMT+01:00),,778,https://images.unsplash.com/photo-1505156868547-9b49f4df4e04?q=80&w=800&auto=format&fit=crop
prod_01KZBCMAXTFVZDX1SHQHMV7RE1,tech-1786015000980-146-7014,Samsung Tablet Essential Gen-8,,published,,"Premium tablet engineered by Samsung. Features the latest technology, sleek design, and unparalleled performance. Perfect for professionals and enthusiasts alike.",false,true,https://images.unsplash.com/photo-1505156868547-9b49f4df4e04?q=80&w=800&auto=format&fit=crop,,,,,,,,,,,Thu Aug 06 2026 12:16:41 GMT+0100 (GMT+01:00),Thu Aug 06 2026 12:16:41 GMT+0100 (GMT+01:00),,https://images.unsplash.com/photo-1505156868547-9b49f4df4e04?q=80&w=800&auto=format&fit=crop,sc_01KZ673CEPGC3SNN79A1AGTBKE,variant_01KZBCMB0ZAZYSKBT5AF9YKWW3,Matte Black,SKU-1786015000980-146-7014,,,,false,false,,,,,,,,,,0,,prod_01KZBCMAXTFVZDX1SHQHMV7RE1,Thu Aug 06 2026 12:16:41 GMT+0100 (GMT+01:00),Thu Aug 06 2026 12:16:41 GMT+0100 (GMT+01:00),,1229,https://images.unsplash.com/photo-1505156868547-9b49f4df4e04?q=80&w=800&auto=format&fit=crop
prod_01KZBCMAXTGG9ASKM18333YVPP,tech-1786015000980-145-8475,Sony Tablet Advanced Gen-1,,published,,"Premium tablet engineered by Sony. Features the latest technology, sleek design, and unparalleled performance. Perfect for professionals and enthusiasts alike.",false,true,https://images.unsplash.com/photo-1505156868547-9b49f4df4e04?q=80&w=800&auto=format&fit=crop,,,,,,,,,,,Thu Aug 06 2026 12:16:41 GMT+0100 (GMT+01:00),Thu Aug 06 2026 12:16:41 GMT+0100 (GMT+01:00),,https://images.unsplash.com/photo-1505156868547-9b49f4df4e04?q=80&w=800&auto=format&fit=crop,sc_01KZ673CEPGC3SNN79A1AGTBKE,variant_01KZBCMB0Z0Y4GWBV12JJ29XVQ,Matte Black,SKU-1786015000980-145-8475,,,,false,false,,,,,,,,,,0,,prod_01KZBCMAXTGG9ASKM18333YVPP,Thu Aug 06 2026 12:16:41 GMT+0100 (GMT+01:00),Thu Aug 06 2026 12:16:41 GMT+0100 (GMT+01:00),,1144,https://images.unsplash.com/photo-1505156868547-9b49f4df4e04?q=80&w=800&auto=format&fit=crop
prod_01KZBCMAXTMJTK30EC689JMV8V,tech-1786015000980-130-1453,Razer Mouse Ultra Gen-2,,published,,"Premium mouse engineered by Razer. Features the latest technology, sleek design, and unparalleled performance. Perfect for professionals and enthusiasts alike.",false,true,https://images.unsplash.com/photo-1527814050087-379381547969?q=80&w=800&auto=format&fit=crop,,,,,,,,,,,Thu Aug 06 2026 12:16:41 GMT+0100 (GMT+01:00),Thu Aug 06 2026 12:16:41 GMT+0100 (GMT+01:00),,https://images.unsplash.com/photo-1527814050087-379381547969?q=80&w=800&auto=format&fit=crop,sc_01KZ673CEPGC3SNN79A1AGTBKE,variant_01KZBCMB0YZED14MP3H5MSZQGJ,Matte Black,SKU-1786015000980-130-1453,,,,false,false,,,,,,,,,,0,,prod_01KZBCMAXTMJTK30EC689JMV8V,Thu Aug 06 2026 12:16:41 GMT+0100 (GMT+01:00),Thu Aug 06 2026 12:16:41 GMT+0100 (GMT+01:00),,259,https://images.unsplash.com/photo-1527814050087-379381547969?q=80&w=800&auto=format&fit=crop
prod_01KZBCMAXTN32FJ4BY9KP2CCPX,tech-1786015000980-116-6105,Asus Laptop Ultra Gen-3,,published,,"Premium laptop engineered by Asus. Features the latest technology, sleek design, and unparalleled performance. Perfect for professionals and enthusiasts alike.",false,true,https://images.unsplash.com/photo-1505156868547-9b49f4df4e04?q=80&w=800&auto=format&fit=crop,,,,,,,,,,,Thu Aug 06 2026 12:16:41 GMT+0100 (GMT+01:00),Thu Aug 06 2026 12:16:41 GMT+0100 (GMT+01:00),,https://images.unsplash.com/photo-1505156868547-9b49f4df4e04?q=80&w=800&auto=format&fit=crop,sc_01KZ673CEPGC3SNN79A1AGTBKE,variant_01KZBCMB0YEQFWM5ETA7BZZPHS,Matte Black,SKU-1786015000980-116-6105,,,,false,false,,,,,,,,,,0,,prod_01KZBCMAXTN32FJ4BY9KP2CCPX,Thu Aug 06 2026 12:16:41 GMT+0100 (GMT+01:00),Thu Aug 06 2026 12:16:41 GMT+0100 (GMT+01:00),,1259,https://images.unsplash.com/photo-1505156868547-9b49f4df4e04?q=80&w=800&auto=format&fit=crop
prod_01KZBCMAXTN3PCKW84EMJE2HCB,tech-1786015000980-127-8655,Logitech Keyboard Elite Gen-6,,published,,"Premium keyboard engineered by Logitech. Features the latest technology, sleek design, and unparalleled performance. Perfect for professionals and enthusiasts alike.",false,true,https://images.unsplash.com/photo-1505156868547-9b49f4df4e04?q=80&w=800&auto=format&fit=crop,,,,,,,,,,,Thu Aug 06 2026 12:16:41 GMT+0100 (GMT+01:00),Thu Aug 06 2026 12:16:41 GMT+0100 (GMT+01:00),,https://images.unsplash.com/photo-1505156868547-9b49f4df4e04?q=80&w=800&auto=format&fit=crop,sc_01KZ673CEPGC3SNN79A1AGTBKE,variant_01KZBCMB0YXB2V0RENTFN8ZRQB,Matte Black,SKU-1786015000980-127-8655,,,,false,false,,,,,,,,,,0,,prod_01KZBCMAXTN3PCKW84EMJE2HCB,Thu Aug 06 2026 12:16:41 GMT+0100 (GMT+01:00),Thu Aug 06 2026 12:16:41 GMT+0100 (GMT+01:00),,695,https://images.unsplash.com/photo-1505156868547-9b49f4df4e04?q=80&w=800&auto=format&fit=crop
prod_01KZBCMAXTNFFV87K1DMGMBJS6,tech-1786015000980-142-2267,Apple Mouse Advanced Gen-9,,published,,"Premium mouse engineered by Apple. Features the latest technology, sleek design, and unparalleled performance. Perfect for professionals and enthusiasts alike.",false,true,https://images.unsplash.com/photo-1505156868547-9b49f4df4e04?q=80&w=800&auto=format&fit=crop,,,,,,,,,,,Thu Aug 06 2026 12:16:41 GMT+0100 (GMT+01:00),Thu Aug 06 2026 12:16:41 GMT+0100 (GMT+01:00),,https://images.unsplash.com/photo-1505156868547-9b49f4df4e04?q=80&w=800&auto=format&fit=crop,sc_01KZ673CEPGC3SNN79A1AGTBKE,variant_01KZBCMB0ZV9WC4E2BEZBZW955,Matte Black,SKU-1786015000980-142-2267,,,,false,false,,,,,,,,,,0,,prod_01KZBCMAXTNFFV87K1DMGMBJS6,Thu Aug 06 2026 12:16:41 GMT+0100 (GMT+01:00),Thu Aug 06 2026 12:16:41 GMT+0100 (GMT+01:00),,553,https://images.unsplash.com/photo-1505156868547-9b49f4df4e04?q=80&w=800&auto=format&fit=crop
prod_01KZBCMAXTP81M42MZQ11HC6XR,tech-1786015000980-133-641,Dell Tablet Advanced Gen-10,,published,,"Premium tablet engineered by Dell. Features the latest technology, sleek design, and unparalleled performance. Perfect for professionals and enthusiasts alike.",false,true,https://images.unsplash.com/photo-1527814050087-379381547969?q=80&w=800&auto=format&fit=crop,,,,,,,,,,,Thu Aug 06 2026 12:16:41 GMT+0100 (GMT+01:00),Thu Aug 06 2026 12:16:41 GMT+0100 (GMT+01:00),,https://images.unsplash.com/photo-1527814050087-379381547969?q=80&w=800&auto=format&fit=crop,sc_01KZ673CEPGC3SNN79A1AGTBKE,variant_01KZBCMB0YNTF78BC8JMNW2TB4,Matte Black,SKU-1786015000980-133-641,,,,false,false,,,,,,,,,,0,,prod_01KZBCMAXTP81M42MZQ11HC6XR,Thu Aug 06 2026 12:16:41 GMT+0100 (GMT+01:00),Thu Aug 06 2026 12:16:41 GMT+0100 (GMT+01:00),,1117,https://images.unsplash.com/photo-1527814050087-379381547969?q=80&w=800&auto=format&fit=crop
prod_01KZBCMAXTPWN76MKKX031M4R4,tech-1786015000980-131-4244,Dell Speaker Advanced Gen-6,,published,,"Premium speaker engineered by Dell. Features the latest technology, sleek design, and unparalleled performance. Perfect for professionals and enthusiasts alike.",false,true,https://images.unsplash.com/photo-1496181133206-80ce9b88a853?q=80&w=800&auto=format&fit=crop,,,,,,,,,,,Thu Aug 06 2026 12:16:41 GMT+0100 (GMT+01:00),Thu Aug 06 2026 12:16:41 GMT+0100 (GMT+01:00),,https://images.unsplash.com/photo-1496181133206-80ce9b88a853?q=80&w=800&auto=format&fit=crop,sc_01KZ673CEPGC3SNN79A1AGTBKE,variant_01KZBCMB0YP5NPB3VA6N8RM4A9,Matte Black,SKU-1786015000980-131-4244,,,,false,false,,,,,,,,,,0,,prod_01KZBCMAXTPWN76MKKX031M4R4,Thu Aug 06 2026 12:16:41 GMT+0100 (GMT+01:00),Thu Aug 06 2026 12:16:41 GMT+0100 (GMT+01:00),,497,https://images.unsplash.com/photo-1496181133206-80ce9b88a853?q=80&w=800&auto=format&fit=crop
prod_01KZBCMAXTQ6DDFKKCXW38W4T9,tech-1786015000980-139-5439,Sony Monitor Ultra Gen-8,,published,,"Premium monitor engineered by Sony. Features the latest technology, sleek design, and unparalleled performance. Perfect for professionals and enthusiasts alike.",false,true,https://images.unsplash.com/photo-1595225476474-87563907a212?q=80&w=800&auto=format&fit=crop,,,,,,,,,,,Thu Aug 06 2026 12:16:41 GMT+0100 (GMT+01:00),Thu Aug 06 2026 12:16:41 GMT+0100 (GMT+01:00),,https://images.unsplash.com/photo-1595225476474-87563907a212?q=80&w=800&auto=format&fit=crop,sc_01KZ673CEPGC3SNN79A1AGTBKE,variant_01KZBCMB0ZWNJ4EKZWRW3CTP96,Matte Black,SKU-1786015000980-139-5439,,,,false,false,,,,,,,,,,0,,prod_01KZBCMAXTQ6DDFKKCXW38W4T9,Thu Aug 06 2026 12:16:41 GMT+0100 (GMT+01:00),Thu Aug 06 2026 12:16:41 GMT+0100 (GMT+01:00),,632,https://images.unsplash.com/photo-1595225476474-87563907a212?q=80&w=800&auto=format&fit=crop
prod_01KZBCMAXTQFE28JP57PD584KZ,tech-1786015000980-118-2606,Razer Camera Essential Gen-8,,published,,"Premium camera engineered by Razer. Features the latest technology, sleek design, and unparalleled performance. Perfect for professionals and enthusiasts alike.",false,true,https://images.unsplash.com/photo-1505740420928-5e560c06d30e?q=80&w=800&auto=format&fit=crop,,,,,,,,,,,Thu Aug 06 2026 12:16:41 GMT+0100 (GMT+01:00),Thu Aug 06 2026 12:16:41 GMT+0100 (GMT+01:00),,https://images.unsplash.com/photo-1505740420928-5e560c06d30e?q=80&w=800&auto=format&fit=crop,sc_01KZ673CEPGC3SNN79A1AGTBKE,variant_01KZBCMB0YV69JJ2BGXAHESSC0,Matte Black,SKU-1786015000980-118-2606,,,,false,false,,,,,,,,,,0,,prod_01KZBCMAXTQFE28JP57PD584KZ,Thu Aug 06 2026 12:16:41 GMT+0100 (GMT+01:00),Thu Aug 06 2026 12:16:41 GMT+0100 (GMT+01:00),,1504,https://images.unsplash.com/photo-1505740420928-5e560c06d30e?q=80&w=800&auto=format&fit=crop
prod_01KZBCMAXTRXGW7CB2T7F7PBGV,tech-1786015000980-124-6543,HP Smartphone Plus Gen-1,,published,,"Premium smartphone engineered by HP. Features the latest technology, sleek design, and unparalleled performance. Perfect for professionals and enthusiasts alike.",false,true,https://images.unsplash.com/photo-1546868871-7041f2a55e12?q=80&w=800&auto=format&fit=crop,,,,,,,,,,,Thu Aug 06 2026 12:16:41 GMT+0100 (GMT+01:00),Thu Aug 06 2026 12:16:41 GMT+0100 (GMT+01:00),,https://images.unsplash.com/photo-1546868871-7041f2a55e12?q=80&w=800&auto=format&fit=crop,sc_01KZ673CEPGC3SNN79A1AGTBKE,variant_01KZBCMB0Y2E0Q8712AENP23X9,Matte Black,SKU-1786015000980-124-6543,,,,false,false,,,,,,,,,,0,,prod_01KZBCMAXTRXGW7CB2T7F7PBGV,Thu Aug 06 2026 12:16:41 GMT+0100 (GMT+01:00),Thu Aug 06 2026 12:16:41 GMT+0100 (GMT+01:00),,849,https://images.unsplash.com/photo-1546868871-7041f2a55e12?q=80&w=800&auto=format&fit=crop
prod_01KZBCMAXTSMKW3FE2W3F68AV9,tech-1786015000980-136-4360,Lenovo Keyboard Air Gen-5,,published,,"Premium keyboard engineered by Lenovo. Features the latest technology, sleek design, and unparalleled performance. Perfect for professionals and enthusiasts alike.",false,true,https://images.unsplash.com/photo-1527814050087-379381547969?q=80&w=800&auto=format&fit=crop,,,,,,,,,,,Thu Aug 06 2026 12:16:41 GMT+0100 (GMT+01:00),Thu Aug 06 2026 12:16:41 GMT+0100 (GMT+01:00),,https://images.unsplash.com/photo-1527814050087-379381547969?q=80&w=800&auto=format&fit=crop,sc_01KZ673CEPGC3SNN79A1AGTBKE,variant_01KZBCMB0YX4SAA3VVKJY43D1F,Matte Black,SKU-1786015000980-136-4360,,,,false,false,,,,,,,,,,0,,prod_01KZBCMAXTSMKW3FE2W3F68AV9,Thu Aug 06 2026 12:16:41 GMT+0100 (GMT+01:00),Thu Aug 06 2026 12:16:41 GMT+0100 (GMT+01:00),,1293,https://images.unsplash.com/photo-1527814050087-379381547969?q=80&w=800&auto=format&fit=crop
prod_01KZBCMAXTT3NJ0RX81MZN07KK,tech-1786015000980-119-2486,Lenovo Keyboard Advanced Gen-5,,published,,"Premium keyboard engineered by Lenovo. Features the latest technology, sleek design, and unparalleled performance. Perfect for professionals and enthusiasts alike.",false,true,https://images.unsplash.com/photo-1595225476474-87563907a212?q=80&w=800&auto=format&fit=crop,,,,,,,,,,,Thu Aug 06 2026 12:16:41 GMT+0100 (GMT+01:00),Thu Aug 06 2026 12:16:41 GMT+0100 (GMT+01:00),,https://images.unsplash.com/photo-1595225476474-87563907a212?q=80&w=800&auto=format&fit=crop,sc_01KZ673CEPGC3SNN79A1AGTBKE,variant_01KZBCMB0YKPZP9ZH1Q9Z4VNCG,Matte Black,SKU-1786015000980-119-2486,,,,false,false,,,,,,,,,,0,,prod_01KZBCMAXTT3NJ0RX81MZN07KK,Thu Aug 06 2026 12:16:41 GMT+0100 (GMT+01:00),Thu Aug 06 2026 12:16:41 GMT+0100 (GMT+01:00),,598,https://images.unsplash.com/photo-1595225476474-87563907a212?q=80&w=800&auto=format&fit=crop
prod_01KZBCMAXTTM2283AKDJ1MGYZK,tech-1786015000980-150-2318,Samsung Camera Lite Gen-9,,published,,"Premium camera engineered by Samsung. Features the latest technology, sleek design, and unparalleled performance. Perfect for professionals and enthusiasts alike.",false,true,https://images.unsplash.com/photo-1505156868547-9b49f4df4e04?q=80&w=800&auto=format&fit=crop,,,,,,,,,,,Thu Aug 06 2026 12:16:41 GMT+0100 (GMT+01:00),Thu Aug 06 2026 12:16:41 GMT+0100 (GMT+01:00),,https://images.unsplash.com/photo-1505156868547-9b49f4df4e04?q=80&w=800&auto=format&fit=crop,sc_01KZ673CEPGC3SNN79A1AGTBKE,variant_01KZBCMB0Z333PGJS28MX84X9G,Matte Black,SKU-1786015000980-150-2318,,,,false,false,,,,,,,,,,0,,prod_01KZBCMAXTTM2283AKDJ1MGYZK,Thu Aug 06 2026 12:16:41 GMT+0100 (GMT+01:00),Thu Aug 06 2026 12:16:41 GMT+0100 (GMT+01:00),,457,https://images.unsplash.com/photo-1505156868547-9b49f4df4e04?q=80&w=800&auto=format&fit=crop
prod_01KZBCMAXTTNAVT4XFVE5786J2,tech-1786015000980-141-2993,Razer Laptop Lite Gen-4,,published,,"Premium laptop engineered by Razer. Features the latest technology, sleek design, and unparalleled performance. Perfect for professionals and enthusiasts alike.",false,true,https://images.unsplash.com/photo-1527443224154-c4a3942d3acf?q=80&w=800&auto=format&fit=crop,,,,,,,,,,,Thu Aug 06 2026 12:16:41 GMT+0100 (GMT+01:00),Thu Aug 06 2026 12:16:41 GMT+0100 (GMT+01:00),,https://images.unsplash.com/photo-1527443224154-c4a3942d3acf?q=80&w=800&auto=format&fit=crop,sc_01KZ673CEPGC3SNN79A1AGTBKE,variant_01KZBCMB0Z94KHYCQJDC0V3NE1,Matte Black,SKU-1786015000980-141-2993,,,,false,false,,,,,,,,,,0,,prod_01KZBCMAXTTNAVT4XFVE5786J2,Thu Aug 06 2026 12:16:41 GMT+0100 (GMT+01:00),Thu Aug 06 2026 12:16:41 GMT+0100 (GMT+01:00),,531,https://images.unsplash.com/photo-1527443224154-c4a3942d3acf?q=80&w=800&auto=format&fit=crop
prod_01KZBCMAXTV7VKD8ZBA3WQBC8Z,tech-1786015000980-135-5030,Bose Monitor Elite Gen-6,,published,,"Premium monitor engineered by Bose. Features the latest technology, sleek design, and unparalleled performance. Perfect for professionals and enthusiasts alike.",false,true,https://images.unsplash.com/photo-1505156868547-9b49f4df4e04?q=80&w=800&auto=format&fit=crop,,,,,,,,,,,Thu Aug 06 2026 12:16:41 GMT+0100 (GMT+01:00),Thu Aug 06 2026 12:16:41 GMT+0100 (GMT+01:00),,https://images.unsplash.com/photo-1505156868547-9b49f4df4e04?q=80&w=800&auto=format&fit=crop,sc_01KZ673CEPGC3SNN79A1AGTBKE,variant_01KZBCMB0YKS31ZXSKVRF29FTT,Matte Black,SKU-1786015000980-135-5030,,,,false,false,,,,,,,,,,0,,prod_01KZBCMAXTV7VKD8ZBA3WQBC8Z,Thu Aug 06 2026 12:16:41 GMT+0100 (GMT+01:00),Thu Aug 06 2026 12:16:41 GMT+0100 (GMT+01:00),,385,https://images.unsplash.com/photo-1505156868547-9b49f4df4e04?q=80&w=800&auto=format&fit=crop
prod_01KZBCMAXTVERPER235CJ3ME0P,tech-1786015000980-125-3917,Bose Smartwatch Air Gen-5,,published,,"Premium smartwatch engineered by Bose. Features the latest technology, sleek design, and unparalleled performance. Perfect for professionals and enthusiasts alike.",false,true,https://images.unsplash.com/photo-1496181133206-80ce9b88a853?q=80&w=800&auto=format&fit=crop,,,,,,,,,,,Thu Aug 06 2026 12:16:41 GMT+0100 (GMT+01:00),Thu Aug 06 2026 12:16:41 GMT+0100 (GMT+01:00),,https://images.unsplash.com/photo-1496181133206-80ce9b88a853?q=80&w=800&auto=format&fit=crop,sc_01KZ673CEPGC3SNN79A1AGTBKE,variant_01KZBCMB0YYZ3V8EY0TSH87BWW,Matte Black,SKU-1786015000980-125-3917,,,,false,false,,,,,,,,,,0,,prod_01KZBCMAXTVERPER235CJ3ME0P,Thu Aug 06 2026 12:16:41 GMT+0100 (GMT+01:00),Thu Aug 06 2026 12:16:41 GMT+0100 (GMT+01:00),,1094,https://images.unsplash.com/photo-1496181133206-80ce9b88a853?q=80&w=800&auto=format&fit=crop
prod_01KZBCMAXTWMKAECXT6R51HWR4,tech-1786015000980-123-5171,Samsung Headphones Ultra Gen-2,,published,,"Premium headphones engineered by Samsung. Features the latest technology, sleek design, and unparalleled performance. Perfect for professionals and enthusiasts alike.",false,true,https://images.unsplash.com/photo-1546868871-7041f2a55e12?q=80&w=800&auto=format&fit=crop,,,,,,,,,,,Thu Aug 06 2026 12:16:41 GMT+0100 (GMT+01:00),Thu Aug 06 2026 12:16:41 GMT+0100 (GMT+01:00),,https://images.unsplash.com/photo-1546868871-7041f2a55e12?q=80&w=800&auto=format&fit=crop,sc_01KZ673CEPGC3SNN79A1AGTBKE,variant_01KZBCMB0Y0E5B0GPTVAGC72E5,Matte Black,SKU-1786015000980-123-5171,,,,false,false,,,,,,,,,,0,,prod_01KZBCMAXTWMKAECXT6R51HWR4,Thu Aug 06 2026 12:16:41 GMT+0100 (GMT+01:00),Thu Aug 06 2026 12:16:41 GMT+0100 (GMT+01:00),,944,https://images.unsplash.com/photo-1546868871-7041f2a55e12?q=80&w=800&auto=format&fit=crop
prod_01KZBCMAXTXQMXPEBCFJW9RBRF,tech-1786015000980-132-8610,Sony Laptop Air Gen-2,,published,,"Premium laptop engineered by Sony. Features the latest technology, sleek design, and unparalleled performance. Perfect for professionals and enthusiasts alike.",false,true,https://images.unsplash.com/photo-1496181133206-80ce9b88a853?q=80&w=800&auto=format&fit=crop,,,,,,,,,,,Thu Aug 06 2026 12:16:41 GMT+0100 (GMT+01:00),Thu Aug 06 2026 12:16:41 GMT+0100 (GMT+01:00),,https://images.unsplash.com/photo-1496181133206-80ce9b88a853?q=80&w=800&auto=format&fit=crop,sc_01KZ673CEPGC3SNN79A1AGTBKE,variant_01KZBCMB0Y35QAYF2467RS4VMB,Matte Black,SKU-1786015000980-132-8610,,,,false,false,,,,,,,,,,0,,prod_01KZBCMAXTXQMXPEBCFJW9RBRF,Thu Aug 06 2026 12:16:41 GMT+0100 (GMT+01:00),Thu Aug 06 2026 12:16:41 GMT+0100 (GMT+01:00),,882,https://images.unsplash.com/photo-1496181133206-80ce9b88a853?q=80&w=800&auto=format&fit=crop
prod_01KZBCMAXTYZW9D9WJPMM9R44A,tech-1786015000980-121-7895,Lenovo Camera Essential Gen-2,,published,,"Premium camera engineered by Lenovo. Features the latest technology, sleek design, and unparalleled performance. Perfect for professionals and enthusiasts alike.",false,true,https://images.unsplash.com/photo-1505156868547-9b49f4df4e04?q=80&w=800&auto=format&fit=crop,,,,,,,,,,,Thu Aug 06 2026 12:16:41 GMT+0100 (GMT+01:00),Thu Aug 06 2026 12:16:41 GMT+0100 (GMT+01:00),,https://images.unsplash.com/photo-1505156868547-9b49f4df4e04?q=80&w=800&auto=format&fit=crop,sc_01KZ673CEPGC3SNN79A1AGTBKE,variant_01KZBCMB0YGTED68DJZZTQR0F9,Matte Black,SKU-1786015000980-121-7895,,,,false,false,,,,,,,,,,0,,prod_01KZBCMAXTYZW9D9WJPMM9R44A,Thu Aug 06 2026 12:16:41 GMT+0100 (GMT+01:00),Thu Aug 06 2026 12:16:41 GMT+0100 (GMT+01:00),,1229,https://images.unsplash.com/photo-1505156868547-9b49f4df4e04?q=80&w=800&auto=format&fit=crop
prod_01KZBCMB3105T97ZKB56Z1JXSB,tech-1786015000980-153-4580,Dell Mouse Max Gen-3,,published,,"Premium mouse engineered by Dell. Features the latest technology, sleek design, and unparalleled performance. Perfect for professionals and enthusiasts alike.",false,true,https://images.unsplash.com/photo-1546868871-7041f2a55e12?q=80&w=800&auto=format&fit=crop,,,,,,,,,,,Thu Aug 06 2026 12:16:41 GMT+0100 (GMT+01:00),Thu Aug 06 2026 12:16:41 GMT+0100 (GMT+01:00),,https://images.unsplash.com/photo-1546868871-7041f2a55e12?q=80&w=800&auto=format&fit=crop,sc_01KZ673CEPGC3SNN79A1AGTBKE,variant_01KZBCMB642ZNKE77ARNHV42SS,Matte Black,SKU-1786015000980-153-4580,,,,false,false,,,,,,,,,,0,,prod_01KZBCMB3105T97ZKB56Z1JXSB,Thu Aug 06 2026 12:16:41 GMT+0100 (GMT+01:00),Thu Aug 06 2026 12:16:41 GMT+0100 (GMT+01:00),,110,https://images.unsplash.com/photo-1546868871-7041f2a55e12?q=80&w=800&auto=format&fit=crop
prod_01KZBCMB310PM42J3JB4Y48180,tech-1786015000980-151-2302,Asus Headphones Advanced Gen-2,,published,,"Premium headphones engineered by Asus. Features the latest technology, sleek design, and unparalleled performance. Perfect for professionals and enthusiasts alike.",false,true,https://images.unsplash.com/photo-1546868871-7041f2a55e12?q=80&w=800&auto=format&fit=crop,,,,,,,,,,,Thu Aug 06 2026 12:16:41 GMT+0100 (GMT+01:00),Thu Aug 06 2026 12:16:41 GMT+0100 (GMT+01:00),,https://images.unsplash.com/photo-1546868871-7041f2a55e12?q=80&w=800&auto=format&fit=crop,sc_01KZ673CEPGC3SNN79A1AGTBKE,variant_01KZBCMB64T3SQ8P14AJSF5199,Matte Black,SKU-1786015000980-151-2302,,,,false,false,,,,,,,,,,0,,prod_01KZBCMB310PM42J3JB4Y48180,Thu Aug 06 2026 12:16:41 GMT+0100 (GMT+01:00),Thu Aug 06 2026 12:16:41 GMT+0100 (GMT+01:00),,511,https://images.unsplash.com/photo-1546868871-7041f2a55e12?q=80&w=800&auto=format&fit=crop
prod_01KZBCMB310ZB2BGJWY6TT8GCJ,tech-1786015000980-185-5475,Asus Mouse Lite Gen-3,,published,,"Premium mouse engineered by Asus. Features the latest technology, sleek design, and unparalleled performance. Perfect for professionals and enthusiasts alike.",false,true,https://images.unsplash.com/photo-1527814050087-379381547969?q=80&w=800&auto=format&fit=crop,,,,,,,,,,,Thu Aug 06 2026 12:16:41 GMT+0100 (GMT+01:00),Thu Aug 06 2026 12:16:41 GMT+0100 (GMT+01:00),,https://images.unsplash.com/photo-1527814050087-379381547969?q=80&w=800&auto=format&fit=crop,sc_01KZ673CEPGC3SNN79A1AGTBKE,variant_01KZBCMB650S5S1DZR4JN0T6MS,Matte Black,SKU-1786015000980-185-5475,,,,false,false,,,,,,,,,,0,,prod_01KZBCMB310ZB2BGJWY6TT8GCJ,Thu Aug 06 2026 12:16:41 GMT+0100 (GMT+01:00),Thu Aug 06 2026 12:16:41 GMT+0100 (GMT+01:00),,377,https://images.unsplash.com/photo-1527814050087-379381547969?q=80&w=800&auto=format&fit=crop
prod_01KZBCMB3132P8XFS16VM7A8W0,tech-1786015000980-173-3843,Razer Laptop Essential Gen-10,,published,,"Premium laptop engineered by Razer. Features the latest technology, sleek design, and unparalleled performance. Perfect for professionals and enthusiasts alike.",false,true,https://images.unsplash.com/photo-1505740420928-5e560c06d30e?q=80&w=800&auto=format&fit=crop,,,,,,,,,,,Thu Aug 06 2026 12:16:41 GMT+0100 (GMT+01:00),Thu Aug 06 2026 12:16:41 GMT+0100 (GMT+01:00),,https://images.unsplash.com/photo-1505740420928-5e560c06d30e?q=80&w=800&auto=format&fit=crop,sc_01KZ673CEPGC3SNN79A1AGTBKE,variant_01KZBCMB65A570V07QXZA8KMF1,Matte Black,SKU-1786015000980-173-3843,,,,false,false,,,,,,,,,,0,,prod_01KZBCMB3132P8XFS16VM7A8W0,Thu Aug 06 2026 12:16:41 GMT+0100 (GMT+01:00),Thu Aug 06 2026 12:16:41 GMT+0100 (GMT+01:00),,1148,https://images.unsplash.com/photo-1505740420928-5e560c06d30e?q=80&w=800&auto=format&fit=crop
prod_01KZBCMB313DAZP7YGCRVQ5JDS,tech-1786015000980-181-3586,HP Keyboard Pro Gen-5,,published,,"Premium keyboard engineered by HP. Features the latest technology, sleek design, and unparalleled performance. Perfect for professionals and enthusiasts alike.",false,true,https://images.unsplash.com/photo-1595225476474-87563907a212?q=80&w=800&auto=format&fit=crop,,,,,,,,,,,Thu Aug 06 2026 12:16:41 GMT+0100 (GMT+01:00),Thu Aug 06 2026 12:16:41 GMT+0100 (GMT+01:00),,https://images.unsplash.com/photo-1595225476474-87563907a212?q=80&w=800&auto=format&fit=crop,sc_01KZ673CEPGC3SNN79A1AGTBKE,variant_01KZBCMB6503WTY9RWCR7W6E80,Matte Black,SKU-1786015000980-181-3586,,,,false,false,,,,,,,,,,0,,prod_01KZBCMB313DAZP7YGCRVQ5JDS,Thu Aug 06 2026 12:16:41 GMT+0100 (GMT+01:00),Thu Aug 06 2026 12:16:41 GMT+0100 (GMT+01:00),,977,https://images.unsplash.com/photo-1595225476474-87563907a212?q=80&w=800&auto=format&fit=crop
prod_01KZBCMB31413DBV0Z0A1NW8WG,tech-1786015000980-186-8360,Apple Headphones Mini Gen-2,,published,,"Premium headphones engineered by Apple. Features the latest technology, sleek design, and unparalleled performance. Perfect for professionals and enthusiasts alike.",false,true,https://images.unsplash.com/photo-1546868871-7041f2a55e12?q=80&w=800&auto=format&fit=crop,,,,,,,,,,,Thu Aug 06 2026 12:16:41 GMT+0100 (GMT+01:00),Thu Aug 06 2026 12:16:41 GMT+0100 (GMT+01:00),,https://images.unsplash.com/photo-1546868871-7041f2a55e12?q=80&w=800&auto=format&fit=crop,sc_01KZ673CEPGC3SNN79A1AGTBKE,variant_01KZBCMB65VETHNZZ1WDAP123Q,Matte Black,SKU-1786015000980-186-8360,,,,false,false,,,,,,,,,,0,,prod_01KZBCMB31413DBV0Z0A1NW8WG,Thu Aug 06 2026 12:16:41 GMT+0100 (GMT+01:00),Thu Aug 06 2026 12:16:41 GMT+0100 (GMT+01:00),,1209,https://images.unsplash.com/photo-1546868871-7041f2a55e12?q=80&w=800&auto=format&fit=crop
prod_01KZBCMB31526NTNC5F11SNCR2,tech-1786015000980-174-4541,Bose Tablet Lite Gen-4,,published,,"Premium tablet engineered by Bose. Features the latest technology, sleek design, and unparalleled performance. Perfect for professionals and enthusiasts alike.",false,true,https://images.unsplash.com/photo-1505740420928-5e560c06d30e?q=80&w=800&auto=format&fit=crop,,,,,,,,,,,Thu Aug 06 2026 12:16:41 GMT+0100 (GMT+01:00),Thu Aug 06 2026 12:16:41 GMT+0100 (GMT+01:00),,https://images.unsplash.com/photo-1505740420928-5e560c06d30e?q=80&w=800&auto=format&fit=crop,sc_01KZ673CEPGC3SNN79A1AGTBKE,variant_01KZBCMB653R4Y34BYRE1BHX5V,Matte Black,SKU-1786015000980-174-4541,,,,false,false,,,,,,,,,,0,,prod_01KZBCMB31526NTNC5F11SNCR2,Thu Aug 06 2026 12:16:41 GMT+0100 (GMT+01:00),Thu Aug 06 2026 12:16:41 GMT+0100 (GMT+01:00),,1118,https://images.unsplash.com/photo-1505740420928-5e560c06d30e?q=80&w=800&auto=format&fit=crop
prod_01KZBCMB315JB4P3R6CNH3GYJF,tech-1786015000980-183-5146,Razer Headphones Essential Gen-10,,published,,"Premium headphones engineered by Razer. Features the latest technology, sleek design, and unparalleled performance. Perfect for professionals and enthusiasts alike.",false,true,https://images.unsplash.com/photo-1505156868547-9b49f4df4e04?q=80&w=800&auto=format&fit=crop,,,,,,,,,,,Thu Aug 06 2026 12:16:41 GMT+0100 (GMT+01:00),Thu Aug 06 2026 12:16:41 GMT+0100 (GMT+01:00),,https://images.unsplash.com/photo-1505156868547-9b49f4df4e04?q=80&w=800&auto=format&fit=crop,sc_01KZ673CEPGC3SNN79A1AGTBKE,variant_01KZBCMB65X41MAPSCHVGQW3KR,Matte Black,SKU-1786015000980-183-5146,,,,false,false,,,,,,,,,,0,,prod_01KZBCMB315JB4P3R6CNH3GYJF,Thu Aug 06 2026 12:16:41 GMT+0100 (GMT+01:00),Thu Aug 06 2026 12:16:41 GMT+0100 (GMT+01:00),,1168,https://images.unsplash.com/photo-1505156868547-9b49f4df4e04?q=80&w=800&auto=format&fit=crop
prod_01KZBCMB315SD38XG77AWV6ZS4,tech-1786015000980-188-5742,Logitech Smartphone Max Gen-9,,published,,"Premium smartphone engineered by Logitech. Features the latest technology, sleek design, and unparalleled performance. Perfect for professionals and enthusiasts alike.",false,true,https://images.unsplash.com/photo-1527814050087-379381547969?q=80&w=800&auto=format&fit=crop,,,,,,,,,,,Thu Aug 06 2026 12:16:41 GMT+0100 (GMT+01:00),Thu Aug 06 2026 12:16:41 GMT+0100 (GMT+01:00),,https://images.unsplash.com/photo-1527814050087-379381547969?q=80&w=800&auto=format&fit=crop,sc_01KZ673CEPGC3SNN79A1AGTBKE,variant_01KZBCMB6558J2D9V1MZWGDD24,Matte Black,SKU-1786015000980-188-5742,,,,false,false,,,,,,,,,,0,,prod_01KZBCMB315SD38XG77AWV6ZS4,Thu Aug 06 2026 12:16:41 GMT+0100 (GMT+01:00),Thu Aug 06 2026 12:16:41 GMT+0100 (GMT+01:00),,105,https://images.unsplash.com/photo-1527814050087-379381547969?q=80&w=800&auto=format&fit=crop
prod_01KZBCMB316678SQ4MN0PZPD4M,tech-1786015000980-165-6351,Asus Mouse Lite Gen-3,,published,,"Premium mouse engineered by Asus. Features the latest technology, sleek design, and unparalleled performance. Perfect for professionals and enthusiasts alike.",false,true,https://images.unsplash.com/photo-1496181133206-80ce9b88a853?q=80&w=800&auto=format&fit=crop,,,,,,,,,,,Thu Aug 06 2026 12:16:41 GMT+0100 (GMT+01:00),Thu Aug 06 2026 12:16:41 GMT+0100 (GMT+01:00),,https://images.unsplash.com/photo-1496181133206-80ce9b88a853?q=80&w=800&auto=format&fit=crop,sc_01KZ673CEPGC3SNN79A1AGTBKE,variant_01KZBCMB65VWNPKJQTMTGA5V7P,Matte Black,SKU-1786015000980-165-6351,,,,false,false,,,,,,,,,,0,,prod_01KZBCMB316678SQ4MN0PZPD4M,Thu Aug 06 2026 12:16:41 GMT+0100 (GMT+01:00),Thu Aug 06 2026 12:16:41 GMT+0100 (GMT+01:00),,959,https://images.unsplash.com/photo-1496181133206-80ce9b88a853?q=80&w=800&auto=format&fit=crop
prod_01KZBCMB316BYJ3TWJHN6Y035Q,tech-1786015000980-168-8346,Bose Camera Ultra Gen-9,,published,,"Premium camera engineered by Bose. Features the latest technology, sleek design, and unparalleled performance. Perfect for professionals and enthusiasts alike.",false,true,https://images.unsplash.com/photo-1496181133206-80ce9b88a853?q=80&w=800&auto=format&fit=crop,,,,,,,,,,,Thu Aug 06 2026 12:16:41 GMT+0100 (GMT+01:00),Thu Aug 06 2026 12:16:41 GMT+0100 (GMT+01:00),,https://images.unsplash.com/photo-1496181133206-80ce9b88a853?q=80&w=800&auto=format&fit=crop,sc_01KZ673CEPGC3SNN79A1AGTBKE,variant_01KZBCMB656HR1S92FNMMY8HQE,Matte Black,SKU-1786015000980-168-8346,,,,false,false,,,,,,,,,,0,,prod_01KZBCMB316BYJ3TWJHN6Y035Q,Thu Aug 06 2026 12:16:41 GMT+0100 (GMT+01:00),Thu Aug 06 2026 12:16:41 GMT+0100 (GMT+01:00),,1515,https://images.unsplash.com/photo-1496181133206-80ce9b88a853?q=80&w=800&auto=format&fit=crop
prod_01KZBCMB3178RJ9B77WBBRMMJ7,tech-1786015000980-175-1531,Bose Laptop Elite Gen-3,,published,,"Premium laptop engineered by Bose. Features the latest technology, sleek design, and unparalleled performance. Perfect for professionals and enthusiasts alike.",false,true,https://images.unsplash.com/photo-1595225476474-87563907a212?q=80&w=800&auto=format&fit=crop,,,,,,,,,,,Thu Aug 06 2026 12:16:41 GMT+0100 (GMT+01:00),Thu Aug 06 2026 12:16:41 GMT+0100 (GMT+01:00),,https://images.unsplash.com/photo-1595225476474-87563907a212?q=80&w=800&auto=format&fit=crop,sc_01KZ673CEPGC3SNN79A1AGTBKE,variant_01KZBCMB658GE47FCBGQR0JP3W,Matte Black,SKU-1786015000980-175-1531,,,,false,false,,,,,,,,,,0,,prod_01KZBCMB3178RJ9B77WBBRMMJ7,Thu Aug 06 2026 12:16:41 GMT+0100 (GMT+01:00),Thu Aug 06 2026 12:16:41 GMT+0100 (GMT+01:00),,1525,https://images.unsplash.com/photo-1595225476474-87563907a212?q=80&w=800&auto=format&fit=crop
prod_01KZBCMB317PYT06YBPJNV1WAZ,tech-1786015000980-179-8212,Bose Smartwatch Air Gen-5,,published,,"Premium smartwatch engineered by Bose. Features the latest technology, sleek design, and unparalleled performance. Perfect for professionals and enthusiasts alike.",false,true,https://images.unsplash.com/photo-1505156868547-9b49f4df4e04?q=80&w=800&auto=format&fit=crop,,,,,,,,,,,Thu Aug 06 2026 12:16:41 GMT+0100 (GMT+01:00),Thu Aug 06 2026 12:16:41 GMT+0100 (GMT+01:00),,https://images.unsplash.com/photo-1505156868547-9b49f4df4e04?q=80&w=800&auto=format&fit=crop,sc_01KZ673CEPGC3SNN79A1AGTBKE,variant_01KZBCMB655S05WPM0JFRWKC38,Matte Black,SKU-1786015000980-179-8212,,,,false,false,,,,,,,,,,0,,prod_01KZBCMB317PYT06YBPJNV1WAZ,Thu Aug 06 2026 12:16:41 GMT+0100 (GMT+01:00),Thu Aug 06 2026 12:16:41 GMT+0100 (GMT+01:00),,1073,https://images.unsplash.com/photo-1505156868547-9b49f4df4e04?q=80&w=800&auto=format&fit=crop
prod_01KZBCMB317YCV6HSDZB8GS9SQ,tech-1786015000980-182-368,HP Smartphone Elite Gen-7,,published,,"Premium smartphone engineered by HP. Features the latest technology, sleek design, and unparalleled performance. Perfect for professionals and enthusiasts alike.",false,true,https://images.unsplash.com/photo-1505740420928-5e560c06d30e?q=80&w=800&auto=format&fit=crop,,,,,,,,,,,Thu Aug 06 2026 12:16:41 GMT+0100 (GMT+01:00),Thu Aug 06 2026 12:16:41 GMT+0100 (GMT+01:00),,https://images.unsplash.com/photo-1505740420928-5e560c06d30e?q=80&w=800&auto=format&fit=crop,sc_01KZ673CEPGC3SNN79A1AGTBKE,variant_01KZBCMB65PXJ1P5V5NHY5Q2W3,Matte Black,SKU-1786015000980-182-368,,,,false,false,,,,,,,,,,0,,prod_01KZBCMB317YCV6HSDZB8GS9SQ,Thu Aug 06 2026 12:16:41 GMT+0100 (GMT+01:00),Thu Aug 06 2026 12:16:41 GMT+0100 (GMT+01:00),,845,https://images.unsplash.com/photo-1505740420928-5e560c06d30e?q=80&w=800&auto=format&fit=crop
prod_01KZBCMB3185W8GY28FEMAA9P9,tech-1786015000980-164-6484,Samsung Speaker Plus Gen-5,,published,,"Premium speaker engineered by Samsung. Features the latest technology, sleek design, and unparalleled performance. Perfect for professionals and enthusiasts alike.",false,true,https://images.unsplash.com/photo-1505156868547-9b49f4df4e04?q=80&w=800&auto=format&fit=crop,,,,,,,,,,,Thu Aug 06 2026 12:16:41 GMT+0100 (GMT+01:00),Thu Aug 06 2026 12:16:41 GMT+0100 (GMT+01:00),,https://images.unsplash.com/photo-1505156868547-9b49f4df4e04?q=80&w=800&auto=format&fit=crop,sc_01KZ673CEPGC3SNN79A1AGTBKE,variant_01KZBCMB65DRZ34KFADAJ21V8S,Matte Black,SKU-1786015000980-164-6484,,,,false,false,,,,,,,,,,0,,prod_01KZBCMB3185W8GY28FEMAA9P9,Thu Aug 06 2026 12:16:41 GMT+0100 (GMT+01:00),Thu Aug 06 2026 12:16:41 GMT+0100 (GMT+01:00),,593,https://images.unsplash.com/photo-1505156868547-9b49f4df4e04?q=80&w=800&auto=format&fit=crop
prod_01KZBCMB3195FDWZMCJW17QNFR,tech-1786015000980-152-6648,Sony Headphones Essential Gen-9,,published,,"Premium headphones engineered by Sony. Features the latest technology, sleek design, and unparalleled performance. Perfect for professionals and enthusiasts alike.",false,true,https://images.unsplash.com/photo-1496181133206-80ce9b88a853?q=80&w=800&auto=format&fit=crop,,,,,,,,,,,Thu Aug 06 2026 12:16:41 GMT+0100 (GMT+01:00),Thu Aug 06 2026 12:16:41 GMT+0100 (GMT+01:00),,https://images.unsplash.com/photo-1496181133206-80ce9b88a853?q=80&w=800&auto=format&fit=crop,sc_01KZ673CEPGC3SNN79A1AGTBKE,variant_01KZBCMB647FA51A1NSPJY3PHR,Matte Black,SKU-1786015000980-152-6648,,,,false,false,,,,,,,,,,0,,prod_01KZBCMB3195FDWZMCJW17QNFR,Thu Aug 06 2026 12:16:41 GMT+0100 (GMT+01:00),Thu Aug 06 2026 12:16:41 GMT+0100 (GMT+01:00),,172,https://images.unsplash.com/photo-1496181133206-80ce9b88a853?q=80&w=800&auto=format&fit=crop
prod_01KZBCMB31A96XB994FPQY1053,tech-1786015000980-180-7663,Lenovo Keyboard Plus Gen-3,,published,,"Premium keyboard engineered by Lenovo. Features the latest technology, sleek design, and unparalleled performance. Perfect for professionals and enthusiasts alike.",false,true,https://images.unsplash.com/photo-1505156868547-9b49f4df4e04?q=80&w=800&auto=format&fit=crop,,,,,,,,,,,Thu Aug 06 2026 12:16:41 GMT+0100 (GMT+01:00),Thu Aug 06 2026 12:16:41 GMT+0100 (GMT+01:00),,https://images.unsplash.com/photo-1505156868547-9b49f4df4e04?q=80&w=800&auto=format&fit=crop,sc_01KZ673CEPGC3SNN79A1AGTBKE,variant_01KZBCMB658NANEG0AHHYTJTTZ,Matte Black,SKU-1786015000980-180-7663,,,,false,false,,,,,,,,,,0,,prod_01KZBCMB31A96XB994FPQY1053,Thu Aug 06 2026 12:16:41 GMT+0100 (GMT+01:00),Thu Aug 06 2026 12:16:41 GMT+0100 (GMT+01:00),,706,https://images.unsplash.com/photo-1505156868547-9b49f4df4e04?q=80&w=800&auto=format&fit=crop
prod_01KZBCMB31AD6F53P8PTFP4WWE,tech-1786015000980-176-1940,Razer Speaker Pro Gen-1,,published,,"Premium speaker engineered by Razer. Features the latest technology, sleek design, and unparalleled performance. Perfect for professionals and enthusiasts alike.",false,true,https://images.unsplash.com/photo-1546868871-7041f2a55e12?q=80&w=800&auto=format&fit=crop,,,,,,,,,,,Thu Aug 06 2026 12:16:41 GMT+0100 (GMT+01:00),Thu Aug 06 2026 12:16:41 GMT+0100 (GMT+01:00),,https://images.unsplash.com/photo-1546868871-7041f2a55e12?q=80&w=800&auto=format&fit=crop,sc_01KZ673CEPGC3SNN79A1AGTBKE,variant_01KZBCMB65QMRE6SWDHC1CSAQ4,Matte Black,SKU-1786015000980-176-1940,,,,false,false,,,,,,,,,,0,,prod_01KZBCMB31AD6F53P8PTFP4WWE,Thu Aug 06 2026 12:16:41 GMT+0100 (GMT+01:00),Thu Aug 06 2026 12:16:41 GMT+0100 (GMT+01:00),,1033,https://images.unsplash.com/photo-1546868871-7041f2a55e12?q=80&w=800&auto=format&fit=crop
prod_01KZBCMB31AT3KFMQH0SRWZZSS,tech-1786015000980-171-1636,Samsung Tablet Lite Gen-1,,published,,"Premium tablet engineered by Samsung. Features the latest technology, sleek design, and unparalleled performance. Perfect for professionals and enthusiasts alike.",false,true,https://images.unsplash.com/photo-1505156868547-9b49f4df4e04?q=80&w=800&auto=format&fit=crop,,,,,,,,,,,Thu Aug 06 2026 12:16:41 GMT+0100 (GMT+01:00),Thu Aug 06 2026 12:16:41 GMT+0100 (GMT+01:00),,https://images.unsplash.com/photo-1505156868547-9b49f4df4e04?q=80&w=800&auto=format&fit=crop,sc_01KZ673CEPGC3SNN79A1AGTBKE,variant_01KZBCMB650M4TA5C89AFR9FG0,Matte Black,SKU-1786015000980-171-1636,,,,false,false,,,,,,,,,,0,,prod_01KZBCMB31AT3KFMQH0SRWZZSS,Thu Aug 06 2026 12:16:41 GMT+0100 (GMT+01:00),Thu Aug 06 2026 12:16:41 GMT+0100 (GMT+01:00),,1152,https://images.unsplash.com/photo-1505156868547-9b49f4df4e04?q=80&w=800&auto=format&fit=crop
prod_01KZBCMB31BMMP1YK582DD0F9M,tech-1786015000980-189-8353,Apple Smartwatch Mini Gen-4,,published,,"Premium smartwatch engineered by Apple. Features the latest technology, sleek design, and unparalleled performance. Perfect for professionals and enthusiasts alike.",false,true,https://images.unsplash.com/photo-1527443224154-c4a3942d3acf?q=80&w=800&auto=format&fit=crop,,,,,,,,,,,Thu Aug 06 2026 12:16:41 GMT+0100 (GMT+01:00),Thu Aug 06 2026 12:16:41 GMT+0100 (GMT+01:00),,https://images.unsplash.com/photo-1527443224154-c4a3942d3acf?q=80&w=800&auto=format&fit=crop,sc_01KZ673CEPGC3SNN79A1AGTBKE,variant_01KZBCMB65TJ8V3C847X43FS9M,Matte Black,SKU-1786015000980-189-8353,,,,false,false,,,,,,,,,,0,,prod_01KZBCMB31BMMP1YK582DD0F9M,Thu Aug 06 2026 12:16:41 GMT+0100 (GMT+01:00),Thu Aug 06 2026 12:16:41 GMT+0100 (GMT+01:00),,1247,https://images.unsplash.com/photo-1527443224154-c4a3942d3acf?q=80&w=800&auto=format&fit=crop
prod_01KZBCMB31D17ZQ3JW0RST1Q5P,tech-1786015000980-161-9764,Samsung Smartwatch Elite Gen-6,,published,,"Premium smartwatch engineered by Samsung. Features the latest technology, sleek design, and unparalleled performance. Perfect for professionals and enthusiasts alike.",false,true,https://images.unsplash.com/photo-1527814050087-379381547969?q=80&w=800&auto=format&fit=crop,,,,,,,,,,,Thu Aug 06 2026 12:16:41 GMT+0100 (GMT+01:00),Thu Aug 06 2026 12:16:41 GMT+0100 (GMT+01:00),,https://images.unsplash.com/photo-1527814050087-379381547969?q=80&w=800&auto=format&fit=crop,sc_01KZ673CEPGC3SNN79A1AGTBKE,variant_01KZBCMB65QF62WE3CK1TM13W2,Matte Black,SKU-1786015000980-161-9764,,,,false,false,,,,,,,,,,0,,prod_01KZBCMB31D17ZQ3JW0RST1Q5P,Thu Aug 06 2026 12:16:41 GMT+0100 (GMT+01:00),Thu Aug 06 2026 12:16:41 GMT+0100 (GMT+01:00),,1393,https://images.unsplash.com/photo-1527814050087-379381547969?q=80&w=800&auto=format&fit=crop
prod_01KZBCMB31E5A9GDHEA9QNTRKG,tech-1786015000980-156-6287,Logitech Mouse Max Gen-10,,published,,"Premium mouse engineered by Logitech. Features the latest technology, sleek design, and unparalleled performance. Perfect for professionals and enthusiasts alike.",false,true,https://images.unsplash.com/photo-1496181133206-80ce9b88a853?q=80&w=800&auto=format&fit=crop,,,,,,,,,,,Thu Aug 06 2026 12:16:41 GMT+0100 (GMT+01:00),Thu Aug 06 2026 12:16:41 GMT+0100 (GMT+01:00),,https://images.unsplash.com/photo-1496181133206-80ce9b88a853?q=80&w=800&auto=format&fit=crop,sc_01KZ673CEPGC3SNN79A1AGTBKE,variant_01KZBCMB64GDNW3JHBN2NC76K2,Matte Black,SKU-1786015000980-156-6287,,,,false,false,,,,,,,,,,0,,prod_01KZBCMB31E5A9GDHEA9QNTRKG,Thu Aug 06 2026 12:16:41 GMT+0100 (GMT+01:00),Thu Aug 06 2026 12:16:41 GMT+0100 (GMT+01:00),,781,https://images.unsplash.com/photo-1496181133206-80ce9b88a853?q=80&w=800&auto=format&fit=crop
prod_01KZBCMB31E6N2QMKDKJA4YJDS,tech-1786015000980-169-181,Lenovo Keyboard Elite Gen-5,,published,,"Premium keyboard engineered by Lenovo. Features the latest technology, sleek design, and unparalleled performance. Perfect for professionals and enthusiasts alike.",false,true,https://images.unsplash.com/photo-1505740420928-5e560c06d30e?q=80&w=800&auto=format&fit=crop,,,,,,,,,,,Thu Aug 06 2026 12:16:41 GMT+0100 (GMT+01:00),Thu Aug 06 2026 12:16:41 GMT+0100 (GMT+01:00),,https://images.unsplash.com/photo-1505740420928-5e560c06d30e?q=80&w=800&auto=format&fit=crop,sc_01KZ673CEPGC3SNN79A1AGTBKE,variant_01KZBCMB653CBZ877K2B3P6MY1,Matte Black,SKU-1786015000980-169-181,,,,false,false,,,,,,,,,,0,,prod_01KZBCMB31E6N2QMKDKJA4YJDS,Thu Aug 06 2026 12:16:41 GMT+0100 (GMT+01:00),Thu Aug 06 2026 12:16:41 GMT+0100 (GMT+01:00),,848,https://images.unsplash.com/photo-1505740420928-5e560c06d30e?q=80&w=800&auto=format&fit=crop
prod_01KZBCMB31GAZN859R3J7GP8KC,tech-1786015000980-177-6576,Sony Keyboard Mini Gen-4,,published,,"Premium keyboard engineered by Sony. Features the latest technology, sleek design, and unparalleled performance. Perfect for professionals and enthusiasts alike.",false,true,https://images.unsplash.com/photo-1505740420928-5e560c06d30e?q=80&w=800&auto=format&fit=crop,,,,,,,,,,,Thu Aug 06 2026 12:16:41 GMT+0100 (GMT+01:00),Thu Aug 06 2026 12:16:41 GMT+0100 (GMT+01:00),,https://images.unsplash.com/photo-1505740420928-5e560c06d30e?q=80&w=800&auto=format&fit=crop,sc_01KZ673CEPGC3SNN79A1AGTBKE,variant_01KZBCMB65KFM3JPNC800VM97X,Matte Black,SKU-1786015000980-177-6576,,,,false,false,,,,,,,,,,0,,prod_01KZBCMB31GAZN859R3J7GP8KC,Thu Aug 06 2026 12:16:41 GMT+0100 (GMT+01:00),Thu Aug 06 2026 12:16:41 GMT+0100 (GMT+01:00),,1208,https://images.unsplash.com/photo-1505740420928-5e560c06d30e?q=80&w=800&auto=format&fit=crop
prod_01KZBCMB31H1EDF0ZYVVERWKB8,tech-1786015000980-157-2843,Sony Keyboard Plus Gen-6,,published,,"Premium keyboard engineered by Sony. Features the latest technology, sleek design, and unparalleled performance. Perfect for professionals and enthusiasts alike.",false,true,https://images.unsplash.com/photo-1527814050087-379381547969?q=80&w=800&auto=format&fit=crop,,,,,,,,,,,Thu Aug 06 2026 12:16:41 GMT+0100 (GMT+01:00),Thu Aug 06 2026 12:16:41 GMT+0100 (GMT+01:00),,https://images.unsplash.com/photo-1527814050087-379381547969?q=80&w=800&auto=format&fit=crop,sc_01KZ673CEPGC3SNN79A1AGTBKE,variant_01KZBCMB64E0XJGZ05RNQZAMSP,Matte Black,SKU-1786015000980-157-2843,,,,false,false,,,,,,,,,,0,,prod_01KZBCMB31H1EDF0ZYVVERWKB8,Thu Aug 06 2026 12:16:41 GMT+0100 (GMT+01:00),Thu Aug 06 2026 12:16:41 GMT+0100 (GMT+01:00),,462,https://images.unsplash.com/photo-1527814050087-379381547969?q=80&w=800&auto=format&fit=crop
prod_01KZBCMB31K22XAVCH5J820FP2,tech-1786015000980-155-359,Dell Mouse Lite Gen-5,,published,,"Premium mouse engineered by Dell. Features the latest technology, sleek design, and unparalleled performance. Perfect for professionals and enthusiasts alike.",false,true,https://images.unsplash.com/photo-1505740420928-5e560c06d30e?q=80&w=800&auto=format&fit=crop,,,,,,,,,,,Thu Aug 06 2026 12:16:41 GMT+0100 (GMT+01:00),Thu Aug 06 2026 12:16:41 GMT+0100 (GMT+01:00),,https://images.unsplash.com/photo-1505740420928-5e560c06d30e?q=80&w=800&auto=format&fit=crop,sc_01KZ673CEPGC3SNN79A1AGTBKE,variant_01KZBCMB646C8G5WP0WB1RKF9Q,Matte Black,SKU-1786015000980-155-359,,,,false,false,,,,,,,,,,0,,prod_01KZBCMB31K22XAVCH5J820FP2,Thu Aug 06 2026 12:16:41 GMT+0100 (GMT+01:00),Thu Aug 06 2026 12:16:41 GMT+0100 (GMT+01:00),,882,https://images.unsplash.com/photo-1505740420928-5e560c06d30e?q=80&w=800&auto=format&fit=crop
prod_01KZBCMB31Q5WCMDQNRCQW1WAV,tech-1786015000980-172-6407,Dell Speaker Lite Gen-4,,published,,"Premium speaker engineered by Dell. Features the latest technology, sleek design, and unparalleled performance. Perfect for professionals and enthusiasts alike.",false,true,https://images.unsplash.com/photo-1527814050087-379381547969?q=80&w=800&auto=format&fit=crop,,,,,,,,,,,Thu Aug 06 2026 12:16:41 GMT+0100 (GMT+01:00),Thu Aug 06 2026 12:16:41 GMT+0100 (GMT+01:00),,https://images.unsplash.com/photo-1527814050087-379381547969?q=80&w=800&auto=format&fit=crop,sc_01KZ673CEPGC3SNN79A1AGTBKE,variant_01KZBCMB65E0DEMV37R38BTDV4,Matte Black,SKU-1786015000980-172-6407,,,,false,false,,,,,,,,,,0,,prod_01KZBCMB31Q5WCMDQNRCQW1WAV,Thu Aug 06 2026 12:16:41 GMT+0100 (GMT+01:00),Thu Aug 06 2026 12:16:41 GMT+0100 (GMT+01:00),,246,https://images.unsplash.com/photo-1527814050087-379381547969?q=80&w=800&auto=format&fit=crop
prod_01KZBCMB31QWH1FA8WV471G46V,tech-1786015000980-160-6949,HP Smartphone Plus Gen-5,,published,,"Premium smartphone engineered by HP. Features the latest technology, sleek design, and unparalleled performance. Perfect for professionals and enthusiasts alike.",false,true,https://images.unsplash.com/photo-1505740420928-5e560c06d30e?q=80&w=800&auto=format&fit=crop,,,,,,,,,,,Thu Aug 06 2026 12:16:41 GMT+0100 (GMT+01:00),Thu Aug 06 2026 12:16:41 GMT+0100 (GMT+01:00),,https://images.unsplash.com/photo-1505740420928-5e560c06d30e?q=80&w=800&auto=format&fit=crop,sc_01KZ673CEPGC3SNN79A1AGTBKE,variant_01KZBCMB64QJ5AXMX3YEQCTFCX,Matte Black,SKU-1786015000980-160-6949,,,,false,false,,,,,,,,,,0,,prod_01KZBCMB31QWH1FA8WV471G46V,Thu Aug 06 2026 12:16:41 GMT+0100 (GMT+01:00),Thu Aug 06 2026 12:16:41 GMT+0100 (GMT+01:00),,1329,https://images.unsplash.com/photo-1505740420928-5e560c06d30e?q=80&w=800&auto=format&fit=crop
prod_01KZBCMB31R0MB1F7AJQFJ3G91,tech-1786015000980-163-2059,Apple Camera Plus Gen-7,,published,,"Premium camera engineered by Apple. Features the latest technology, sleek design, and unparalleled performance. Perfect for professionals and enthusiasts alike.",false,true,https://images.unsplash.com/photo-1527443224154-c4a3942d3acf?q=80&w=800&auto=format&fit=crop,,,,,,,,,,,Thu Aug 06 2026 12:16:41 GMT+0100 (GMT+01:00),Thu Aug 06 2026 12:16:41 GMT+0100 (GMT+01:00),,https://images.unsplash.com/photo-1527443224154-c4a3942d3acf?q=80&w=800&auto=format&fit=crop,sc_01KZ673CEPGC3SNN79A1AGTBKE,variant_01KZBCMB65ZZWQCQCS5ZKDCATH,Matte Black,SKU-1786015000980-163-2059,,,,false,false,,,,,,,,,,0,,prod_01KZBCMB31R0MB1F7AJQFJ3G91,Thu Aug 06 2026 12:16:41 GMT+0100 (GMT+01:00),Thu Aug 06 2026 12:16:41 GMT+0100 (GMT+01:00),,198,https://images.unsplash.com/photo-1527443224154-c4a3942d3acf?q=80&w=800&auto=format&fit=crop
prod_01KZBCMB31S4ZH23PYAKWCMB95,tech-1786015000980-178-3894,HP Keyboard Mini Gen-7,,published,,"Premium keyboard engineered by HP. Features the latest technology, sleek design, and unparalleled performance. Perfect for professionals and enthusiasts alike.",false,true,https://images.unsplash.com/photo-1595225476474-87563907a212?q=80&w=800&auto=format&fit=crop,,,,,,,,,,,Thu Aug 06 2026 12:16:41 GMT+0100 (GMT+01:00),Thu Aug 06 2026 12:16:41 GMT+0100 (GMT+01:00),,https://images.unsplash.com/photo-1595225476474-87563907a212?q=80&w=800&auto=format&fit=crop,sc_01KZ673CEPGC3SNN79A1AGTBKE,variant_01KZBCMB65VSE8XYWF3X4QPA8A,Matte Black,SKU-1786015000980-178-3894,,,,false,false,,,,,,,,,,0,,prod_01KZBCMB31S4ZH23PYAKWCMB95,Thu Aug 06 2026 12:16:41 GMT+0100 (GMT+01:00),Thu Aug 06 2026 12:16:41 GMT+0100 (GMT+01:00),,971,https://images.unsplash.com/photo-1595225476474-87563907a212?q=80&w=800&auto=format&fit=crop
prod_01KZBCMB31SXTKJNB1MV31P0S5,tech-1786015000980-184-6148,HP Tablet Ultra Gen-9,,published,,"Premium tablet engineered by HP. Features the latest technology, sleek design, and unparalleled performance. Perfect for professionals and enthusiasts alike.",false,true,https://images.unsplash.com/photo-1546868871-7041f2a55e12?q=80&w=800&auto=format&fit=crop,,,,,,,,,,,Thu Aug 06 2026 12:16:41 GMT+0100 (GMT+01:00),Thu Aug 06 2026 12:16:41 GMT+0100 (GMT+01:00),,https://images.unsplash.com/photo-1546868871-7041f2a55e12?q=80&w=800&auto=format&fit=crop,sc_01KZ673CEPGC3SNN79A1AGTBKE,variant_01KZBCMB65MND4SENEF2G2E5ZX,Matte Black,SKU-1786015000980-184-6148,,,,false,false,,,,,,,,,,0,,prod_01KZBCMB31SXTKJNB1MV31P0S5,Thu Aug 06 2026 12:16:41 GMT+0100 (GMT+01:00),Thu Aug 06 2026 12:16:41 GMT+0100 (GMT+01:00),,1095,https://images.unsplash.com/photo-1546868871-7041f2a55e12?q=80&w=800&auto=format&fit=crop
prod_01KZBCMB31WJR38WZ98SKRNQ0N,tech-1786015000980-154-9271,Lenovo Smartphone Pro Gen-1,,published,,"Premium smartphone engineered by Lenovo. Features the latest technology, sleek design, and unparalleled performance. Perfect for professionals and enthusiasts alike.",false,true,https://images.unsplash.com/photo-1546868871-7041f2a55e12?q=80&w=800&auto=format&fit=crop,,,,,,,,,,,Thu Aug 06 2026 12:16:41 GMT+0100 (GMT+01:00),Thu Aug 06 2026 12:16:41 GMT+0100 (GMT+01:00),,https://images.unsplash.com/photo-1546868871-7041f2a55e12?q=80&w=800&auto=format&fit=crop,sc_01KZ673CEPGC3SNN79A1AGTBKE,variant_01KZBCMB64EBD6GEYAN55G97KB,Matte Black,SKU-1786015000980-154-9271,,,,false,false,,,,,,,,,,0,,prod_01KZBCMB31WJR38WZ98SKRNQ0N,Thu Aug 06 2026 12:16:41 GMT+0100 (GMT+01:00),Thu Aug 06 2026 12:16:41 GMT+0100 (GMT+01:00),,1024,https://images.unsplash.com/photo-1546868871-7041f2a55e12?q=80&w=800&auto=format&fit=crop
prod_01KZBCMB31XHZREM2ARC39NDAD,tech-1786015000980-166-7967,Dell Smartwatch Mini Gen-8,,published,,"Premium smartwatch engineered by Dell. Features the latest technology, sleek design, and unparalleled performance. Perfect for professionals and enthusiasts alike.",false,true,https://images.unsplash.com/photo-1505156868547-9b49f4df4e04?q=80&w=800&auto=format&fit=crop,,,,,,,,,,,Thu Aug 06 2026 12:16:41 GMT+0100 (GMT+01:00),Thu Aug 06 2026 12:16:41 GMT+0100 (GMT+01:00),,https://images.unsplash.com/photo-1505156868547-9b49f4df4e04?q=80&w=800&auto=format&fit=crop,sc_01KZ673CEPGC3SNN79A1AGTBKE,variant_01KZBCMB651WJCG3FXQAYWKR8S,Matte Black,SKU-1786015000980-166-7967,,,,false,false,,,,,,,,,,0,,prod_01KZBCMB31XHZREM2ARC39NDAD,Thu Aug 06 2026 12:16:41 GMT+0100 (GMT+01:00),Thu Aug 06 2026 12:16:41 GMT+0100 (GMT+01:00),,1187,https://images.unsplash.com/photo-1505156868547-9b49f4df4e04?q=80&w=800&auto=format&fit=crop
prod_01KZBCMB31XRYA3TT6W96Z7WZS,tech-1786015000980-158-5544,Apple Tablet Elite Gen-1,,published,,"Premium tablet engineered by Apple. Features the latest technology, sleek design, and unparalleled performance. Perfect for professionals and enthusiasts alike.",false,true,https://images.unsplash.com/photo-1505740420928-5e560c06d30e?q=80&w=800&auto=format&fit=crop,,,,,,,,,,,Thu Aug 06 2026 12:16:41 GMT+0100 (GMT+01:00),Thu Aug 06 2026 12:16:41 GMT+0100 (GMT+01:00),,https://images.unsplash.com/photo-1505740420928-5e560c06d30e?q=80&w=800&auto=format&fit=crop,sc_01KZ673CEPGC3SNN79A1AGTBKE,variant_01KZBCMB64VB2X4QGVHHTGV4W2,Matte Black,SKU-1786015000980-158-5544,,,,false,false,,,,,,,,,,0,,prod_01KZBCMB31XRYA3TT6W96Z7WZS,Thu Aug 06 2026 12:16:41 GMT+0100 (GMT+01:00),Thu Aug 06 2026 12:16:41 GMT+0100 (GMT+01:00),,1070,https://images.unsplash.com/photo-1505740420928-5e560c06d30e?q=80&w=800&auto=format&fit=crop
prod_01KZBCMB31XWJ9V6GADJ5V1WXB,tech-1786015000980-170-6096,HP Smartphone Max Gen-9,,published,,"Premium smartphone engineered by HP. Features the latest technology, sleek design, and unparalleled performance. Perfect for professionals and enthusiasts alike.",false,true,https://images.unsplash.com/photo-1527814050087-379381547969?q=80&w=800&auto=format&fit=crop,,,,,,,,,,,Thu Aug 06 2026 12:16:41 GMT+0100 (GMT+01:00),Thu Aug 06 2026 12:16:41 GMT+0100 (GMT+01:00),,https://images.unsplash.com/photo-1527814050087-379381547969?q=80&w=800&auto=format&fit=crop,sc_01KZ673CEPGC3SNN79A1AGTBKE,variant_01KZBCMB657G2YFMXPMWDH0KQH,Matte Black,SKU-1786015000980-170-6096,,,,false,false,,,,,,,,,,0,,prod_01KZBCMB31XWJ9V6GADJ5V1WXB,Thu Aug 06 2026 12:16:41 GMT+0100 (GMT+01:00),Thu Aug 06 2026 12:16:41 GMT+0100 (GMT+01:00),,1333,https://images.unsplash.com/photo-1527814050087-379381547969?q=80&w=800&auto=format&fit=crop
prod_01KZBCMB31YT9543YKM9A3SJ4S,tech-1786015000980-167-8404,Dell Monitor Ultra Gen-7,,published,,"Premium monitor engineered by Dell. Features the latest technology, sleek design, and unparalleled performance. Perfect for professionals and enthusiasts alike.",false,true,https://images.unsplash.com/photo-1505740420928-5e560c06d30e?q=80&w=800&auto=format&fit=crop,,,,,,,,,,,Thu Aug 06 2026 12:16:41 GMT+0100 (GMT+01:00),Thu Aug 06 2026 12:16:41 GMT+0100 (GMT+01:00),,https://images.unsplash.com/photo-1505740420928-5e560c06d30e?q=80&w=800&auto=format&fit=crop,sc_01KZ673CEPGC3SNN79A1AGTBKE,variant_01KZBCMB65Q15FY2EVBY7JB333,Matte Black,SKU-1786015000980-167-8404,,,,false,false,,,,,,,,,,0,,prod_01KZBCMB31YT9543YKM9A3SJ4S,Thu Aug 06 2026 12:16:41 GMT+0100 (GMT+01:00),Thu Aug 06 2026 12:16:41 GMT+0100 (GMT+01:00),,656,https://images.unsplash.com/photo-1505740420928-5e560c06d30e?q=80&w=800&auto=format&fit=crop
prod_01KZBCMB31ZQ46MNZ5A0H9Z7HG,tech-1786015000980-162-3653,Razer Speaker Elite Gen-6,,published,,"Premium speaker engineered by Razer. Features the latest technology, sleek design, and unparalleled performance. Perfect for professionals and enthusiasts alike.",false,true,https://images.unsplash.com/photo-1527443224154-c4a3942d3acf?q=80&w=800&auto=format&fit=crop,,,,,,,,,,,Thu Aug 06 2026 12:16:41 GMT+0100 (GMT+01:00),Thu Aug 06 2026 12:16:41 GMT+0100 (GMT+01:00),,https://images.unsplash.com/photo-1527443224154-c4a3942d3acf?q=80&w=800&auto=format&fit=crop,sc_01KZ673CEPGC3SNN79A1AGTBKE,variant_01KZBCMB65AAPQXNVZKEV5Y5XT,Matte Black,SKU-1786015000980-162-3653,,,,false,false,,,,,,,,,,0,,prod_01KZBCMB31ZQ46MNZ5A0H9Z7HG,Thu Aug 06 2026 12:16:41 GMT+0100 (GMT+01:00),Thu Aug 06 2026 12:16:41 GMT+0100 (GMT+01:00),,1285,https://images.unsplash.com/photo-1527443224154-c4a3942d3acf?q=80&w=800&auto=format&fit=crop
prod_01KZBCMB31ZRA854JF5KDD07J0,tech-1786015000980-187-6366,Razer Smartwatch Plus Gen-10,,published,,"Premium smartwatch engineered by Razer. Features the latest technology, sleek design, and unparalleled performance. Perfect for professionals and enthusiasts alike.",false,true,https://images.unsplash.com/photo-1505740420928-5e560c06d30e?q=80&w=800&auto=format&fit=crop,,,,,,,,,,,Thu Aug 06 2026 12:16:41 GMT+0100 (GMT+01:00),Thu Aug 06 2026 12:16:41 GMT+0100 (GMT+01:00),,https://images.unsplash.com/photo-1505740420928-5e560c06d30e?q=80&w=800&auto=format&fit=crop,sc_01KZ673CEPGC3SNN79A1AGTBKE,variant_01KZBCMB65RCV4JQJ0C8KHXRXV,Matte Black,SKU-1786015000980-187-6366,,,,false,false,,,,,,,,,,0,,prod_01KZBCMB31ZRA854JF5KDD07J0,Thu Aug 06 2026 12:16:41 GMT+0100 (GMT+01:00),Thu Aug 06 2026 12:16:41 GMT+0100 (GMT+01:00),,795,https://images.unsplash.com/photo-1505740420928-5e560c06d30e?q=80&w=800&auto=format&fit=crop
prod_01KZBCMB31ZZC4GTG8XVNR3P4W,tech-1786015000980-159-5233,HP Mouse Air Gen-4,,published,,"Premium mouse engineered by HP. Features the latest technology, sleek design, and unparalleled performance. Perfect for professionals and enthusiasts alike.",false,true,https://images.unsplash.com/photo-1505740420928-5e560c06d30e?q=80&w=800&auto=format&fit=crop,,,,,,,,,,,Thu Aug 06 2026 12:16:41 GMT+0100 (GMT+01:00),Thu Aug 06 2026 12:16:41 GMT+0100 (GMT+01:00),,https://images.unsplash.com/photo-1505740420928-5e560c06d30e?q=80&w=800&auto=format&fit=crop,sc_01KZ673CEPGC3SNN79A1AGTBKE,variant_01KZBCMB643F0RDCXFD8YJNNE0,Matte Black,SKU-1786015000980-159-5233,,,,false,false,,,,,,,,,,0,,prod_01KZBCMB31ZZC4GTG8XVNR3P4W,Thu Aug 06 2026 12:16:41 GMT+0100 (GMT+01:00),Thu Aug 06 2026 12:16:41 GMT+0100 (GMT+01:00),,1206,https://images.unsplash.com/photo-1505740420928-5e560c06d30e?q=80&w=800&auto=format&fit=crop
prod_01KZBCMB321VPXBQTVT338BNMA,tech-1786015000980-198-6899,HP Tablet Air Gen-2,,published,,"Premium tablet engineered by HP. Features the latest technology, sleek design, and unparalleled performance. Perfect for professionals and enthusiasts alike.",false,true,https://images.unsplash.com/photo-1595225476474-87563907a212?q=80&w=800&auto=format&fit=crop,,,,,,,,,,,Thu Aug 06 2026 12:16:41 GMT+0100 (GMT+01:00),Thu Aug 06 2026 12:16:41 GMT+0100 (GMT+01:00),,https://images.unsplash.com/photo-1595225476474-87563907a212?q=80&w=800&auto=format&fit=crop,sc_01KZ673CEPGC3SNN79A1AGTBKE,variant_01KZBCMB66GM0N34A315KCT812,Matte Black,SKU-1786015000980-198-6899,,,,false,false,,,,,,,,,,0,,prod_01KZBCMB321VPXBQTVT338BNMA,Thu Aug 06 2026 12:16:41 GMT+0100 (GMT+01:00),Thu Aug 06 2026 12:16:41 GMT+0100 (GMT+01:00),,53,https://images.unsplash.com/photo-1595225476474-87563907a212?q=80&w=800&auto=format&fit=crop
prod_01KZBCMB322C0EZSHKPPR280T4,tech-1786015000980-192-5755,Logitech Tablet Plus Gen-3,,published,,"Premium tablet engineered by Logitech. Features the latest technology, sleek design, and unparalleled performance. Perfect for professionals and enthusiasts alike.",false,true,https://images.unsplash.com/photo-1546868871-7041f2a55e12?q=80&w=800&auto=format&fit=crop,,,,,,,,,,,Thu Aug 06 2026 12:16:41 GMT+0100 (GMT+01:00),Thu Aug 06 2026 12:16:41 GMT+0100 (GMT+01:00),,https://images.unsplash.com/photo-1546868871-7041f2a55e12?q=80&w=800&auto=format&fit=crop,sc_01KZ673CEPGC3SNN79A1AGTBKE,variant_01KZBCMB659QMW3C8J8YRJJWET,Matte Black,SKU-1786015000980-192-5755,,,,false,false,,,,,,,,,,0,,prod_01KZBCMB322C0EZSHKPPR280T4,Thu Aug 06 2026 12:16:41 GMT+0100 (GMT+01:00),Thu Aug 06 2026 12:16:41 GMT+0100 (GMT+01:00),,1253,https://images.unsplash.com/photo-1546868871-7041f2a55e12?q=80&w=800&auto=format&fit=crop
prod_01KZBCMB32A1D60F62HXBSY77N,tech-1786015000980-194-3118,Asus Tablet Pro Gen-10,,published,,"Premium tablet engineered by Asus. Features the latest technology, sleek design, and unparalleled performance. Perfect for professionals and enthusiasts alike.",false,true,https://images.unsplash.com/photo-1546868871-7041f2a55e12?q=80&w=800&auto=format&fit=crop,,,,,,,,,,,Thu Aug 06 2026 12:16:41 GMT+0100 (GMT+01:00),Thu Aug 06 2026 12:16:41 GMT+0100 (GMT+01:00),,https://images.unsplash.com/photo-1546868871-7041f2a55e12?q=80&w=800&auto=format&fit=crop,sc_01KZ673CEPGC3SNN79A1AGTBKE,variant_01KZBCMB65CKZ05MHNYKKEB6K1,Matte Black,SKU-1786015000980-194-3118,,,,false,false,,,,,,,,,,0,,prod_01KZBCMB32A1D60F62HXBSY77N,Thu Aug 06 2026 12:16:41 GMT+0100 (GMT+01:00),Thu Aug 06 2026 12:16:41 GMT+0100 (GMT+01:00),,526,https://images.unsplash.com/photo-1546868871-7041f2a55e12?q=80&w=800&auto=format&fit=crop
prod_01KZBCMB32AWTZX6QYYR3SGACY,tech-1786015000980-190-447,Lenovo Headphones Mini Gen-5,,published,,"Premium headphones engineered by Lenovo. Features the latest technology, sleek design, and unparalleled performance. Perfect for professionals and enthusiasts alike.",false,true,https://images.unsplash.com/photo-1546868871-7041f2a55e12?q=80&w=800&auto=format&fit=crop,,,,,,,,,,,Thu Aug 06 2026 12:16:41 GMT+0100 (GMT+01:00),Thu Aug 06 2026 12:16:41 GMT+0100 (GMT+01:00),,https://images.unsplash.com/photo-1546868871-7041f2a55e12?q=80&w=800&auto=format&fit=crop,sc_01KZ673CEPGC3SNN79A1AGTBKE,variant_01KZBCMB65NHANV7M6FJYSSXGR,Matte Black,SKU-1786015000980-190-447,,,,false,false,,,,,,,,,,0,,prod_01KZBCMB32AWTZX6QYYR3SGACY,Thu Aug 06 2026 12:16:41 GMT+0100 (GMT+01:00),Thu Aug 06 2026 12:16:41 GMT+0100 (GMT+01:00),,191,https://images.unsplash.com/photo-1546868871-7041f2a55e12?q=80&w=800&auto=format&fit=crop
prod_01KZBCMB32C44NT5KJ5GEHQZHQ,tech-1786015000980-197-8156,Lenovo Laptop Plus Gen-4,,published,,"Premium laptop engineered by Lenovo. Features the latest technology, sleek design, and unparalleled performance. Perfect for professionals and enthusiasts alike.",false,true,https://images.unsplash.com/photo-1505156868547-9b49f4df4e04?q=80&w=800&auto=format&fit=crop,,,,,,,,,,,Thu Aug 06 2026 12:16:41 GMT+0100 (GMT+01:00),Thu Aug 06 2026 12:16:41 GMT+0100 (GMT+01:00),,https://images.unsplash.com/photo-1505156868547-9b49f4df4e04?q=80&w=800&auto=format&fit=crop,sc_01KZ673CEPGC3SNN79A1AGTBKE,variant_01KZBCMB66B7KTMEZF8WZ8SVJQ,Matte Black,SKU-1786015000980-197-8156,,,,false,false,,,,,,,,,,0,,prod_01KZBCMB32C44NT5KJ5GEHQZHQ,Thu Aug 06 2026 12:16:41 GMT+0100 (GMT+01:00),Thu Aug 06 2026 12:16:41 GMT+0100 (GMT+01:00),,851,https://images.unsplash.com/photo-1505156868547-9b49f4df4e04?q=80&w=800&auto=format&fit=crop
prod_01KZBCMB32JXCWPP3Z99WSSX0P,tech-1786015000980-200-1792,Samsung Laptop Air Gen-6,,published,,"Premium laptop engineered by Samsung. Features the latest technology, sleek design, and unparalleled performance. Perfect for professionals and enthusiasts alike.",false,true,https://images.unsplash.com/photo-1595225476474-87563907a212?q=80&w=800&auto=format&fit=crop,,,,,,,,,,,Thu Aug 06 2026 12:16:41 GMT+0100 (GMT+01:00),Thu Aug 06 2026 12:16:41 GMT+0100 (GMT+01:00),,https://images.unsplash.com/photo-1595225476474-87563907a212?q=80&w=800&auto=format&fit=crop,sc_01KZ673CEPGC3SNN79A1AGTBKE,variant_01KZBCMB66SWAJKE7BN8GGW5H6,Matte Black,SKU-1786015000980-200-1792,,,,false,false,,,,,,,,,,0,,prod_01KZBCMB32JXCWPP3Z99WSSX0P,Thu Aug 06 2026 12:16:41 GMT+0100 (GMT+01:00),Thu Aug 06 2026 12:16:41 GMT+0100 (GMT+01:00),,890,https://images.unsplash.com/photo-1595225476474-87563907a212?q=80&w=800&auto=format&fit=crop
prod_01KZBCMB32KEZWHAD2ZW85SCEW,tech-1786015000980-193-2349,Asus Headphones Air Gen-8,,published,,"Premium headphones engineered by Asus. Features the latest technology, sleek design, and unparalleled performance. Perfect for professionals and enthusiasts alike.",false,true,https://images.unsplash.com/photo-1546868871-7041f2a55e12?q=80&w=800&auto=format&fit=crop,,,,,,,,,,,Thu Aug 06 2026 12:16:41 GMT+0100 (GMT+01:00),Thu Aug 06 2026 12:16:41 GMT+0100 (GMT+01:00),,https://images.unsplash.com/photo-1546868871-7041f2a55e12?q=80&w=800&auto=format&fit=crop,sc_01KZ673CEPGC3SNN79A1AGTBKE,variant_01KZBCMB65TYZ9R5TS3VHXRX1T,Matte Black,SKU-1786015000980-193-2349,,,,false,false,,,,,,,,,,0,,prod_01KZBCMB32KEZWHAD2ZW85SCEW,Thu Aug 06 2026 12:16:41 GMT+0100 (GMT+01:00),Thu Aug 06 2026 12:16:41 GMT+0100 (GMT+01:00),,847,https://images.unsplash.com/photo-1546868871-7041f2a55e12?q=80&w=800&auto=format&fit=crop
prod_01KZBCMB32QP7KM3DNBF6RW6GV,tech-1786015000980-195-7152,Sony Laptop Essential Gen-4,,published,,"Premium laptop engineered by Sony. Features the latest technology, sleek design, and unparalleled performance. Perfect for professionals and enthusiasts alike.",false,true,https://images.unsplash.com/photo-1496181133206-80ce9b88a853?q=80&w=800&auto=format&fit=crop,,,,,,,,,,,Thu Aug 06 2026 12:16:41 GMT+0100 (GMT+01:00),Thu Aug 06 2026 12:16:41 GMT+0100 (GMT+01:00),,https://images.unsplash.com/photo-1496181133206-80ce9b88a853?q=80&w=800&auto=format&fit=crop,sc_01KZ673CEPGC3SNN79A1AGTBKE,variant_01KZBCMB65E8MH7AR29E4J90VA,Matte Black,SKU-1786015000980-195-7152,,,,false,false,,,,,,,,,,0,,prod_01KZBCMB32QP7KM3DNBF6RW6GV,Thu Aug 06 2026 12:16:41 GMT+0100 (GMT+01:00),Thu Aug 06 2026 12:16:41 GMT+0100 (GMT+01:00),,641,https://images.unsplash.com/photo-1496181133206-80ce9b88a853?q=80&w=800&auto=format&fit=crop
prod_01KZBCMB32VHGG535A793YYHGA,tech-1786015000980-199-298,Bose Mouse Elite Gen-3,,published,,"Premium mouse engineered by Bose. Features the latest technology, sleek design, and unparalleled performance. Perfect for professionals and enthusiasts alike.",false,true,https://images.unsplash.com/photo-1595225476474-87563907a212?q=80&w=800&auto=format&fit=crop,,,,,,,,,,,Thu Aug 06 2026 12:16:41 GMT+0100 (GMT+01:00),Thu Aug 06 2026 12:16:41 GMT+0100 (GMT+01:00),,https://images.unsplash.com/photo-1595225476474-87563907a212?q=80&w=800&auto=format&fit=crop,sc_01KZ673CEPGC3SNN79A1AGTBKE,variant_01KZBCMB66ZRE7PRQDAKKM71CJ,Matte Black,SKU-1786015000980-199-298,,,,false,false,,,,,,,,,,0,,prod_01KZBCMB32VHGG535A793YYHGA,Thu Aug 06 2026 12:16:41 GMT+0100 (GMT+01:00),Thu Aug 06 2026 12:16:41 GMT+0100 (GMT+01:00),,1333,https://images.unsplash.com/photo-1595225476474-87563907a212?q=80&w=800&auto=format&fit=crop
prod_01KZBCMB32XXCV9J30KT6VWKDB,tech-1786015000980-191-9306,Razer Monitor Air Gen-6,,published,,"Premium monitor engineered by Razer. Features the latest technology, sleek design, and unparalleled performance. Perfect for professionals and enthusiasts alike.",false,true,https://images.unsplash.com/photo-1496181133206-80ce9b88a853?q=80&w=800&auto=format&fit=crop,,,,,,,,,,,Thu Aug 06 2026 12:16:41 GMT+0100 (GMT+01:00),Thu Aug 06 2026 12:16:41 GMT+0100 (GMT+01:00),,https://images.unsplash.com/photo-1496181133206-80ce9b88a853?q=80&w=800&auto=format&fit=crop,sc_01KZ673CEPGC3SNN79A1AGTBKE,variant_01KZBCMB65Q9HAK0A8FW1N1HVC,Matte Black,SKU-1786015000980-191-9306,,,,false,false,,,,,,,,,,0,,prod_01KZBCMB32XXCV9J30KT6VWKDB,Thu Aug 06 2026 12:16:41 GMT+0100 (GMT+01:00),Thu Aug 06 2026 12:16:41 GMT+0100 (GMT+01:00),,1487,https://images.unsplash.com/photo-1496181133206-80ce9b88a853?q=80&w=800&auto=format&fit=crop
prod_01KZBCMB32XZ8WS9QFKV4D8S0X,tech-1786015000980-196-6055,Sony Smartwatch Lite Gen-4,,published,,"Premium smartwatch engineered by Sony. Features the latest technology, sleek design, and unparalleled performance. Perfect for professionals and enthusiasts alike.",false,true,https://images.unsplash.com/photo-1546868871-7041f2a55e12?q=80&w=800&auto=format&fit=crop,,,,,,,,,,,Thu Aug 06 2026 12:16:41 GMT+0100 (GMT+01:00),Thu Aug 06 2026 12:16:41 GMT+0100 (GMT+01:00),,https://images.unsplash.com/photo-1546868871-7041f2a55e12?q=80&w=800&auto=format&fit=crop,sc_01KZ673CEPGC3SNN79A1AGTBKE,variant_01KZBCMB662DDD0Z6HNAP77S7Q,Matte Black,SKU-1786015000980-196-6055,,,,false,false,,,,,,,,,,0,,prod_01KZBCMB32XZ8WS9QFKV4D8S0X,Thu Aug 06 2026 12:16:41 GMT+0100 (GMT+01:00),Thu Aug 06 2026 12:16:41 GMT+0100 (GMT+01:00),,438,https://images.unsplash.com/photo-1546868871-7041f2a55e12?q=80&w=800&auto=format&fit=crop
prod_01KZBCMB863EBVDB2Y0S8YF7ET,tech-1786015000980-203-6477,Asus Monitor Advanced Gen-7,,published,,"Premium monitor engineered by Asus. Features the latest technology, sleek design, and unparalleled performance. Perfect for professionals and enthusiasts alike.",false,true,https://images.unsplash.com/photo-1527443224154-c4a3942d3acf?q=80&w=800&auto=format&fit=crop,,,,,,,,,,,Thu Aug 06 2026 12:16:41 GMT+0100 (GMT+01:00),Thu Aug 06 2026 12:16:41 GMT+0100 (GMT+01:00),,https://images.unsplash.com/photo-1527443224154-c4a3942d3acf?q=80&w=800&auto=format&fit=crop,sc_01KZ673CEPGC3SNN79A1AGTBKE,variant_01KZBCMBBB7C4YWE9A702JQ0G9,Matte Black,SKU-1786015000980-203-6477,,,,false,false,,,,,,,,,,0,,prod_01KZBCMB863EBVDB2Y0S8YF7ET,Thu Aug 06 2026 12:16:41 GMT+0100 (GMT+01:00),Thu Aug 06 2026 12:16:41 GMT+0100 (GMT+01:00),,1038,https://images.unsplash.com/photo-1527443224154-c4a3942d3acf?q=80&w=800&auto=format&fit=crop
prod_01KZBCMB8652GSQZJ7YMPVET4X,tech-1786015000980-204-9742,Dell Smartphone Mini Gen-8,,published,,"Premium smartphone engineered by Dell. Features the latest technology, sleek design, and unparalleled performance. Perfect for professionals and enthusiasts alike.",false,true,https://images.unsplash.com/photo-1546868871-7041f2a55e12?q=80&w=800&auto=format&fit=crop,,,,,,,,,,,Thu Aug 06 2026 12:16:41 GMT+0100 (GMT+01:00),Thu Aug 06 2026 12:16:41 GMT+0100 (GMT+01:00),,https://images.unsplash.com/photo-1546868871-7041f2a55e12?q=80&w=800&auto=format&fit=crop,sc_01KZ673CEPGC3SNN79A1AGTBKE,variant_01KZBCMBBBAH8HSEC5T3DRDKDN,Matte Black,SKU-1786015000980-204-9742,,,,false,false,,,,,,,,,,0,,prod_01KZBCMB8652GSQZJ7YMPVET4X,Thu Aug 06 2026 12:16:41 GMT+0100 (GMT+01:00),Thu Aug 06 2026 12:16:41 GMT+0100 (GMT+01:00),,1209,https://images.unsplash.com/photo-1546868871-7041f2a55e12?q=80&w=800&auto=format&fit=crop
prod_01KZBCMB868GJ6D8BG93XGXRGX,tech-1786015000980-208-879,Samsung Tablet Max Gen-3,,published,,"Premium tablet engineered by Samsung. Features the latest technology, sleek design, and unparalleled performance. Perfect for professionals and enthusiasts alike.",false,true,https://images.unsplash.com/photo-1546868871-7041f2a55e12?q=80&w=800&auto=format&fit=crop,,,,,,,,,,,Thu Aug 06 2026 12:16:41 GMT+0100 (GMT+01:00),Thu Aug 06 2026 12:16:41 GMT+0100 (GMT+01:00),,https://images.unsplash.com/photo-1546868871-7041f2a55e12?q=80&w=800&auto=format&fit=crop,sc_01KZ673CEPGC3SNN79A1AGTBKE,variant_01KZBCMBBBPY3MV2A6RST5XHJ9,Matte Black,SKU-1786015000980-208-879,,,,false,false,,,,,,,,,,0,,prod_01KZBCMB868GJ6D8BG93XGXRGX,Thu Aug 06 2026 12:16:41 GMT+0100 (GMT+01:00),Thu Aug 06 2026 12:16:41 GMT+0100 (GMT+01:00),,756,https://images.unsplash.com/photo-1546868871-7041f2a55e12?q=80&w=800&auto=format&fit=crop
prod_01KZBCMB8694JBHE1D8DPGWCXA,tech-1786015000980-207-4709,Razer Mouse Advanced Gen-5,,published,,"Premium mouse engineered by Razer. Features the latest technology, sleek design, and unparalleled performance. Perfect for professionals and enthusiasts alike.",false,true,https://images.unsplash.com/photo-1595225476474-87563907a212?q=80&w=800&auto=format&fit=crop,,,,,,,,,,,Thu Aug 06 2026 12:16:41 GMT+0100 (GMT+01:00),Thu Aug 06 2026 12:16:41 GMT+0100 (GMT+01:00),,https://images.unsplash.com/photo-1595225476474-87563907a212?q=80&w=800&auto=format&fit=crop,sc_01KZ673CEPGC3SNN79A1AGTBKE,variant_01KZBCMBBB18JW55EDP182S34V,Matte Black,SKU-1786015000980-207-4709,,,,false,false,,,,,,,,,,0,,prod_01KZBCMB8694JBHE1D8DPGWCXA,Thu Aug 06 2026 12:16:41 GMT+0100 (GMT+01:00),Thu Aug 06 2026 12:16:41 GMT+0100 (GMT+01:00),,51,https://images.unsplash.com/photo-1595225476474-87563907a212?q=80&w=800&auto=format&fit=crop
prod_01KZBCMB86GGA36BBJHBWJ7GM7,tech-1786015000980-201-558,Apple Keyboard Max Gen-7,,published,,"Premium keyboard engineered by Apple. Features the latest technology, sleek design, and unparalleled performance. Perfect for professionals and enthusiasts alike.",false,true,https://images.unsplash.com/photo-1595225476474-87563907a212?q=80&w=800&auto=format&fit=crop,,,,,,,,,,,Thu Aug 06 2026 12:16:41 GMT+0100 (GMT+01:00),Thu Aug 06 2026 12:16:41 GMT+0100 (GMT+01:00),,https://images.unsplash.com/photo-1595225476474-87563907a212?q=80&w=800&auto=format&fit=crop,sc_01KZ673CEPGC3SNN79A1AGTBKE,variant_01KZBCMBBBXHR52H5S6A5J1QCK,Matte Black,SKU-1786015000980-201-558,,,,false,false,,,,,,,,,,0,,prod_01KZBCMB86GGA36BBJHBWJ7GM7,Thu Aug 06 2026 12:16:41 GMT+0100 (GMT+01:00),Thu Aug 06 2026 12:16:41 GMT+0100 (GMT+01:00),,171,https://images.unsplash.com/photo-1595225476474-87563907a212?q=80&w=800&auto=format&fit=crop
prod_01KZBCMB86KHEW2JY15ECD0A8D,tech-1786015000980-206-133,Samsung Laptop Air Gen-6,,published,,"Premium laptop engineered by Samsung. Features the latest technology, sleek design, and unparalleled performance. Perfect for professionals and enthusiasts alike.",false,true,https://images.unsplash.com/photo-1527443224154-c4a3942d3acf?q=80&w=800&auto=format&fit=crop,,,,,,,,,,,Thu Aug 06 2026 12:16:41 GMT+0100 (GMT+01:00),Thu Aug 06 2026 12:16:41 GMT+0100 (GMT+01:00),,https://images.unsplash.com/photo-1527443224154-c4a3942d3acf?q=80&w=800&auto=format&fit=crop,sc_01KZ673CEPGC3SNN79A1AGTBKE,variant_01KZBCMBBBYP6H4R16GZKW4ZAR,Matte Black,SKU-1786015000980-206-133,,,,false,false,,,,,,,,,,0,,prod_01KZBCMB86KHEW2JY15ECD0A8D,Thu Aug 06 2026 12:16:41 GMT+0100 (GMT+01:00),Thu Aug 06 2026 12:16:41 GMT+0100 (GMT+01:00),,462,https://images.unsplash.com/photo-1527443224154-c4a3942d3acf?q=80&w=800&auto=format&fit=crop
prod_01KZBCMB86NS2DA68ENJ1SR965,tech-1786015000980-205-7592,Sony Smartwatch Plus Gen-8,,published,,"Premium smartwatch engineered by Sony. Features the latest technology, sleek design, and unparalleled performance. Perfect for professionals and enthusiasts alike.",false,true,https://images.unsplash.com/photo-1505740420928-5e560c06d30e?q=80&w=800&auto=format&fit=crop,,,,,,,,,,,Thu Aug 06 2026 12:16:41 GMT+0100 (GMT+01:00),Thu Aug 06 2026 12:16:41 GMT+0100 (GMT+01:00),,https://images.unsplash.com/photo-1505740420928-5e560c06d30e?q=80&w=800&auto=format&fit=crop,sc_01KZ673CEPGC3SNN79A1AGTBKE,variant_01KZBCMBBB47QTA6YA61WDJGXG,Matte Black,SKU-1786015000980-205-7592,,,,false,false,,,,,,,,,,0,,prod_01KZBCMB86NS2DA68ENJ1SR965,Thu Aug 06 2026 12:16:41 GMT+0100 (GMT+01:00),Thu Aug 06 2026 12:16:41 GMT+0100 (GMT+01:00),,1173,https://images.unsplash.com/photo-1505740420928-5e560c06d30e?q=80&w=800&auto=format&fit=crop
prod_01KZBCMB86RG484PSY9QFVVG9K,tech-1786015000980-202-6171,HP Tablet Essential Gen-5,,published,,"Premium tablet engineered by HP. Features the latest technology, sleek design, and unparalleled performance. Perfect for professionals and enthusiasts alike.",false,true,https://images.unsplash.com/photo-1527443224154-c4a3942d3acf?q=80&w=800&auto=format&fit=crop,,,,,,,,,,,Thu Aug 06 2026 12:16:41 GMT+0100 (GMT+01:00),Thu Aug 06 2026 12:16:41 GMT+0100 (GMT+01:00),,https://images.unsplash.com/photo-1527443224154-c4a3942d3acf?q=80&w=800&auto=format&fit=crop,sc_01KZ673CEPGC3SNN79A1AGTBKE,variant_01KZBCMBBBVM0S0W995MS90JE1,Matte Black,SKU-1786015000980-202-6171,,,,false,false,,,,,,,,,,0,,prod_01KZBCMB86RG484PSY9QFVVG9K,Thu Aug 06 2026 12:16:41 GMT+0100 (GMT+01:00),Thu Aug 06 2026 12:16:41 GMT+0100 (GMT+01:00),,1201,https://images.unsplash.com/photo-1527443224154-c4a3942d3acf?q=80&w=800&auto=format&fit=crop
prod_01KZBCMB871T68C661NCQKEW16,tech-1786015000980-217-762,Bose Tablet Mini Gen-5,,published,,"Premium tablet engineered by Bose. Features the latest technology, sleek design, and unparalleled performance. Perfect for professionals and enthusiasts alike.",false,true,https://images.unsplash.com/photo-1505740420928-5e560c06d30e?q=80&w=800&auto=format&fit=crop,,,,,,,,,,,Thu Aug 06 2026 12:16:41 GMT+0100 (GMT+01:00),Thu Aug 06 2026 12:16:41 GMT+0100 (GMT+01:00),,https://images.unsplash.com/photo-1505740420928-5e560c06d30e?q=80&w=800&auto=format&fit=crop,sc_01KZ673CEPGC3SNN79A1AGTBKE,variant_01KZBCMBBCQW06SY6K3EGGXBJ8,Matte Black,SKU-1786015000980-217-762,,,,false,false,,,,,,,,,,0,,prod_01KZBCMB871T68C661NCQKEW16,Thu Aug 06 2026 12:16:41 GMT+0100 (GMT+01:00),Thu Aug 06 2026 12:16:41 GMT+0100 (GMT+01:00),,1370,https://images.unsplash.com/photo-1505740420928-5e560c06d30e?q=80&w=800&auto=format&fit=crop
prod_01KZBCMB873GPNXSQ4PMCD5Z0C,tech-1786015000980-249-9538,Asus Smartphone Pro Gen-1,,published,,"Premium smartphone engineered by Asus. Features the latest technology, sleek design, and unparalleled performance. Perfect for professionals and enthusiasts alike.",false,true,https://images.unsplash.com/photo-1505156868547-9b49f4df4e04?q=80&w=800&auto=format&fit=crop,,,,,,,,,,,Thu Aug 06 2026 12:16:41 GMT+0100 (GMT+01:00),Thu Aug 06 2026 12:16:41 GMT+0100 (GMT+01:00),,https://images.unsplash.com/photo-1505156868547-9b49f4df4e04?q=80&w=800&auto=format&fit=crop,sc_01KZ673CEPGC3SNN79A1AGTBKE,variant_01KZBCMBBEG51NAZQE75RQYH5H,Matte Black,SKU-1786015000980-249-9538,,,,false,false,,,,,,,,,,0,,prod_01KZBCMB873GPNXSQ4PMCD5Z0C,Thu Aug 06 2026 12:16:41 GMT+0100 (GMT+01:00),Thu Aug 06 2026 12:16:41 GMT+0100 (GMT+01:00),,1541,https://images.unsplash.com/photo-1505156868547-9b49f4df4e04?q=80&w=800&auto=format&fit=crop
prod_01KZBCMB875XKK052P5DG8JQYY,tech-1786015000980-215-7101,Sony Keyboard Max Gen-4,,published,,"Premium keyboard engineered by Sony. Features the latest technology, sleek design, and unparalleled performance. Perfect for professionals and enthusiasts alike.",false,true,https://images.unsplash.com/photo-1496181133206-80ce9b88a853?q=80&w=800&auto=format&fit=crop,,,,,,,,,,,Thu Aug 06 2026 12:16:41 GMT+0100 (GMT+01:00),Thu Aug 06 2026 12:16:41 GMT+0100 (GMT+01:00),,https://images.unsplash.com/photo-1496181133206-80ce9b88a853?q=80&w=800&auto=format&fit=crop,sc_01KZ673CEPGC3SNN79A1AGTBKE,variant_01KZBCMBBCXTZDBTS29ANM64M3,Matte Black,SKU-1786015000980-215-7101,,,,false,false,,,,,,,,,,0,,prod_01KZBCMB875XKK052P5DG8JQYY,Thu Aug 06 2026 12:16:41 GMT+0100 (GMT+01:00),Thu Aug 06 2026 12:16:41 GMT+0100 (GMT+01:00),,283,https://images.unsplash.com/photo-1496181133206-80ce9b88a853?q=80&w=800&auto=format&fit=crop
prod_01KZBCMB876E8Z1F1BGSHWQ8JY,tech-1786015000980-245-1226,Apple Smartphone Mini Gen-7,,published,,"Premium smartphone engineered by Apple. Features the latest technology, sleek design, and unparalleled performance. Perfect for professionals and enthusiasts alike.",false,true,https://images.unsplash.com/photo-1546868871-7041f2a55e12?q=80&w=800&auto=format&fit=crop,,,,,,,,,,,Thu Aug 06 2026 12:16:41 GMT+0100 (GMT+01:00),Thu Aug 06 2026 12:16:41 GMT+0100 (GMT+01:00),,https://images.unsplash.com/photo-1546868871-7041f2a55e12?q=80&w=800&auto=format&fit=crop,sc_01KZ673CEPGC3SNN79A1AGTBKE,variant_01KZBCMBBD9WPFE82A91NRK2AJ,Matte Black,SKU-1786015000980-245-1226,,,,false,false,,,,,,,,,,0,,prod_01KZBCMB876E8Z1F1BGSHWQ8JY,Thu Aug 06 2026 12:16:41 GMT+0100 (GMT+01:00),Thu Aug 06 2026 12:16:41 GMT+0100 (GMT+01:00),,120,https://images.unsplash.com/photo-1546868871-7041f2a55e12?q=80&w=800&auto=format&fit=crop
prod_01KZBCMB87707VBPBWD5B88GAR,tech-1786015000980-211-2425,Dell Laptop Max Gen-10,,published,,"Premium laptop engineered by Dell. Features the latest technology, sleek design, and unparalleled performance. Perfect for professionals and enthusiasts alike.",false,true,https://images.unsplash.com/photo-1505156868547-9b49f4df4e04?q=80&w=800&auto=format&fit=crop,,,,,,,,,,,Thu Aug 06 2026 12:16:41 GMT+0100 (GMT+01:00),Thu Aug 06 2026 12:16:41 GMT+0100 (GMT+01:00),,https://images.unsplash.com/photo-1505156868547-9b49f4df4e04?q=80&w=800&auto=format&fit=crop,sc_01KZ673CEPGC3SNN79A1AGTBKE,variant_01KZBCMBBB3FHSF116476WT1HN,Matte Black,SKU-1786015000980-211-2425,,,,false,false,,,,,,,,,,0,,prod_01KZBCMB87707VBPBWD5B88GAR,Thu Aug 06 2026 12:16:41 GMT+0100 (GMT+01:00),Thu Aug 06 2026 12:16:41 GMT+0100 (GMT+01:00),,1190,https://images.unsplash.com/photo-1505156868547-9b49f4df4e04?q=80&w=800&auto=format&fit=crop
prod_01KZBCMB878YSVW4SPAZJ9ET27,tech-1786015000980-229-8203,Sony Headphones Ultra Gen-5,,published,,"Premium headphones engineered by Sony. Features the latest technology, sleek design, and unparalleled performance. Perfect for professionals and enthusiasts alike.",false,true,https://images.unsplash.com/photo-1595225476474-87563907a212?q=80&w=800&auto=format&fit=crop,,,,,,,,,,,Thu Aug 06 2026 12:16:41 GMT+0100 (GMT+01:00),Thu Aug 06 2026 12:16:41 GMT+0100 (GMT+01:00),,https://images.unsplash.com/photo-1595225476474-87563907a212?q=80&w=800&auto=format&fit=crop,sc_01KZ673CEPGC3SNN79A1AGTBKE,variant_01KZBCMBBCJSC1MQ23DEDKTZ9S,Matte Black,SKU-1786015000980-229-8203,,,,false,false,,,,,,,,,,0,,prod_01KZBCMB878YSVW4SPAZJ9ET27,Thu Aug 06 2026 12:16:41 GMT+0100 (GMT+01:00),Thu Aug 06 2026 12:16:41 GMT+0100 (GMT+01:00),,677,https://images.unsplash.com/photo-1595225476474-87563907a212?q=80&w=800&auto=format&fit=crop
prod_01KZBCMB879G4DXBZZC1DJFACX,tech-1786015000980-238-9925,Asus Speaker Elite Gen-7,,published,,"Premium speaker engineered by Asus. Features the latest technology, sleek design, and unparalleled performance. Perfect for professionals and enthusiasts alike.",false,true,https://images.unsplash.com/photo-1527443224154-c4a3942d3acf?q=80&w=800&auto=format&fit=crop,,,,,,,,,,,Thu Aug 06 2026 12:16:41 GMT+0100 (GMT+01:00),Thu Aug 06 2026 12:16:41 GMT+0100 (GMT+01:00),,https://images.unsplash.com/photo-1527443224154-c4a3942d3acf?q=80&w=800&auto=format&fit=crop,sc_01KZ673CEPGC3SNN79A1AGTBKE,variant_01KZBCMBBDMACMECMKH37JBCDE,Matte Black,SKU-1786015000980-238-9925,,,,false,false,,,,,,,,,,0,,prod_01KZBCMB879G4DXBZZC1DJFACX,Thu Aug 06 2026 12:16:41 GMT+0100 (GMT+01:00),Thu Aug 06 2026 12:16:41 GMT+0100 (GMT+01:00),,789,https://images.unsplash.com/photo-1527443224154-c4a3942d3acf?q=80&w=800&auto=format&fit=crop
prod_01KZBCMB879NX3BM5BVJ8F2ER0,tech-1786015000980-246-603,Samsung Camera Pro Gen-2,,published,,"Premium camera engineered by Samsung. Features the latest technology, sleek design, and unparalleled performance. Perfect for professionals and enthusiasts alike.",false,true,https://images.unsplash.com/photo-1595225476474-87563907a212?q=80&w=800&auto=format&fit=crop,,,,,,,,,,,Thu Aug 06 2026 12:16:41 GMT+0100 (GMT+01:00),Thu Aug 06 2026 12:16:41 GMT+0100 (GMT+01:00),,https://images.unsplash.com/photo-1595225476474-87563907a212?q=80&w=800&auto=format&fit=crop,sc_01KZ673CEPGC3SNN79A1AGTBKE,variant_01KZBCMBBDVK47HQA8R17MNX5K,Matte Black,SKU-1786015000980-246-603,,,,false,false,,,,,,,,,,0,,prod_01KZBCMB879NX3BM5BVJ8F2ER0,Thu Aug 06 2026 12:16:41 GMT+0100 (GMT+01:00),Thu Aug 06 2026 12:16:41 GMT+0100 (GMT+01:00),,1266,https://images.unsplash.com/photo-1595225476474-87563907a212?q=80&w=800&auto=format&fit=crop
prod_01KZBCMB879VCGE4FCYFXV2SPQ,tech-1786015000980-219-7304,Samsung Smartphone Plus Gen-2,,published,,"Premium smartphone engineered by Samsung. Features the latest technology, sleek design, and unparalleled performance. Perfect for professionals and enthusiasts alike.",false,true,https://images.unsplash.com/photo-1546868871-7041f2a55e12?q=80&w=800&auto=format&fit=crop,,,,,,,,,,,Thu Aug 06 2026 12:16:41 GMT+0100 (GMT+01:00),Thu Aug 06 2026 12:16:41 GMT+0100 (GMT+01:00),,https://images.unsplash.com/photo-1546868871-7041f2a55e12?q=80&w=800&auto=format&fit=crop,sc_01KZ673CEPGC3SNN79A1AGTBKE,variant_01KZBCMBBCDVFWPBA102W4JB8Q,Matte Black,SKU-1786015000980-219-7304,,,,false,false,,,,,,,,,,0,,prod_01KZBCMB879VCGE4FCYFXV2SPQ,Thu Aug 06 2026 12:16:41 GMT+0100 (GMT+01:00),Thu Aug 06 2026 12:16:41 GMT+0100 (GMT+01:00),,867,https://images.unsplash.com/photo-1546868871-7041f2a55e12?q=80&w=800&auto=format&fit=crop
prod_01KZBCMB879ZVSN96ST1Y4W7BP,tech-1786015000980-224-5258,Razer Smartphone Advanced Gen-5,,published,,"Premium smartphone engineered by Razer. Features the latest technology, sleek design, and unparalleled performance. Perfect for professionals and enthusiasts alike.",false,true,https://images.unsplash.com/photo-1505156868547-9b49f4df4e04?q=80&w=800&auto=format&fit=crop,,,,,,,,,,,Thu Aug 06 2026 12:16:41 GMT+0100 (GMT+01:00),Thu Aug 06 2026 12:16:41 GMT+0100 (GMT+01:00),,https://images.unsplash.com/photo-1505156868547-9b49f4df4e04?q=80&w=800&auto=format&fit=crop,sc_01KZ673CEPGC3SNN79A1AGTBKE,variant_01KZBCMBBCEXM1BTPQNKFPFNT3,Matte Black,SKU-1786015000980-224-5258,,,,false,false,,,,,,,,,,0,,prod_01KZBCMB879ZVSN96ST1Y4W7BP,Thu Aug 06 2026 12:16:41 GMT+0100 (GMT+01:00),Thu Aug 06 2026 12:16:41 GMT+0100 (GMT+01:00),,114,https://images.unsplash.com/photo-1505156868547-9b49f4df4e04?q=80&w=800&auto=format&fit=crop
prod_01KZBCMB87ATMA56FC0G9JD66M,tech-1786015000980-230-442,Samsung Mouse Pro Gen-8,,published,,"Premium mouse engineered by Samsung. Features the latest technology, sleek design, and unparalleled performance. Perfect for professionals and enthusiasts alike.",false,true,https://images.unsplash.com/photo-1505156868547-9b49f4df4e04?q=80&w=800&auto=format&fit=crop,,,,,,,,,,,Thu Aug 06 2026 12:16:41 GMT+0100 (GMT+01:00),Thu Aug 06 2026 12:16:41 GMT+0100 (GMT+01:00),,https://images.unsplash.com/photo-1505156868547-9b49f4df4e04?q=80&w=800&auto=format&fit=crop,sc_01KZ673CEPGC3SNN79A1AGTBKE,variant_01KZBCMBBDMP791WVAXDX48EH4,Matte Black,SKU-1786015000980-230-442,,,,false,false,,,,,,,,,,0,,prod_01KZBCMB87ATMA56FC0G9JD66M,Thu Aug 06 2026 12:16:41 GMT+0100 (GMT+01:00),Thu Aug 06 2026 12:16:41 GMT+0100 (GMT+01:00),,842,https://images.unsplash.com/photo-1505156868547-9b49f4df4e04?q=80&w=800&auto=format&fit=crop
prod_01KZBCMB87AW1PYJ07VZH4F355,tech-1786015000980-233-7368,Lenovo Camera Ultra Gen-3,,published,,"Premium camera engineered by Lenovo. Features the latest technology, sleek design, and unparalleled performance. Perfect for professionals and enthusiasts alike.",false,true,https://images.unsplash.com/photo-1505740420928-5e560c06d30e?q=80&w=800&auto=format&fit=crop,,,,,,,,,,,Thu Aug 06 2026 12:16:41 GMT+0100 (GMT+01:00),Thu Aug 06 2026 12:16:41 GMT+0100 (GMT+01:00),,https://images.unsplash.com/photo-1505740420928-5e560c06d30e?q=80&w=800&auto=format&fit=crop,sc_01KZ673CEPGC3SNN79A1AGTBKE,variant_01KZBCMBBDJQ26XGJ259YJY1GY,Matte Black,SKU-1786015000980-233-7368,,,,false,false,,,,,,,,,,0,,prod_01KZBCMB87AW1PYJ07VZH4F355,Thu Aug 06 2026 12:16:41 GMT+0100 (GMT+01:00),Thu Aug 06 2026 12:16:41 GMT+0100 (GMT+01:00),,484,https://images.unsplash.com/photo-1505740420928-5e560c06d30e?q=80&w=800&auto=format&fit=crop
prod_01KZBCMB87C3FFTGT1WTPXFGTS,tech-1786015000980-242-4849,Bose Monitor Max Gen-2,,published,,"Premium monitor engineered by Bose. Features the latest technology, sleek design, and unparalleled performance. Perfect for professionals and enthusiasts alike.",false,true,https://images.unsplash.com/photo-1496181133206-80ce9b88a853?q=80&w=800&auto=format&fit=crop,,,,,,,,,,,Thu Aug 06 2026 12:16:41 GMT+0100 (GMT+01:00),Thu Aug 06 2026 12:16:41 GMT+0100 (GMT+01:00),,https://images.unsplash.com/photo-1496181133206-80ce9b88a853?q=80&w=800&auto=format&fit=crop,sc_01KZ673CEPGC3SNN79A1AGTBKE,variant_01KZBCMBBDGS0GHNVX81WKDGAY,Matte Black,SKU-1786015000980-242-4849,,,,false,false,,,,,,,,,,0,,prod_01KZBCMB87C3FFTGT1WTPXFGTS,Thu Aug 06 2026 12:16:41 GMT+0100 (GMT+01:00),Thu Aug 06 2026 12:16:41 GMT+0100 (GMT+01:00),,336,https://images.unsplash.com/photo-1496181133206-80ce9b88a853?q=80&w=800&auto=format&fit=crop
prod_01KZBCMB87C5PWHD2P6BJGRS6G,tech-1786015000980-223-2489,HP Keyboard Mini Gen-3,,published,,"Premium keyboard engineered by HP. Features the latest technology, sleek design, and unparalleled performance. Perfect for professionals and enthusiasts alike.",false,true,https://images.unsplash.com/photo-1546868871-7041f2a55e12?q=80&w=800&auto=format&fit=crop,,,,,,,,,,,Thu Aug 06 2026 12:16:41 GMT+0100 (GMT+01:00),Thu Aug 06 2026 12:16:41 GMT+0100 (GMT+01:00),,https://images.unsplash.com/photo-1546868871-7041f2a55e12?q=80&w=800&auto=format&fit=crop,sc_01KZ673CEPGC3SNN79A1AGTBKE,variant_01KZBCMBBC48DS84CM1KF2TT2M,Matte Black,SKU-1786015000980-223-2489,,,,false,false,,,,,,,,,,0,,prod_01KZBCMB87C5PWHD2P6BJGRS6G,Thu Aug 06 2026 12:16:41 GMT+0100 (GMT+01:00),Thu Aug 06 2026 12:16:41 GMT+0100 (GMT+01:00),,1136,https://images.unsplash.com/photo-1546868871-7041f2a55e12?q=80&w=800&auto=format&fit=crop
prod_01KZBCMB87CEHD4ZKHDH4BH8RK,tech-1786015000980-241-8272,Asus Smartwatch Pro Gen-2,,published,,"Premium smartwatch engineered by Asus. Features the latest technology, sleek design, and unparalleled performance. Perfect for professionals and enthusiasts alike.",false,true,https://images.unsplash.com/photo-1527814050087-379381547969?q=80&w=800&auto=format&fit=crop,,,,,,,,,,,Thu Aug 06 2026 12:16:41 GMT+0100 (GMT+01:00),Thu Aug 06 2026 12:16:41 GMT+0100 (GMT+01:00),,https://images.unsplash.com/photo-1527814050087-379381547969?q=80&w=800&auto=format&fit=crop,sc_01KZ673CEPGC3SNN79A1AGTBKE,variant_01KZBCMBBDJZ947HCJXB2KTW9X,Matte Black,SKU-1786015000980-241-8272,,,,false,false,,,,,,,,,,0,,prod_01KZBCMB87CEHD4ZKHDH4BH8RK,Thu Aug 06 2026 12:16:41 GMT+0100 (GMT+01:00),Thu Aug 06 2026 12:16:41 GMT+0100 (GMT+01:00),,1150,https://images.unsplash.com/photo-1527814050087-379381547969?q=80&w=800&auto=format&fit=crop
prod_01KZBCMB87CQW6CA8AHYRR4KS6,tech-1786015000980-209-1396,Bose Monitor Ultra Gen-6,,published,,"Premium monitor engineered by Bose. Features the latest technology, sleek design, and unparalleled performance. Perfect for professionals and enthusiasts alike.",false,true,https://images.unsplash.com/photo-1505156868547-9b49f4df4e04?q=80&w=800&auto=format&fit=crop,,,,,,,,,,,Thu Aug 06 2026 12:16:41 GMT+0100 (GMT+01:00),Thu Aug 06 2026 12:16:41 GMT+0100 (GMT+01:00),,https://images.unsplash.com/photo-1505156868547-9b49f4df4e04?q=80&w=800&auto=format&fit=crop,sc_01KZ673CEPGC3SNN79A1AGTBKE,variant_01KZBCMBBBSA0RY175HXN6G9J8,Matte Black,SKU-1786015000980-209-1396,,,,false,false,,,,,,,,,,0,,prod_01KZBCMB87CQW6CA8AHYRR4KS6,Thu Aug 06 2026 12:16:41 GMT+0100 (GMT+01:00),Thu Aug 06 2026 12:16:41 GMT+0100 (GMT+01:00),,413,https://images.unsplash.com/photo-1505156868547-9b49f4df4e04?q=80&w=800&auto=format&fit=crop
prod_01KZBCMB87D41TZK25W2KGG770,tech-1786015000980-221-1959,Razer Monitor Max Gen-8,,published,,"Premium monitor engineered by Razer. Features the latest technology, sleek design, and unparalleled performance. Perfect for professionals and enthusiasts alike.",false,true,https://images.unsplash.com/photo-1505740420928-5e560c06d30e?q=80&w=800&auto=format&fit=crop,,,,,,,,,,,Thu Aug 06 2026 12:16:41 GMT+0100 (GMT+01:00),Thu Aug 06 2026 12:16:41 GMT+0100 (GMT+01:00),,https://images.unsplash.com/photo-1505740420928-5e560c06d30e?q=80&w=800&auto=format&fit=crop,sc_01KZ673CEPGC3SNN79A1AGTBKE,variant_01KZBCMBBC15Q02SRGFN5S26HW,Matte Black,SKU-1786015000980-221-1959,,,,false,false,,,,,,,,,,0,,prod_01KZBCMB87D41TZK25W2KGG770,Thu Aug 06 2026 12:16:41 GMT+0100 (GMT+01:00),Thu Aug 06 2026 12:16:41 GMT+0100 (GMT+01:00),,299,https://images.unsplash.com/photo-1505740420928-5e560c06d30e?q=80&w=800&auto=format&fit=crop
prod_01KZBCMB87DCX8D2TZM8020HW0,tech-1786015000980-236-5712,Samsung Mouse Essential Gen-4,,published,,"Premium mouse engineered by Samsung. Features the latest technology, sleek design, and unparalleled performance. Perfect for professionals and enthusiasts alike.",false,true,https://images.unsplash.com/photo-1496181133206-80ce9b88a853?q=80&w=800&auto=format&fit=crop,,,,,,,,,,,Thu Aug 06 2026 12:16:41 GMT+0100 (GMT+01:00),Thu Aug 06 2026 12:16:41 GMT+0100 (GMT+01:00),,https://images.unsplash.com/photo-1496181133206-80ce9b88a853?q=80&w=800&auto=format&fit=crop,sc_01KZ673CEPGC3SNN79A1AGTBKE,variant_01KZBCMBBDVP9B66QBW12J7H5G,Matte Black,SKU-1786015000980-236-5712,,,,false,false,,,,,,,,,,0,,prod_01KZBCMB87DCX8D2TZM8020HW0,Thu Aug 06 2026 12:16:41 GMT+0100 (GMT+01:00),Thu Aug 06 2026 12:16:41 GMT+0100 (GMT+01:00),,959,https://images.unsplash.com/photo-1496181133206-80ce9b88a853?q=80&w=800&auto=format&fit=crop
prod_01KZBCMB87FC0YV0YA7WJEHPM4,tech-1786015000980-220-3025,Logitech Headphones Ultra Gen-10,,published,,"Premium headphones engineered by Logitech. Features the latest technology, sleek design, and unparalleled performance. Perfect for professionals and enthusiasts alike.",false,true,https://images.unsplash.com/photo-1505156868547-9b49f4df4e04?q=80&w=800&auto=format&fit=crop,,,,,,,,,,,Thu Aug 06 2026 12:16:41 GMT+0100 (GMT+01:00),Thu Aug 06 2026 12:16:41 GMT+0100 (GMT+01:00),,https://images.unsplash.com/photo-1505156868547-9b49f4df4e04?q=80&w=800&auto=format&fit=crop,sc_01KZ673CEPGC3SNN79A1AGTBKE,variant_01KZBCMBBCXCW30XAD2CJXXNS5,Matte Black,SKU-1786015000980-220-3025,,,,false,false,,,,,,,,,,0,,prod_01KZBCMB87FC0YV0YA7WJEHPM4,Thu Aug 06 2026 12:16:41 GMT+0100 (GMT+01:00),Thu Aug 06 2026 12:16:41 GMT+0100 (GMT+01:00),,267,https://images.unsplash.com/photo-1505156868547-9b49f4df4e04?q=80&w=800&auto=format&fit=crop
prod_01KZBCMB87G0FYNZBH554YWJKW,tech-1786015000980-225-3199,Lenovo Monitor Elite Gen-1,,published,,"Premium monitor engineered by Lenovo. Features the latest technology, sleek design, and unparalleled performance. Perfect for professionals and enthusiasts alike.",false,true,https://images.unsplash.com/photo-1505740420928-5e560c06d30e?q=80&w=800&auto=format&fit=crop,,,,,,,,,,,Thu Aug 06 2026 12:16:41 GMT+0100 (GMT+01:00),Thu Aug 06 2026 12:16:41 GMT+0100 (GMT+01:00),,https://images.unsplash.com/photo-1505740420928-5e560c06d30e?q=80&w=800&auto=format&fit=crop,sc_01KZ673CEPGC3SNN79A1AGTBKE,variant_01KZBCMBBC9A70F045C0WBKPYZ,Matte Black,SKU-1786015000980-225-3199,,,,false,false,,,,,,,,,,0,,prod_01KZBCMB87G0FYNZBH554YWJKW,Thu Aug 06 2026 12:16:41 GMT+0100 (GMT+01:00),Thu Aug 06 2026 12:16:41 GMT+0100 (GMT+01:00),,1011,https://images.unsplash.com/photo-1505740420928-5e560c06d30e?q=80&w=800&auto=format&fit=crop
prod_01KZBCMB87GSR0YG4ZNK2HDPFY,tech-1786015000980-248-968,Bose Smartphone Plus Gen-1,,published,,"Premium smartphone engineered by Bose. Features the latest technology, sleek design, and unparalleled performance. Perfect for professionals and enthusiasts alike.",false,true,https://images.unsplash.com/photo-1527443224154-c4a3942d3acf?q=80&w=800&auto=format&fit=crop,,,,,,,,,,,Thu Aug 06 2026 12:16:41 GMT+0100 (GMT+01:00),Thu Aug 06 2026 12:16:41 GMT+0100 (GMT+01:00),,https://images.unsplash.com/photo-1527443224154-c4a3942d3acf?q=80&w=800&auto=format&fit=crop,sc_01KZ673CEPGC3SNN79A1AGTBKE,variant_01KZBCMBBEM5M57NDSNRQBB3GT,Matte Black,SKU-1786015000980-248-968,,,,false,false,,,,,,,,,,0,,prod_01KZBCMB87GSR0YG4ZNK2HDPFY,Thu Aug 06 2026 12:16:41 GMT+0100 (GMT+01:00),Thu Aug 06 2026 12:16:41 GMT+0100 (GMT+01:00),,1449,https://images.unsplash.com/photo-1527443224154-c4a3942d3acf?q=80&w=800&auto=format&fit=crop
prod_01KZBCMB87J8WA6D79G742TY0T,tech-1786015000980-247-3873,Razer Mouse Pro Gen-5,,published,,"Premium mouse engineered by Razer. Features the latest technology, sleek design, and unparalleled performance. Perfect for professionals and enthusiasts alike.",false,true,https://images.unsplash.com/photo-1505156868547-9b49f4df4e04?q=80&w=800&auto=format&fit=crop,,,,,,,,,,,Thu Aug 06 2026 12:16:41 GMT+0100 (GMT+01:00),Thu Aug 06 2026 12:16:41 GMT+0100 (GMT+01:00),,https://images.unsplash.com/photo-1505156868547-9b49f4df4e04?q=80&w=800&auto=format&fit=crop,sc_01KZ673CEPGC3SNN79A1AGTBKE,variant_01KZBCMBBEPHR7BQSFJKZG7BMZ,Matte Black,SKU-1786015000980-247-3873,,,,false,false,,,,,,,,,,0,,prod_01KZBCMB87J8WA6D79G742TY0T,Thu Aug 06 2026 12:16:41 GMT+0100 (GMT+01:00),Thu Aug 06 2026 12:16:41 GMT+0100 (GMT+01:00),,186,https://images.unsplash.com/photo-1505156868547-9b49f4df4e04?q=80&w=800&auto=format&fit=crop
prod_01KZBCMB87JBQCHWMK7DP0R8Z2,tech-1786015000980-240-3252,Razer Monitor Lite Gen-9,,published,,"Premium monitor engineered by Razer. Features the latest technology, sleek design, and unparalleled performance. Perfect for professionals and enthusiasts alike.",false,true,https://images.unsplash.com/photo-1527814050087-379381547969?q=80&w=800&auto=format&fit=crop,,,,,,,,,,,Thu Aug 06 2026 12:16:41 GMT+0100 (GMT+01:00),Thu Aug 06 2026 12:16:41 GMT+0100 (GMT+01:00),,https://images.unsplash.com/photo-1527814050087-379381547969?q=80&w=800&auto=format&fit=crop,sc_01KZ673CEPGC3SNN79A1AGTBKE,variant_01KZBCMBBD6W35GQA7T71Z02Y4,Matte Black,SKU-1786015000980-240-3252,,,,false,false,,,,,,,,,,0,,prod_01KZBCMB87JBQCHWMK7DP0R8Z2,Thu Aug 06 2026 12:16:41 GMT+0100 (GMT+01:00),Thu Aug 06 2026 12:16:41 GMT+0100 (GMT+01:00),,1238,https://images.unsplash.com/photo-1527814050087-379381547969?q=80&w=800&auto=format&fit=crop
prod_01KZBCMB87JGB00XV9R98VVQ70,tech-1786015000980-214-8035,Logitech Speaker Advanced Gen-3,,published,,"Premium speaker engineered by Logitech. Features the latest technology, sleek design, and unparalleled performance. Perfect for professionals and enthusiasts alike.",false,true,https://images.unsplash.com/photo-1527814050087-379381547969?q=80&w=800&auto=format&fit=crop,,,,,,,,,,,Thu Aug 06 2026 12:16:41 GMT+0100 (GMT+01:00),Thu Aug 06 2026 12:16:41 GMT+0100 (GMT+01:00),,https://images.unsplash.com/photo-1527814050087-379381547969?q=80&w=800&auto=format&fit=crop,sc_01KZ673CEPGC3SNN79A1AGTBKE,variant_01KZBCMBBCPXSE1TH5Q7GGBM1T,Matte Black,SKU-1786015000980-214-8035,,,,false,false,,,,,,,,,,0,,prod_01KZBCMB87JGB00XV9R98VVQ70,Thu Aug 06 2026 12:16:41 GMT+0100 (GMT+01:00),Thu Aug 06 2026 12:16:41 GMT+0100 (GMT+01:00),,1391,https://images.unsplash.com/photo-1527814050087-379381547969?q=80&w=800&auto=format&fit=crop
prod_01KZBCMB87JP6K88DZ3JRYRK36,tech-1786015000980-231-2388,Lenovo Keyboard Max Gen-8,,published,,"Premium keyboard engineered by Lenovo. Features the latest technology, sleek design, and unparalleled performance. Perfect for professionals and enthusiasts alike.",false,true,https://images.unsplash.com/photo-1505156868547-9b49f4df4e04?q=80&w=800&auto=format&fit=crop,,,,,,,,,,,Thu Aug 06 2026 12:16:41 GMT+0100 (GMT+01:00),Thu Aug 06 2026 12:16:41 GMT+0100 (GMT+01:00),,https://images.unsplash.com/photo-1505156868547-9b49f4df4e04?q=80&w=800&auto=format&fit=crop,sc_01KZ673CEPGC3SNN79A1AGTBKE,variant_01KZBCMBBDP2SDNZ5KAA54GEXY,Matte Black,SKU-1786015000980-231-2388,,,,false,false,,,,,,,,,,0,,prod_01KZBCMB87JP6K88DZ3JRYRK36,Thu Aug 06 2026 12:16:41 GMT+0100 (GMT+01:00),Thu Aug 06 2026 12:16:41 GMT+0100 (GMT+01:00),,1147,https://images.unsplash.com/photo-1505156868547-9b49f4df4e04?q=80&w=800&auto=format&fit=crop
prod_01KZBCMB87KQC0AWN22BFSCN8W,tech-1786015000980-222-8128,Bose Laptop Plus Gen-2,,published,,"Premium laptop engineered by Bose. Features the latest technology, sleek design, and unparalleled performance. Perfect for professionals and enthusiasts alike.",false,true,https://images.unsplash.com/photo-1527443224154-c4a3942d3acf?q=80&w=800&auto=format&fit=crop,,,,,,,,,,,Thu Aug 06 2026 12:16:41 GMT+0100 (GMT+01:00),Thu Aug 06 2026 12:16:41 GMT+0100 (GMT+01:00),,https://images.unsplash.com/photo-1527443224154-c4a3942d3acf?q=80&w=800&auto=format&fit=crop,sc_01KZ673CEPGC3SNN79A1AGTBKE,variant_01KZBCMBBCTT5MQ5PAZF3TBZ69,Matte Black,SKU-1786015000980-222-8128,,,,false,false,,,,,,,,,,0,,prod_01KZBCMB87KQC0AWN22BFSCN8W,Thu Aug 06 2026 12:16:41 GMT+0100 (GMT+01:00),Thu Aug 06 2026 12:16:41 GMT+0100 (GMT+01:00),,268,https://images.unsplash.com/photo-1527443224154-c4a3942d3acf?q=80&w=800&auto=format&fit=crop
prod_01KZBCMB87M4JJE8FN11WG5C4Y,tech-1786015000980-237-1942,Lenovo Smartphone Lite Gen-4,,published,,"Premium smartphone engineered by Lenovo. Features the latest technology, sleek design, and unparalleled performance. Perfect for professionals and enthusiasts alike.",false,true,https://images.unsplash.com/photo-1505740420928-5e560c06d30e?q=80&w=800&auto=format&fit=crop,,,,,,,,,,,Thu Aug 06 2026 12:16:41 GMT+0100 (GMT+01:00),Thu Aug 06 2026 12:16:41 GMT+0100 (GMT+01:00),,https://images.unsplash.com/photo-1505740420928-5e560c06d30e?q=80&w=800&auto=format&fit=crop,sc_01KZ673CEPGC3SNN79A1AGTBKE,variant_01KZBCMBBDPD2KPWYQK2XQVC9G,Matte Black,SKU-1786015000980-237-1942,,,,false,false,,,,,,,,,,0,,prod_01KZBCMB87M4JJE8FN11WG5C4Y,Thu Aug 06 2026 12:16:41 GMT+0100 (GMT+01:00),Thu Aug 06 2026 12:16:41 GMT+0100 (GMT+01:00),,783,https://images.unsplash.com/photo-1505740420928-5e560c06d30e?q=80&w=800&auto=format&fit=crop
prod_01KZBCMB87M83H7F07YP7BBNXG,tech-1786015000980-234-4020,Lenovo Headphones Plus Gen-5,,published,,"Premium headphones engineered by Lenovo. Features the latest technology, sleek design, and unparalleled performance. Perfect for professionals and enthusiasts alike.",false,true,https://images.unsplash.com/photo-1595225476474-87563907a212?q=80&w=800&auto=format&fit=crop,,,,,,,,,,,Thu Aug 06 2026 12:16:41 GMT+0100 (GMT+01:00),Thu Aug 06 2026 12:16:41 GMT+0100 (GMT+01:00),,https://images.unsplash.com/photo-1595225476474-87563907a212?q=80&w=800&auto=format&fit=crop,sc_01KZ673CEPGC3SNN79A1AGTBKE,variant_01KZBCMBBDXQHWPCB355EJRS62,Matte Black,SKU-1786015000980-234-4020,,,,false,false,,,,,,,,,,0,,prod_01KZBCMB87M83H7F07YP7BBNXG,Thu Aug 06 2026 12:16:41 GMT+0100 (GMT+01:00),Thu Aug 06 2026 12:16:41 GMT+0100 (GMT+01:00),,709,https://images.unsplash.com/photo-1595225476474-87563907a212?q=80&w=800&auto=format&fit=crop
prod_01KZBCMB87M8HC0TYHFB9YRET8,tech-1786015000980-239-1988,Sony Smartphone Pro Gen-9,,published,,"Premium smartphone engineered by Sony. Features the latest technology, sleek design, and unparalleled performance. Perfect for professionals and enthusiasts alike.",false,true,https://images.unsplash.com/photo-1546868871-7041f2a55e12?q=80&w=800&auto=format&fit=crop,,,,,,,,,,,Thu Aug 06 2026 12:16:41 GMT+0100 (GMT+01:00),Thu Aug 06 2026 12:16:41 GMT+0100 (GMT+01:00),,https://images.unsplash.com/photo-1546868871-7041f2a55e12?q=80&w=800&auto=format&fit=crop,sc_01KZ673CEPGC3SNN79A1AGTBKE,variant_01KZBCMBBD0896F0ZRS8YN3FSE,Matte Black,SKU-1786015000980-239-1988,,,,false,false,,,,,,,,,,0,,prod_01KZBCMB87M8HC0TYHFB9YRET8,Thu Aug 06 2026 12:16:41 GMT+0100 (GMT+01:00),Thu Aug 06 2026 12:16:41 GMT+0100 (GMT+01:00),,254,https://images.unsplash.com/photo-1546868871-7041f2a55e12?q=80&w=800&auto=format&fit=crop
prod_01KZBCMB87NCJYQYACCTCNMTC9,tech-1786015000980-228-3995,Apple Laptop Lite Gen-10,,published,,"Premium laptop engineered by Apple. Features the latest technology, sleek design, and unparalleled performance. Perfect for professionals and enthusiasts alike.",false,true,https://images.unsplash.com/photo-1595225476474-87563907a212?q=80&w=800&auto=format&fit=crop,,,,,,,,,,,Thu Aug 06 2026 12:16:41 GMT+0100 (GMT+01:00),Thu Aug 06 2026 12:16:41 GMT+0100 (GMT+01:00),,https://images.unsplash.com/photo-1595225476474-87563907a212?q=80&w=800&auto=format&fit=crop,sc_01KZ673CEPGC3SNN79A1AGTBKE,variant_01KZBCMBBCZ1YZPY33V7CK8SMY,Matte Black,SKU-1786015000980-228-3995,,,,false,false,,,,,,,,,,0,,prod_01KZBCMB87NCJYQYACCTCNMTC9,Thu Aug 06 2026 12:16:41 GMT+0100 (GMT+01:00),Thu Aug 06 2026 12:16:41 GMT+0100 (GMT+01:00),,1259,https://images.unsplash.com/photo-1595225476474-87563907a212?q=80&w=800&auto=format&fit=crop
prod_01KZBCMB87NS5B9DA4DZT0ZWAR,tech-1786015000980-232-4271,Bose Smartphone Mini Gen-5,,published,,"Premium smartphone engineered by Bose. Features the latest technology, sleek design, and unparalleled performance. Perfect for professionals and enthusiasts alike.",false,true,https://images.unsplash.com/photo-1527814050087-379381547969?q=80&w=800&auto=format&fit=crop,,,,,,,,,,,Thu Aug 06 2026 12:16:41 GMT+0100 (GMT+01:00),Thu Aug 06 2026 12:16:41 GMT+0100 (GMT+01:00),,https://images.unsplash.com/photo-1527814050087-379381547969?q=80&w=800&auto=format&fit=crop,sc_01KZ673CEPGC3SNN79A1AGTBKE,variant_01KZBCMBBD41RWDM4NRAZMVR77,Matte Black,SKU-1786015000980-232-4271,,,,false,false,,,,,,,,,,0,,prod_01KZBCMB87NS5B9DA4DZT0ZWAR,Thu Aug 06 2026 12:16:41 GMT+0100 (GMT+01:00),Thu Aug 06 2026 12:16:41 GMT+0100 (GMT+01:00),,1404,https://images.unsplash.com/photo-1527814050087-379381547969?q=80&w=800&auto=format&fit=crop
prod_01KZBCMB87PA8605QW61PVSQ4R,tech-1786015000980-244-1259,Samsung Monitor Elite Gen-7,,published,,"Premium monitor engineered by Samsung. Features the latest technology, sleek design, and unparalleled performance. Perfect for professionals and enthusiasts alike.",false,true,https://images.unsplash.com/photo-1595225476474-87563907a212?q=80&w=800&auto=format&fit=crop,,,,,,,,,,,Thu Aug 06 2026 12:16:41 GMT+0100 (GMT+01:00),Thu Aug 06 2026 12:16:41 GMT+0100 (GMT+01:00),,https://images.unsplash.com/photo-1595225476474-87563907a212?q=80&w=800&auto=format&fit=crop,sc_01KZ673CEPGC3SNN79A1AGTBKE,variant_01KZBCMBBD35AN9W6MYY4E419H,Matte Black,SKU-1786015000980-244-1259,,,,false,false,,,,,,,,,,0,,prod_01KZBCMB87PA8605QW61PVSQ4R,Thu Aug 06 2026 12:16:41 GMT+0100 (GMT+01:00),Thu Aug 06 2026 12:16:41 GMT+0100 (GMT+01:00),,401,https://images.unsplash.com/photo-1595225476474-87563907a212?q=80&w=800&auto=format&fit=crop
prod_01KZBCMB87PGBQY37JMPT9RABT,tech-1786015000980-235-657,Bose Keyboard Pro Gen-3,,published,,"Premium keyboard engineered by Bose. Features the latest technology, sleek design, and unparalleled performance. Perfect for professionals and enthusiasts alike.",false,true,https://images.unsplash.com/photo-1546868871-7041f2a55e12?q=80&w=800&auto=format&fit=crop,,,,,,,,,,,Thu Aug 06 2026 12:16:41 GMT+0100 (GMT+01:00),Thu Aug 06 2026 12:16:41 GMT+0100 (GMT+01:00),,https://images.unsplash.com/photo-1546868871-7041f2a55e12?q=80&w=800&auto=format&fit=crop,sc_01KZ673CEPGC3SNN79A1AGTBKE,variant_01KZBCMBBD0M0JVFWZAD7CVDEA,Matte Black,SKU-1786015000980-235-657,,,,false,false,,,,,,,,,,0,,prod_01KZBCMB87PGBQY37JMPT9RABT,Thu Aug 06 2026 12:16:41 GMT+0100 (GMT+01:00),Thu Aug 06 2026 12:16:41 GMT+0100 (GMT+01:00),,1213,https://images.unsplash.com/photo-1546868871-7041f2a55e12?q=80&w=800&auto=format&fit=crop
prod_01KZBCMB87QHXXMXJ7G3P9V3V7,tech-1786015000980-213-4417,Logitech Tablet Ultra Gen-6,,published,,"Premium tablet engineered by Logitech. Features the latest technology, sleek design, and unparalleled performance. Perfect for professionals and enthusiasts alike.",false,true,https://images.unsplash.com/photo-1527443224154-c4a3942d3acf?q=80&w=800&auto=format&fit=crop,,,,,,,,,,,Thu Aug 06 2026 12:16:41 GMT+0100 (GMT+01:00),Thu Aug 06 2026 12:16:41 GMT+0100 (GMT+01:00),,https://images.unsplash.com/photo-1527443224154-c4a3942d3acf?q=80&w=800&auto=format&fit=crop,sc_01KZ673CEPGC3SNN79A1AGTBKE,variant_01KZBCMBBCG5C1ENVC0MS35HE1,Matte Black,SKU-1786015000980-213-4417,,,,false,false,,,,,,,,,,0,,prod_01KZBCMB87QHXXMXJ7G3P9V3V7,Thu Aug 06 2026 12:16:41 GMT+0100 (GMT+01:00),Thu Aug 06 2026 12:16:41 GMT+0100 (GMT+01:00),,1008,https://images.unsplash.com/photo-1527443224154-c4a3942d3acf?q=80&w=800&auto=format&fit=crop
prod_01KZBCMB87QRN8WMGKHCEXMQT0,tech-1786015000980-212-3491,HP Keyboard Ultra Gen-2,,published,,"Premium keyboard engineered by HP. Features the latest technology, sleek design, and unparalleled performance. Perfect for professionals and enthusiasts alike.",false,true,https://images.unsplash.com/photo-1505740420928-5e560c06d30e?q=80&w=800&auto=format&fit=crop,,,,,,,,,,,Thu Aug 06 2026 12:16:41 GMT+0100 (GMT+01:00),Thu Aug 06 2026 12:16:41 GMT+0100 (GMT+01:00),,https://images.unsplash.com/photo-1505740420928-5e560c06d30e?q=80&w=800&auto=format&fit=crop,sc_01KZ673CEPGC3SNN79A1AGTBKE,variant_01KZBCMBBC60KTRHK5TBRJCK37,Matte Black,SKU-1786015000980-212-3491,,,,false,false,,,,,,,,,,0,,prod_01KZBCMB87QRN8WMGKHCEXMQT0,Thu Aug 06 2026 12:16:41 GMT+0100 (GMT+01:00),Thu Aug 06 2026 12:16:41 GMT+0100 (GMT+01:00),,142,https://images.unsplash.com/photo-1505740420928-5e560c06d30e?q=80&w=800&auto=format&fit=crop
prod_01KZBCMB87RGZHZKD1YTVGQK6P,tech-1786015000980-243-7514,HP Smartwatch Ultra Gen-4,,published,,"Premium smartwatch engineered by HP. Features the latest technology, sleek design, and unparalleled performance. Perfect for professionals and enthusiasts alike.",false,true,https://images.unsplash.com/photo-1496181133206-80ce9b88a853?q=80&w=800&auto=format&fit=crop,,,,,,,,,,,Thu Aug 06 2026 12:16:41 GMT+0100 (GMT+01:00),Thu Aug 06 2026 12:16:41 GMT+0100 (GMT+01:00),,https://images.unsplash.com/photo-1496181133206-80ce9b88a853?q=80&w=800&auto=format&fit=crop,sc_01KZ673CEPGC3SNN79A1AGTBKE,variant_01KZBCMBBD986D56PP3T4RAQY2,Matte Black,SKU-1786015000980-243-7514,,,,false,false,,,,,,,,,,0,,prod_01KZBCMB87RGZHZKD1YTVGQK6P,Thu Aug 06 2026 12:16:41 GMT+0100 (GMT+01:00),Thu Aug 06 2026 12:16:41 GMT+0100 (GMT+01:00),,242,https://images.unsplash.com/photo-1496181133206-80ce9b88a853?q=80&w=800&auto=format&fit=crop
prod_01KZBCMB87RZMGR3SNNQ4G2N29,tech-1786015000980-218-2974,Asus Mouse Pro Gen-10,,published,,"Premium mouse engineered by Asus. Features the latest technology, sleek design, and unparalleled performance. Perfect for professionals and enthusiasts alike.",false,true,https://images.unsplash.com/photo-1505156868547-9b49f4df4e04?q=80&w=800&auto=format&fit=crop,,,,,,,,,,,Thu Aug 06 2026 12:16:41 GMT+0100 (GMT+01:00),Thu Aug 06 2026 12:16:41 GMT+0100 (GMT+01:00),,https://images.unsplash.com/photo-1505156868547-9b49f4df4e04?q=80&w=800&auto=format&fit=crop,sc_01KZ673CEPGC3SNN79A1AGTBKE,variant_01KZBCMBBC6QX2YAQB51QPB05S,Matte Black,SKU-1786015000980-218-2974,,,,false,false,,,,,,,,,,0,,prod_01KZBCMB87RZMGR3SNNQ4G2N29,Thu Aug 06 2026 12:16:41 GMT+0100 (GMT+01:00),Thu Aug 06 2026 12:16:41 GMT+0100 (GMT+01:00),,714,https://images.unsplash.com/photo-1505156868547-9b49f4df4e04?q=80&w=800&auto=format&fit=crop
prod_01KZBCMB87SAF0SA621SV4E9SF,tech-1786015000980-227-6355,Bose Laptop Pro Gen-9,,published,,"Premium laptop engineered by Bose. Features the latest technology, sleek design, and unparalleled performance. Perfect for professionals and enthusiasts alike.",false,true,https://images.unsplash.com/photo-1496181133206-80ce9b88a853?q=80&w=800&auto=format&fit=crop,,,,,,,,,,,Thu Aug 06 2026 12:16:41 GMT+0100 (GMT+01:00),Thu Aug 06 2026 12:16:41 GMT+0100 (GMT+01:00),,https://images.unsplash.com/photo-1496181133206-80ce9b88a853?q=80&w=800&auto=format&fit=crop,sc_01KZ673CEPGC3SNN79A1AGTBKE,variant_01KZBCMBBCNY6NX41ME7NS1057,Matte Black,SKU-1786015000980-227-6355,,,,false,false,,,,,,,,,,0,,prod_01KZBCMB87SAF0SA621SV4E9SF,Thu Aug 06 2026 12:16:41 GMT+0100 (GMT+01:00),Thu Aug 06 2026 12:16:41 GMT+0100 (GMT+01:00),,257,https://images.unsplash.com/photo-1496181133206-80ce9b88a853?q=80&w=800&auto=format&fit=crop
prod_01KZBCMB87SKN4KB7TMJ6EDY3W,tech-1786015000980-226-6186,Asus Smartphone Max Gen-10,,published,,"Premium smartphone engineered by Asus. Features the latest technology, sleek design, and unparalleled performance. Perfect for professionals and enthusiasts alike.",false,true,https://images.unsplash.com/photo-1496181133206-80ce9b88a853?q=80&w=800&auto=format&fit=crop,,,,,,,,,,,Thu Aug 06 2026 12:16:41 GMT+0100 (GMT+01:00),Thu Aug 06 2026 12:16:41 GMT+0100 (GMT+01:00),,https://images.unsplash.com/photo-1496181133206-80ce9b88a853?q=80&w=800&auto=format&fit=crop,sc_01KZ673CEPGC3SNN79A1AGTBKE,variant_01KZBCMBBCWTT58F7BHHRTXQMK,Matte Black,SKU-1786015000980-226-6186,,,,false,false,,,,,,,,,,0,,prod_01KZBCMB87SKN4KB7TMJ6EDY3W,Thu Aug 06 2026 12:16:41 GMT+0100 (GMT+01:00),Thu Aug 06 2026 12:16:41 GMT+0100 (GMT+01:00),,275,https://images.unsplash.com/photo-1496181133206-80ce9b88a853?q=80&w=800&auto=format&fit=crop
prod_01KZBCMB87TKPJENV9TBJ3V15H,tech-1786015000980-216-8742,Dell Monitor Pro Gen-8,,published,,"Premium monitor engineered by Dell. Features the latest technology, sleek design, and unparalleled performance. Perfect for professionals and enthusiasts alike.",false,true,https://images.unsplash.com/photo-1546868871-7041f2a55e12?q=80&w=800&auto=format&fit=crop,,,,,,,,,,,Thu Aug 06 2026 12:16:41 GMT+0100 (GMT+01:00),Thu Aug 06 2026 12:16:41 GMT+0100 (GMT+01:00),,https://images.unsplash.com/photo-1546868871-7041f2a55e12?q=80&w=800&auto=format&fit=crop,sc_01KZ673CEPGC3SNN79A1AGTBKE,variant_01KZBCMBBCFXZW7EXTW6XXBNBA,Matte Black,SKU-1786015000980-216-8742,,,,false,false,,,,,,,,,,0,,prod_01KZBCMB87TKPJENV9TBJ3V15H,Thu Aug 06 2026 12:16:41 GMT+0100 (GMT+01:00),Thu Aug 06 2026 12:16:41 GMT+0100 (GMT+01:00),,677,https://images.unsplash.com/photo-1546868871-7041f2a55e12?q=80&w=800&auto=format&fit=crop
prod_01KZBCMB87XFBYVG0VNM838N9X,tech-1786015000980-250-1029,Samsung Smartwatch Advanced Gen-6,,published,,"Premium smartwatch engineered by Samsung. Features the latest technology, sleek design, and unparalleled performance. Perfect for professionals and enthusiasts alike.",false,true,https://images.unsplash.com/photo-1527443224154-c4a3942d3acf?q=80&w=800&auto=format&fit=crop,,,,,,,,,,,Thu Aug 06 2026 12:16:41 GMT+0100 (GMT+01:00),Thu Aug 06 2026 12:16:41 GMT+0100 (GMT+01:00),,https://images.unsplash.com/photo-1527443224154-c4a3942d3acf?q=80&w=800&auto=format&fit=crop,sc_01KZ673CEPGC3SNN79A1AGTBKE,variant_01KZBCMBBEVGJR2F51NHJQZJGF,Matte Black,SKU-1786015000980-250-1029,,,,false,false,,,,,,,,,,0,,prod_01KZBCMB87XFBYVG0VNM838N9X,Thu Aug 06 2026 12:16:41 GMT+0100 (GMT+01:00),Thu Aug 06 2026 12:16:41 GMT+0100 (GMT+01:00),,478,https://images.unsplash.com/photo-1527443224154-c4a3942d3acf?q=80&w=800&auto=format&fit=crop
prod_01KZBCMB87YD6QJ4SDP9P9GCY6,tech-1786015000980-210-5711,Razer Laptop Pro Gen-10,,published,,"Premium laptop engineered by Razer. Features the latest technology, sleek design, and unparalleled performance. Perfect for professionals and enthusiasts alike.",false,true,https://images.unsplash.com/photo-1595225476474-87563907a212?q=80&w=800&auto=format&fit=crop,,,,,,,,,,,Thu Aug 06 2026 12:16:41 GMT+0100 (GMT+01:00),Thu Aug 06 2026 12:16:41 GMT+0100 (GMT+01:00),,https://images.unsplash.com/photo-1595225476474-87563907a212?q=80&w=800&auto=format&fit=crop,sc_01KZ673CEPGC3SNN79A1AGTBKE,variant_01KZBCMBBBVBQYJQMT36CWCAVJ,Matte Black,SKU-1786015000980-210-5711,,,,false,false,,,,,,,,,,0,,prod_01KZBCMB87YD6QJ4SDP9P9GCY6,Thu Aug 06 2026 12:16:41 GMT+0100 (GMT+01:00),Thu Aug 06 2026 12:16:41 GMT+0100 (GMT+01:00),,906,https://images.unsplash.com/photo-1595225476474-87563907a212?q=80&w=800&auto=format&fit=crop
prod_01KZBCMBDK08MBGAVN5GBZZAXT,tech-1786015000980-278-3543,Samsung Speaker Pro Gen-5,,published,,"Premium speaker engineered by Samsung. Features the latest technology, sleek design, and unparalleled performance. Perfect for professionals and enthusiasts alike.",false,true,https://images.unsplash.com/photo-1505740420928-5e560c06d30e?q=80&w=800&auto=format&fit=crop,,,,,,,,,,,Thu Aug 06 2026 12:16:42 GMT+0100 (GMT+01:00),Thu Aug 06 2026 12:16:42 GMT+0100 (GMT+01:00),,https://images.unsplash.com/photo-1505740420928-5e560c06d30e?q=80&w=800&auto=format&fit=crop,sc_01KZ673CEPGC3SNN79A1AGTBKE,variant_01KZBCMBGK6SCJ4Q76M99PBP1P,Matte Black,SKU-1786015000980-278-3543,,,,false,false,,,,,,,,,,0,,prod_01KZBCMBDK08MBGAVN5GBZZAXT,Thu Aug 06 2026 12:16:42 GMT+0100 (GMT+01:00),Thu Aug 06 2026 12:16:42 GMT+0100 (GMT+01:00),,575,https://images.unsplash.com/photo-1505740420928-5e560c06d30e?q=80&w=800&auto=format&fit=crop
prod_01KZBCMBDK0P2GTCR02MR4W3AB,tech-1786015000980-273-6934,Sony Smartphone Pro Gen-10,,published,,"Premium smartphone engineered by Sony. Features the latest technology, sleek design, and unparalleled performance. Perfect for professionals and enthusiasts alike.",false,true,https://images.unsplash.com/photo-1527814050087-379381547969?q=80&w=800&auto=format&fit=crop,,,,,,,,,,,Thu Aug 06 2026 12:16:42 GMT+0100 (GMT+01:00),Thu Aug 06 2026 12:16:42 GMT+0100 (GMT+01:00),,https://images.unsplash.com/photo-1527814050087-379381547969?q=80&w=800&auto=format&fit=crop,sc_01KZ673CEPGC3SNN79A1AGTBKE,variant_01KZBCMBGKEYT9NS2BK5P70RCF,Matte Black,SKU-1786015000980-273-6934,,,,false,false,,,,,,,,,,0,,prod_01KZBCMBDK0P2GTCR02MR4W3AB,Thu Aug 06 2026 12:16:42 GMT+0100 (GMT+01:00),Thu Aug 06 2026 12:16:42 GMT+0100 (GMT+01:00),,194,https://images.unsplash.com/photo-1527814050087-379381547969?q=80&w=800&auto=format&fit=crop
prod_01KZBCMBDK1NBV60TX487WZ6AC,tech-1786015000980-276-270,Samsung Smartphone Mini Gen-2,,published,,"Premium smartphone engineered by Samsung. Features the latest technology, sleek design, and unparalleled performance. Perfect for professionals and enthusiasts alike.",false,true,https://images.unsplash.com/photo-1496181133206-80ce9b88a853?q=80&w=800&auto=format&fit=crop,,,,,,,,,,,Thu Aug 06 2026 12:16:42 GMT+0100 (GMT+01:00),Thu Aug 06 2026 12:16:42 GMT+0100 (GMT+01:00),,https://images.unsplash.com/photo-1496181133206-80ce9b88a853?q=80&w=800&auto=format&fit=crop,sc_01KZ673CEPGC3SNN79A1AGTBKE,variant_01KZBCMBGKBD3981K0XWHCJ9Y3,Matte Black,SKU-1786015000980-276-270,,,,false,false,,,,,,,,,,0,,prod_01KZBCMBDK1NBV60TX487WZ6AC,Thu Aug 06 2026 12:16:42 GMT+0100 (GMT+01:00),Thu Aug 06 2026 12:16:42 GMT+0100 (GMT+01:00),,1527,https://images.unsplash.com/photo-1496181133206-80ce9b88a853?q=80&w=800&auto=format&fit=crop
prod_01KZBCMBDK1XSYXB7VB7PS6B3Y,tech-1786015000980-272-7027,Sony Speaker Plus Gen-8,,published,,"Premium speaker engineered by Sony. Features the latest technology, sleek design, and unparalleled performance. Perfect for professionals and enthusiasts alike.",false,true,https://images.unsplash.com/photo-1595225476474-87563907a212?q=80&w=800&auto=format&fit=crop,,,,,,,,,,,Thu Aug 06 2026 12:16:42 GMT+0100 (GMT+01:00),Thu Aug 06 2026 12:16:42 GMT+0100 (GMT+01:00),,https://images.unsplash.com/photo-1595225476474-87563907a212?q=80&w=800&auto=format&fit=crop,sc_01KZ673CEPGC3SNN79A1AGTBKE,variant_01KZBCMBGKB732XT1R1RHGZGBR,Matte Black,SKU-1786015000980-272-7027,,,,false,false,,,,,,,,,,0,,prod_01KZBCMBDK1XSYXB7VB7PS6B3Y,Thu Aug 06 2026 12:16:42 GMT+0100 (GMT+01:00),Thu Aug 06 2026 12:16:42 GMT+0100 (GMT+01:00),,440,https://images.unsplash.com/photo-1595225476474-87563907a212?q=80&w=800&auto=format&fit=crop
prod_01KZBCMBDK225GKRQ79Y11PBFM,tech-1786015000980-268-2484,Logitech Tablet Elite Gen-8,,published,,"Premium tablet engineered by Logitech. Features the latest technology, sleek design, and unparalleled performance. Perfect for professionals and enthusiasts alike.",false,true,https://images.unsplash.com/photo-1527814050087-379381547969?q=80&w=800&auto=format&fit=crop,,,,,,,,,,,Thu Aug 06 2026 12:16:42 GMT+0100 (GMT+01:00),Thu Aug 06 2026 12:16:42 GMT+0100 (GMT+01:00),,https://images.unsplash.com/photo-1527814050087-379381547969?q=80&w=800&auto=format&fit=crop,sc_01KZ673CEPGC3SNN79A1AGTBKE,variant_01KZBCMBGJHVXDS087ST9GN1QJ,Matte Black,SKU-1786015000980-268-2484,,,,false,false,,,,,,,,,,0,,prod_01KZBCMBDK225GKRQ79Y11PBFM,Thu Aug 06 2026 12:16:42 GMT+0100 (GMT+01:00),Thu Aug 06 2026 12:16:42 GMT+0100 (GMT+01:00),,50,https://images.unsplash.com/photo-1527814050087-379381547969?q=80&w=800&auto=format&fit=crop
prod_01KZBCMBDK3KAKDMA4V3Z3M40J,tech-1786015000980-251-4184,HP Keyboard Plus Gen-5,,published,,"Premium keyboard engineered by HP. Features the latest technology, sleek design, and unparalleled performance. Perfect for professionals and enthusiasts alike.",false,true,https://images.unsplash.com/photo-1527443224154-c4a3942d3acf?q=80&w=800&auto=format&fit=crop,,,,,,,,,,,Thu Aug 06 2026 12:16:42 GMT+0100 (GMT+01:00),Thu Aug 06 2026 12:16:42 GMT+0100 (GMT+01:00),,https://images.unsplash.com/photo-1527443224154-c4a3942d3acf?q=80&w=800&auto=format&fit=crop,sc_01KZ673CEPGC3SNN79A1AGTBKE,variant_01KZBCMBGJ4G2WPH0BK1PNAK0R,Matte Black,SKU-1786015000980-251-4184,,,,false,false,,,,,,,,,,0,,prod_01KZBCMBDK3KAKDMA4V3Z3M40J,Thu Aug 06 2026 12:16:42 GMT+0100 (GMT+01:00),Thu Aug 06 2026 12:16:42 GMT+0100 (GMT+01:00),,709,https://images.unsplash.com/photo-1527443224154-c4a3942d3acf?q=80&w=800&auto=format&fit=crop
prod_01KZBCMBDK3YY7MRZ8S7XF127V,tech-1786015000980-266-5779,HP Smartphone Air Gen-9,,published,,"Premium smartphone engineered by HP. Features the latest technology, sleek design, and unparalleled performance. Perfect for professionals and enthusiasts alike.",false,true,https://images.unsplash.com/photo-1505156868547-9b49f4df4e04?q=80&w=800&auto=format&fit=crop,,,,,,,,,,,Thu Aug 06 2026 12:16:42 GMT+0100 (GMT+01:00),Thu Aug 06 2026 12:16:42 GMT+0100 (GMT+01:00),,https://images.unsplash.com/photo-1505156868547-9b49f4df4e04?q=80&w=800&auto=format&fit=crop,sc_01KZ673CEPGC3SNN79A1AGTBKE,variant_01KZBCMBGJK01PCCS778BDDM4A,Matte Black,SKU-1786015000980-266-5779,,,,false,false,,,,,,,,,,0,,prod_01KZBCMBDK3YY7MRZ8S7XF127V,Thu Aug 06 2026 12:16:42 GMT+0100 (GMT+01:00),Thu Aug 06 2026 12:16:42 GMT+0100 (GMT+01:00),,273,https://images.unsplash.com/photo-1505156868547-9b49f4df4e04?q=80&w=800&auto=format&fit=crop
prod_01KZBCMBDK45AZ773Q6X8S81XE,tech-1786015000980-260-5258,Razer Tablet Plus Gen-7,,published,,"Premium tablet engineered by Razer. Features the latest technology, sleek design, and unparalleled performance. Perfect for professionals and enthusiasts alike.",false,true,https://images.unsplash.com/photo-1505740420928-5e560c06d30e?q=80&w=800&auto=format&fit=crop,,,,,,,,,,,Thu Aug 06 2026 12:16:42 GMT+0100 (GMT+01:00),Thu Aug 06 2026 12:16:42 GMT+0100 (GMT+01:00),,https://images.unsplash.com/photo-1505740420928-5e560c06d30e?q=80&w=800&auto=format&fit=crop,sc_01KZ673CEPGC3SNN79A1AGTBKE,variant_01KZBCMBGJ1C5B8EFBNX2ZYTGB,Matte Black,SKU-1786015000980-260-5258,,,,false,false,,,,,,,,,,0,,prod_01KZBCMBDK45AZ773Q6X8S81XE,Thu Aug 06 2026 12:16:42 GMT+0100 (GMT+01:00),Thu Aug 06 2026 12:16:42 GMT+0100 (GMT+01:00),,919,https://images.unsplash.com/photo-1505740420928-5e560c06d30e?q=80&w=800&auto=format&fit=crop
prod_01KZBCMBDK5K772SAT23WPYWPX,tech-1786015000980-270-5434,Asus Camera Advanced Gen-3,,published,,"Premium camera engineered by Asus. Features the latest technology, sleek design, and unparalleled performance. Perfect for professionals and enthusiasts alike.",false,true,https://images.unsplash.com/photo-1505740420928-5e560c06d30e?q=80&w=800&auto=format&fit=crop,,,,,,,,,,,Thu Aug 06 2026 12:16:42 GMT+0100 (GMT+01:00),Thu Aug 06 2026 12:16:42 GMT+0100 (GMT+01:00),,https://images.unsplash.com/photo-1505740420928-5e560c06d30e?q=80&w=800&auto=format&fit=crop,sc_01KZ673CEPGC3SNN79A1AGTBKE,variant_01KZBCMBGKHVCG94MS3QX08KQ8,Matte Black,SKU-1786015000980-270-5434,,,,false,false,,,,,,,,,,0,,prod_01KZBCMBDK5K772SAT23WPYWPX,Thu Aug 06 2026 12:16:42 GMT+0100 (GMT+01:00),Thu Aug 06 2026 12:16:42 GMT+0100 (GMT+01:00),,825,https://images.unsplash.com/photo-1505740420928-5e560c06d30e?q=80&w=800&auto=format&fit=crop
prod_01KZBCMBDK5RDA51EJFYH3Y0AK,tech-1786015000980-257-2005,Sony Speaker Mini Gen-7,,published,,"Premium speaker engineered by Sony. Features the latest technology, sleek design, and unparalleled performance. Perfect for professionals and enthusiasts alike.",false,true,https://images.unsplash.com/photo-1496181133206-80ce9b88a853?q=80&w=800&auto=format&fit=crop,,,,,,,,,,,Thu Aug 06 2026 12:16:42 GMT+0100 (GMT+01:00),Thu Aug 06 2026 12:16:42 GMT+0100 (GMT+01:00),,https://images.unsplash.com/photo-1496181133206-80ce9b88a853?q=80&w=800&auto=format&fit=crop,sc_01KZ673CEPGC3SNN79A1AGTBKE,variant_01KZBCMBGJG58ZDHBWZMSQG8TA,Matte Black,SKU-1786015000980-257-2005,,,,false,false,,,,,,,,,,0,,prod_01KZBCMBDK5RDA51EJFYH3Y0AK,Thu Aug 06 2026 12:16:42 GMT+0100 (GMT+01:00),Thu Aug 06 2026 12:16:42 GMT+0100 (GMT+01:00),,795,https://images.unsplash.com/photo-1496181133206-80ce9b88a853?q=80&w=800&auto=format&fit=crop
prod_01KZBCMBDK5ZHCE8RMB0J27428,tech-1786015000980-267-4390,Razer Tablet Ultra Gen-10,,published,,"Premium tablet engineered by Razer. Features the latest technology, sleek design, and unparalleled performance. Perfect for professionals and enthusiasts alike.",false,true,https://images.unsplash.com/photo-1527443224154-c4a3942d3acf?q=80&w=800&auto=format&fit=crop,,,,,,,,,,,Thu Aug 06 2026 12:16:42 GMT+0100 (GMT+01:00),Thu Aug 06 2026 12:16:42 GMT+0100 (GMT+01:00),,https://images.unsplash.com/photo-1527443224154-c4a3942d3acf?q=80&w=800&auto=format&fit=crop,sc_01KZ673CEPGC3SNN79A1AGTBKE,variant_01KZBCMBGJR6X0WQK2TEKE6GEG,Matte Black,SKU-1786015000980-267-4390,,,,false,false,,,,,,,,,,0,,prod_01KZBCMBDK5ZHCE8RMB0J27428,Thu Aug 06 2026 12:16:42 GMT+0100 (GMT+01:00),Thu Aug 06 2026 12:16:42 GMT+0100 (GMT+01:00),,1536,https://images.unsplash.com/photo-1527443224154-c4a3942d3acf?q=80&w=800&auto=format&fit=crop
prod_01KZBCMBDK5ZXV1RNZCKB5ZMGD,tech-1786015000980-282-3426,HP Monitor Pro Gen-8,,published,,"Premium monitor engineered by HP. Features the latest technology, sleek design, and unparalleled performance. Perfect for professionals and enthusiasts alike.",false,true,https://images.unsplash.com/photo-1546868871-7041f2a55e12?q=80&w=800&auto=format&fit=crop,,,,,,,,,,,Thu Aug 06 2026 12:16:42 GMT+0100 (GMT+01:00),Thu Aug 06 2026 12:16:42 GMT+0100 (GMT+01:00),,https://images.unsplash.com/photo-1546868871-7041f2a55e12?q=80&w=800&auto=format&fit=crop,sc_01KZ673CEPGC3SNN79A1AGTBKE,variant_01KZBCMBGKMN1HJG8ZEJX91EPT,Matte Black,SKU-1786015000980-282-3426,,,,false,false,,,,,,,,,,0,,prod_01KZBCMBDK5ZXV1RNZCKB5ZMGD,Thu Aug 06 2026 12:16:42 GMT+0100 (GMT+01:00),Thu Aug 06 2026 12:16:42 GMT+0100 (GMT+01:00),,83,https://images.unsplash.com/photo-1546868871-7041f2a55e12?q=80&w=800&auto=format&fit=crop
prod_01KZBCMBDK6ZZQJA84FMSS2MWH,tech-1786015000980-275-4448,Logitech Camera Ultra Gen-7,,published,,"Premium camera engineered by Logitech. Features the latest technology, sleek design, and unparalleled performance. Perfect for professionals and enthusiasts alike.",false,true,https://images.unsplash.com/photo-1496181133206-80ce9b88a853?q=80&w=800&auto=format&fit=crop,,,,,,,,,,,Thu Aug 06 2026 12:16:42 GMT+0100 (GMT+01:00),Thu Aug 06 2026 12:16:42 GMT+0100 (GMT+01:00),,https://images.unsplash.com/photo-1496181133206-80ce9b88a853?q=80&w=800&auto=format&fit=crop,sc_01KZ673CEPGC3SNN79A1AGTBKE,variant_01KZBCMBGKQWDTXRJWR2WEE6ZR,Matte Black,SKU-1786015000980-275-4448,,,,false,false,,,,,,,,,,0,,prod_01KZBCMBDK6ZZQJA84FMSS2MWH,Thu Aug 06 2026 12:16:42 GMT+0100 (GMT+01:00),Thu Aug 06 2026 12:16:42 GMT+0100 (GMT+01:00),,316,https://images.unsplash.com/photo-1496181133206-80ce9b88a853?q=80&w=800&auto=format&fit=crop
prod_01KZBCMBDK7AM2CZ4A7GVNB156,tech-1786015000980-253-4098,Lenovo Smartwatch Mini Gen-1,,published,,"Premium smartwatch engineered by Lenovo. Features the latest technology, sleek design, and unparalleled performance. Perfect for professionals and enthusiasts alike.",false,true,https://images.unsplash.com/photo-1505156868547-9b49f4df4e04?q=80&w=800&auto=format&fit=crop,,,,,,,,,,,Thu Aug 06 2026 12:16:42 GMT+0100 (GMT+01:00),Thu Aug 06 2026 12:16:42 GMT+0100 (GMT+01:00),,https://images.unsplash.com/photo-1505156868547-9b49f4df4e04?q=80&w=800&auto=format&fit=crop,sc_01KZ673CEPGC3SNN79A1AGTBKE,variant_01KZBCMBGJKMP2ADRJ933434VX,Matte Black,SKU-1786015000980-253-4098,,,,false,false,,,,,,,,,,0,,prod_01KZBCMBDK7AM2CZ4A7GVNB156,Thu Aug 06 2026 12:16:42 GMT+0100 (GMT+01:00),Thu Aug 06 2026 12:16:42 GMT+0100 (GMT+01:00),,1417,https://images.unsplash.com/photo-1505156868547-9b49f4df4e04?q=80&w=800&auto=format&fit=crop
prod_01KZBCMBDK86GCR6VH74N1SR1P,tech-1786015000980-252-1909,Lenovo Headphones Pro Gen-10,,published,,"Premium headphones engineered by Lenovo. Features the latest technology, sleek design, and unparalleled performance. Perfect for professionals and enthusiasts alike.",false,true,https://images.unsplash.com/photo-1496181133206-80ce9b88a853?q=80&w=800&auto=format&fit=crop,,,,,,,,,,,Thu Aug 06 2026 12:16:42 GMT+0100 (GMT+01:00),Thu Aug 06 2026 12:16:42 GMT+0100 (GMT+01:00),,https://images.unsplash.com/photo-1496181133206-80ce9b88a853?q=80&w=800&auto=format&fit=crop,sc_01KZ673CEPGC3SNN79A1AGTBKE,variant_01KZBCMBGJSE4MF2MGRV99PXG9,Matte Black,SKU-1786015000980-252-1909,,,,false,false,,,,,,,,,,0,,prod_01KZBCMBDK86GCR6VH74N1SR1P,Thu Aug 06 2026 12:16:42 GMT+0100 (GMT+01:00),Thu Aug 06 2026 12:16:42 GMT+0100 (GMT+01:00),,926,https://images.unsplash.com/photo-1496181133206-80ce9b88a853?q=80&w=800&auto=format&fit=crop
prod_01KZBCMBDK8GJ6M1SRKHGGNKF0,tech-1786015000980-283-1088,Lenovo Mouse Air Gen-6,,published,,"Premium mouse engineered by Lenovo. Features the latest technology, sleek design, and unparalleled performance. Perfect for professionals and enthusiasts alike.",false,true,https://images.unsplash.com/photo-1595225476474-87563907a212?q=80&w=800&auto=format&fit=crop,,,,,,,,,,,Thu Aug 06 2026 12:16:42 GMT+0100 (GMT+01:00),Thu Aug 06 2026 12:16:42 GMT+0100 (GMT+01:00),,https://images.unsplash.com/photo-1595225476474-87563907a212?q=80&w=800&auto=format&fit=crop,sc_01KZ673CEPGC3SNN79A1AGTBKE,variant_01KZBCMBGKZRXP04KG6FCKJP13,Matte Black,SKU-1786015000980-283-1088,,,,false,false,,,,,,,,,,0,,prod_01KZBCMBDK8GJ6M1SRKHGGNKF0,Thu Aug 06 2026 12:16:42 GMT+0100 (GMT+01:00),Thu Aug 06 2026 12:16:42 GMT+0100 (GMT+01:00),,1043,https://images.unsplash.com/photo-1595225476474-87563907a212?q=80&w=800&auto=format&fit=crop
prod_01KZBCMBDK8V5ZQTBCPTY6GNPW,tech-1786015000980-289-1517,Sony Keyboard Ultra Gen-3,,published,,"Premium keyboard engineered by Sony. Features the latest technology, sleek design, and unparalleled performance. Perfect for professionals and enthusiasts alike.",false,true,https://images.unsplash.com/photo-1527814050087-379381547969?q=80&w=800&auto=format&fit=crop,,,,,,,,,,,Thu Aug 06 2026 12:16:42 GMT+0100 (GMT+01:00),Thu Aug 06 2026 12:16:42 GMT+0100 (GMT+01:00),,https://images.unsplash.com/photo-1527814050087-379381547969?q=80&w=800&auto=format&fit=crop,sc_01KZ673CEPGC3SNN79A1AGTBKE,variant_01KZBCMBGKGC7XJV56N2YZWHC5,Matte Black,SKU-1786015000980-289-1517,,,,false,false,,,,,,,,,,0,,prod_01KZBCMBDK8V5ZQTBCPTY6GNPW,Thu Aug 06 2026 12:16:42 GMT+0100 (GMT+01:00),Thu Aug 06 2026 12:16:42 GMT+0100 (GMT+01:00),,893,https://images.unsplash.com/photo-1527814050087-379381547969?q=80&w=800&auto=format&fit=crop
prod_01KZBCMBDK9FBVQ3P9ERHW1JR0,tech-1786015000980-269-8278,Asus Headphones Mini Gen-8,,published,,"Premium headphones engineered by Asus. Features the latest technology, sleek design, and unparalleled performance. Perfect for professionals and enthusiasts alike.",false,true,https://images.unsplash.com/photo-1546868871-7041f2a55e12?q=80&w=800&auto=format&fit=crop,,,,,,,,,,,Thu Aug 06 2026 12:16:42 GMT+0100 (GMT+01:00),Thu Aug 06 2026 12:16:42 GMT+0100 (GMT+01:00),,https://images.unsplash.com/photo-1546868871-7041f2a55e12?q=80&w=800&auto=format&fit=crop,sc_01KZ673CEPGC3SNN79A1AGTBKE,variant_01KZBCMBGJ95YF5A4RNP4ETX58,Matte Black,SKU-1786015000980-269-8278,,,,false,false,,,,,,,,,,0,,prod_01KZBCMBDK9FBVQ3P9ERHW1JR0,Thu Aug 06 2026 12:16:42 GMT+0100 (GMT+01:00),Thu Aug 06 2026 12:16:42 GMT+0100 (GMT+01:00),,715,https://images.unsplash.com/photo-1546868871-7041f2a55e12?q=80&w=800&auto=format&fit=crop
prod_01KZBCMBDKD2QZ501M7EQMK47B,tech-1786015000980-259-7481,Apple Mouse Max Gen-10,,published,,"Premium mouse engineered by Apple. Features the latest technology, sleek design, and unparalleled performance. Perfect for professionals and enthusiasts alike.",false,true,https://images.unsplash.com/photo-1527814050087-379381547969?q=80&w=800&auto=format&fit=crop,,,,,,,,,,,Thu Aug 06 2026 12:16:42 GMT+0100 (GMT+01:00),Thu Aug 06 2026 12:16:42 GMT+0100 (GMT+01:00),,https://images.unsplash.com/photo-1527814050087-379381547969?q=80&w=800&auto=format&fit=crop,sc_01KZ673CEPGC3SNN79A1AGTBKE,variant_01KZBCMBGJDY2DMXVP7SP834M7,Matte Black,SKU-1786015000980-259-7481,,,,false,false,,,,,,,,,,0,,prod_01KZBCMBDKD2QZ501M7EQMK47B,Thu Aug 06 2026 12:16:42 GMT+0100 (GMT+01:00),Thu Aug 06 2026 12:16:42 GMT+0100 (GMT+01:00),,512,https://images.unsplash.com/photo-1527814050087-379381547969?q=80&w=800&auto=format&fit=crop
prod_01KZBCMBDKDP779VTBMAK367W2,tech-1786015000980-271-536,Lenovo Camera Elite Gen-10,,published,,"Premium camera engineered by Lenovo. Features the latest technology, sleek design, and unparalleled performance. Perfect for professionals and enthusiasts alike.",false,true,https://images.unsplash.com/photo-1505740420928-5e560c06d30e?q=80&w=800&auto=format&fit=crop,,,,,,,,,,,Thu Aug 06 2026 12:16:42 GMT+0100 (GMT+01:00),Thu Aug 06 2026 12:16:42 GMT+0100 (GMT+01:00),,https://images.unsplash.com/photo-1505740420928-5e560c06d30e?q=80&w=800&auto=format&fit=crop,sc_01KZ673CEPGC3SNN79A1AGTBKE,variant_01KZBCMBGK54YVY9ER1F6WN8V5,Matte Black,SKU-1786015000980-271-536,,,,false,false,,,,,,,,,,0,,prod_01KZBCMBDKDP779VTBMAK367W2,Thu Aug 06 2026 12:16:42 GMT+0100 (GMT+01:00),Thu Aug 06 2026 12:16:42 GMT+0100 (GMT+01:00),,763,https://images.unsplash.com/photo-1505740420928-5e560c06d30e?q=80&w=800&auto=format&fit=crop
prod_01KZBCMBDKDRPTRYFDKXFA6T96,tech-1786015000980-263-3999,Dell Keyboard Essential Gen-6,,published,,"Premium keyboard engineered by Dell. Features the latest technology, sleek design, and unparalleled performance. Perfect for professionals and enthusiasts alike.",false,true,https://images.unsplash.com/photo-1505740420928-5e560c06d30e?q=80&w=800&auto=format&fit=crop,,,,,,,,,,,Thu Aug 06 2026 12:16:42 GMT+0100 (GMT+01:00),Thu Aug 06 2026 12:16:42 GMT+0100 (GMT+01:00),,https://images.unsplash.com/photo-1505740420928-5e560c06d30e?q=80&w=800&auto=format&fit=crop,sc_01KZ673CEPGC3SNN79A1AGTBKE,variant_01KZBCMBGJ1FN0GVVY3GN5Y3RE,Matte Black,SKU-1786015000980-263-3999,,,,false,false,,,,,,,,,,0,,prod_01KZBCMBDKDRPTRYFDKXFA6T96,Thu Aug 06 2026 12:16:42 GMT+0100 (GMT+01:00),Thu Aug 06 2026 12:16:42 GMT+0100 (GMT+01:00),,96,https://images.unsplash.com/photo-1505740420928-5e560c06d30e?q=80&w=800&auto=format&fit=crop
prod_01KZBCMBDKEKCA5XVQNYRF9W21,tech-1786015000980-258-219,Razer Mouse Max Gen-9,,published,,"Premium mouse engineered by Razer. Features the latest technology, sleek design, and unparalleled performance. Perfect for professionals and enthusiasts alike.",false,true,https://images.unsplash.com/photo-1505740420928-5e560c06d30e?q=80&w=800&auto=format&fit=crop,,,,,,,,,,,Thu Aug 06 2026 12:16:42 GMT+0100 (GMT+01:00),Thu Aug 06 2026 12:16:42 GMT+0100 (GMT+01:00),,https://images.unsplash.com/photo-1505740420928-5e560c06d30e?q=80&w=800&auto=format&fit=crop,sc_01KZ673CEPGC3SNN79A1AGTBKE,variant_01KZBCMBGJBFPSQVXCGRZ90ZZX,Matte Black,SKU-1786015000980-258-219,,,,false,false,,,,,,,,,,0,,prod_01KZBCMBDKEKCA5XVQNYRF9W21,Thu Aug 06 2026 12:16:42 GMT+0100 (GMT+01:00),Thu Aug 06 2026 12:16:42 GMT+0100 (GMT+01:00),,671,https://images.unsplash.com/photo-1505740420928-5e560c06d30e?q=80&w=800&auto=format&fit=crop
prod_01KZBCMBDKF2D7GN38WEXNV80P,tech-1786015000980-279-7210,Samsung Mouse Plus Gen-1,,published,,"Premium mouse engineered by Samsung. Features the latest technology, sleek design, and unparalleled performance. Perfect for professionals and enthusiasts alike.",false,true,https://images.unsplash.com/photo-1527814050087-379381547969?q=80&w=800&auto=format&fit=crop,,,,,,,,,,,Thu Aug 06 2026 12:16:42 GMT+0100 (GMT+01:00),Thu Aug 06 2026 12:16:42 GMT+0100 (GMT+01:00),,https://images.unsplash.com/photo-1527814050087-379381547969?q=80&w=800&auto=format&fit=crop,sc_01KZ673CEPGC3SNN79A1AGTBKE,variant_01KZBCMBGKWV0DNZSAVX54H5NA,Matte Black,SKU-1786015000980-279-7210,,,,false,false,,,,,,,,,,0,,prod_01KZBCMBDKF2D7GN38WEXNV80P,Thu Aug 06 2026 12:16:42 GMT+0100 (GMT+01:00),Thu Aug 06 2026 12:16:42 GMT+0100 (GMT+01:00),,973,https://images.unsplash.com/photo-1527814050087-379381547969?q=80&w=800&auto=format&fit=crop
prod_01KZBCMBDKGH2Z2G3HB4T5S5K4,tech-1786015000980-265-5632,Dell Headphones Air Gen-7,,published,,"Premium headphones engineered by Dell. Features the latest technology, sleek design, and unparalleled performance. Perfect for professionals and enthusiasts alike.",false,true,https://images.unsplash.com/photo-1595225476474-87563907a212?q=80&w=800&auto=format&fit=crop,,,,,,,,,,,Thu Aug 06 2026 12:16:42 GMT+0100 (GMT+01:00),Thu Aug 06 2026 12:16:42 GMT+0100 (GMT+01:00),,https://images.unsplash.com/photo-1595225476474-87563907a212?q=80&w=800&auto=format&fit=crop,sc_01KZ673CEPGC3SNN79A1AGTBKE,variant_01KZBCMBGJASMSBVPH9JP7DXQA,Matte Black,SKU-1786015000980-265-5632,,,,false,false,,,,,,,,,,0,,prod_01KZBCMBDKGH2Z2G3HB4T5S5K4,Thu Aug 06 2026 12:16:42 GMT+0100 (GMT+01:00),Thu Aug 06 2026 12:16:42 GMT+0100 (GMT+01:00),,506,https://images.unsplash.com/photo-1595225476474-87563907a212?q=80&w=800&auto=format&fit=crop
prod_01KZBCMBDKHHV5QCT1DB00XZWW,tech-1786015000980-261-543,HP Headphones Pro Gen-5,,published,,"Premium headphones engineered by HP. Features the latest technology, sleek design, and unparalleled performance. Perfect for professionals and enthusiasts alike.",false,true,https://images.unsplash.com/photo-1546868871-7041f2a55e12?q=80&w=800&auto=format&fit=crop,,,,,,,,,,,Thu Aug 06 2026 12:16:42 GMT+0100 (GMT+01:00),Thu Aug 06 2026 12:16:42 GMT+0100 (GMT+01:00),,https://images.unsplash.com/photo-1546868871-7041f2a55e12?q=80&w=800&auto=format&fit=crop,sc_01KZ673CEPGC3SNN79A1AGTBKE,variant_01KZBCMBGJWEB4MNJ27VD1WWP4,Matte Black,SKU-1786015000980-261-543,,,,false,false,,,,,,,,,,0,,prod_01KZBCMBDKHHV5QCT1DB00XZWW,Thu Aug 06 2026 12:16:42 GMT+0100 (GMT+01:00),Thu Aug 06 2026 12:16:42 GMT+0100 (GMT+01:00),,486,https://images.unsplash.com/photo-1546868871-7041f2a55e12?q=80&w=800&auto=format&fit=crop
prod_01KZBCMBDKK3BKFF26HS8MGB59,tech-1786015000980-254-6999,Sony Smartphone Pro Gen-9,,published,,"Premium smartphone engineered by Sony. Features the latest technology, sleek design, and unparalleled performance. Perfect for professionals and enthusiasts alike.",false,true,https://images.unsplash.com/photo-1505156868547-9b49f4df4e04?q=80&w=800&auto=format&fit=crop,,,,,,,,,,,Thu Aug 06 2026 12:16:42 GMT+0100 (GMT+01:00),Thu Aug 06 2026 12:16:42 GMT+0100 (GMT+01:00),,https://images.unsplash.com/photo-1505156868547-9b49f4df4e04?q=80&w=800&auto=format&fit=crop,sc_01KZ673CEPGC3SNN79A1AGTBKE,variant_01KZBCMBGJW78QDDGTV949X2F3,Matte Black,SKU-1786015000980-254-6999,,,,false,false,,,,,,,,,,0,,prod_01KZBCMBDKK3BKFF26HS8MGB59,Thu Aug 06 2026 12:16:42 GMT+0100 (GMT+01:00),Thu Aug 06 2026 12:16:42 GMT+0100 (GMT+01:00),,795,https://images.unsplash.com/photo-1505156868547-9b49f4df4e04?q=80&w=800&auto=format&fit=crop
prod_01KZBCMBDKK4YY02HEBAZRNY48,tech-1786015000980-285-1186,Apple Smartphone Ultra Gen-2,,published,,"Premium smartphone engineered by Apple. Features the latest technology, sleek design, and unparalleled performance. Perfect for professionals and enthusiasts alike.",false,true,https://images.unsplash.com/photo-1505740420928-5e560c06d30e?q=80&w=800&auto=format&fit=crop,,,,,,,,,,,Thu Aug 06 2026 12:16:42 GMT+0100 (GMT+01:00),Thu Aug 06 2026 12:16:42 GMT+0100 (GMT+01:00),,https://images.unsplash.com/photo-1505740420928-5e560c06d30e?q=80&w=800&auto=format&fit=crop,sc_01KZ673CEPGC3SNN79A1AGTBKE,variant_01KZBCMBGK7700RZG2R6WJ2JPZ,Matte Black,SKU-1786015000980-285-1186,,,,false,false,,,,,,,,,,0,,prod_01KZBCMBDKK4YY02HEBAZRNY48,Thu Aug 06 2026 12:16:42 GMT+0100 (GMT+01:00),Thu Aug 06 2026 12:16:42 GMT+0100 (GMT+01:00),,274,https://images.unsplash.com/photo-1505740420928-5e560c06d30e?q=80&w=800&auto=format&fit=crop
prod_01KZBCMBDKMVEN1H0VM9EA2KV7,tech-1786015000980-255-8262,Sony Tablet Lite Gen-4,,published,,"Premium tablet engineered by Sony. Features the latest technology, sleek design, and unparalleled performance. Perfect for professionals and enthusiasts alike.",false,true,https://images.unsplash.com/photo-1546868871-7041f2a55e12?q=80&w=800&auto=format&fit=crop,,,,,,,,,,,Thu Aug 06 2026 12:16:42 GMT+0100 (GMT+01:00),Thu Aug 06 2026 12:16:42 GMT+0100 (GMT+01:00),,https://images.unsplash.com/photo-1546868871-7041f2a55e12?q=80&w=800&auto=format&fit=crop,sc_01KZ673CEPGC3SNN79A1AGTBKE,variant_01KZBCMBGJAKC4Q366KATPNERK,Matte Black,SKU-1786015000980-255-8262,,,,false,false,,,,,,,,,,0,,prod_01KZBCMBDKMVEN1H0VM9EA2KV7,Thu Aug 06 2026 12:16:42 GMT+0100 (GMT+01:00),Thu Aug 06 2026 12:16:42 GMT+0100 (GMT+01:00),,309,https://images.unsplash.com/photo-1546868871-7041f2a55e12?q=80&w=800&auto=format&fit=crop
prod_01KZBCMBDKNZ9B95GNZWA2Z8WY,tech-1786015000980-256-6755,Asus Keyboard Plus Gen-2,,published,,"Premium keyboard engineered by Asus. Features the latest technology, sleek design, and unparalleled performance. Perfect for professionals and enthusiasts alike.",false,true,https://images.unsplash.com/photo-1505156868547-9b49f4df4e04?q=80&w=800&auto=format&fit=crop,,,,,,,,,,,Thu Aug 06 2026 12:16:42 GMT+0100 (GMT+01:00),Thu Aug 06 2026 12:16:42 GMT+0100 (GMT+01:00),,https://images.unsplash.com/photo-1505156868547-9b49f4df4e04?q=80&w=800&auto=format&fit=crop,sc_01KZ673CEPGC3SNN79A1AGTBKE,variant_01KZBCMBGJR9FA2JZDR6ZP4FBF,Matte Black,SKU-1786015000980-256-6755,,,,false,false,,,,,,,,,,0,,prod_01KZBCMBDKNZ9B95GNZWA2Z8WY,Thu Aug 06 2026 12:16:42 GMT+0100 (GMT+01:00),Thu Aug 06 2026 12:16:42 GMT+0100 (GMT+01:00),,346,https://images.unsplash.com/photo-1505156868547-9b49f4df4e04?q=80&w=800&auto=format&fit=crop
prod_01KZBCMBDKQF1VBVYRHSQZ7G5F,tech-1786015000980-280-9934,Dell Headphones Plus Gen-5,,published,,"Premium headphones engineered by Dell. Features the latest technology, sleek design, and unparalleled performance. Perfect for professionals and enthusiasts alike.",false,true,https://images.unsplash.com/photo-1527443224154-c4a3942d3acf?q=80&w=800&auto=format&fit=crop,,,,,,,,,,,Thu Aug 06 2026 12:16:42 GMT+0100 (GMT+01:00),Thu Aug 06 2026 12:16:42 GMT+0100 (GMT+01:00),,https://images.unsplash.com/photo-1527443224154-c4a3942d3acf?q=80&w=800&auto=format&fit=crop,sc_01KZ673CEPGC3SNN79A1AGTBKE,variant_01KZBCMBGK8PGWQG3BH9VQZYDV,Matte Black,SKU-1786015000980-280-9934,,,,false,false,,,,,,,,,,0,,prod_01KZBCMBDKQF1VBVYRHSQZ7G5F,Thu Aug 06 2026 12:16:42 GMT+0100 (GMT+01:00),Thu Aug 06 2026 12:16:42 GMT+0100 (GMT+01:00),,1196,https://images.unsplash.com/photo-1527443224154-c4a3942d3acf?q=80&w=800&auto=format&fit=crop
prod_01KZBCMBDKR3TB7TC4RZP2SM2H,tech-1786015000980-262-9104,Bose Headphones Lite Gen-5,,published,,"Premium headphones engineered by Bose. Features the latest technology, sleek design, and unparalleled performance. Perfect for professionals and enthusiasts alike.",false,true,https://images.unsplash.com/photo-1527443224154-c4a3942d3acf?q=80&w=800&auto=format&fit=crop,,,,,,,,,,,Thu Aug 06 2026 12:16:42 GMT+0100 (GMT+01:00),Thu Aug 06 2026 12:16:42 GMT+0100 (GMT+01:00),,https://images.unsplash.com/photo-1527443224154-c4a3942d3acf?q=80&w=800&auto=format&fit=crop,sc_01KZ673CEPGC3SNN79A1AGTBKE,variant_01KZBCMBGJNJXWD9DRXXCE01WT,Matte Black,SKU-1786015000980-262-9104,,,,false,false,,,,,,,,,,0,,prod_01KZBCMBDKR3TB7TC4RZP2SM2H,Thu Aug 06 2026 12:16:42 GMT+0100 (GMT+01:00),Thu Aug 06 2026 12:16:42 GMT+0100 (GMT+01:00),,499,https://images.unsplash.com/photo-1527443224154-c4a3942d3acf?q=80&w=800&auto=format&fit=crop
prod_01KZBCMBDKSARABWXSNGDDWBGM,tech-1786015000980-284-3889,Lenovo Monitor Air Gen-1,,published,,"Premium monitor engineered by Lenovo. Features the latest technology, sleek design, and unparalleled performance. Perfect for professionals and enthusiasts alike.",false,true,https://images.unsplash.com/photo-1527814050087-379381547969?q=80&w=800&auto=format&fit=crop,,,,,,,,,,,Thu Aug 06 2026 12:16:42 GMT+0100 (GMT+01:00),Thu Aug 06 2026 12:16:42 GMT+0100 (GMT+01:00),,https://images.unsplash.com/photo-1527814050087-379381547969?q=80&w=800&auto=format&fit=crop,sc_01KZ673CEPGC3SNN79A1AGTBKE,variant_01KZBCMBGKZJ7X4QBAKVKMS14A,Matte Black,SKU-1786015000980-284-3889,,,,false,false,,,,,,,,,,0,,prod_01KZBCMBDKSARABWXSNGDDWBGM,Thu Aug 06 2026 12:16:42 GMT+0100 (GMT+01:00),Thu Aug 06 2026 12:16:42 GMT+0100 (GMT+01:00),,1496,https://images.unsplash.com/photo-1527814050087-379381547969?q=80&w=800&auto=format&fit=crop
prod_01KZBCMBDKSETPEK6ZGNHWWZ9K,tech-1786015000980-287-4736,Sony Mouse Pro Gen-6,,published,,"Premium mouse engineered by Sony. Features the latest technology, sleek design, and unparalleled performance. Perfect for professionals and enthusiasts alike.",false,true,https://images.unsplash.com/photo-1505740420928-5e560c06d30e?q=80&w=800&auto=format&fit=crop,,,,,,,,,,,Thu Aug 06 2026 12:16:42 GMT+0100 (GMT+01:00),Thu Aug 06 2026 12:16:42 GMT+0100 (GMT+01:00),,https://images.unsplash.com/photo-1505740420928-5e560c06d30e?q=80&w=800&auto=format&fit=crop,sc_01KZ673CEPGC3SNN79A1AGTBKE,variant_01KZBCMBGKV62QB1JT3RYFEA62,Matte Black,SKU-1786015000980-287-4736,,,,false,false,,,,,,,,,,0,,prod_01KZBCMBDKSETPEK6ZGNHWWZ9K,Thu Aug 06 2026 12:16:42 GMT+0100 (GMT+01:00),Thu Aug 06 2026 12:16:42 GMT+0100 (GMT+01:00),,457,https://images.unsplash.com/photo-1505740420928-5e560c06d30e?q=80&w=800&auto=format&fit=crop
prod_01KZBCMBDKSKQ8K0R22CRNGZXF,tech-1786015000980-277-6858,Samsung Mouse Advanced Gen-5,,published,,"Premium mouse engineered by Samsung. Features the latest technology, sleek design, and unparalleled performance. Perfect for professionals and enthusiasts alike.",false,true,https://images.unsplash.com/photo-1496181133206-80ce9b88a853?q=80&w=800&auto=format&fit=crop,,,,,,,,,,,Thu Aug 06 2026 12:16:42 GMT+0100 (GMT+01:00),Thu Aug 06 2026 12:16:42 GMT+0100 (GMT+01:00),,https://images.unsplash.com/photo-1496181133206-80ce9b88a853?q=80&w=800&auto=format&fit=crop,sc_01KZ673CEPGC3SNN79A1AGTBKE,variant_01KZBCMBGKS35KDMQ0FA36X79R,Matte Black,SKU-1786015000980-277-6858,,,,false,false,,,,,,,,,,0,,prod_01KZBCMBDKSKQ8K0R22CRNGZXF,Thu Aug 06 2026 12:16:42 GMT+0100 (GMT+01:00),Thu Aug 06 2026 12:16:42 GMT+0100 (GMT+01:00),,448,https://images.unsplash.com/photo-1496181133206-80ce9b88a853?q=80&w=800&auto=format&fit=crop
prod_01KZBCMBDKT0E6SB7ZKM1HJJAE,tech-1786015000980-281-8425,Samsung Laptop Essential Gen-5,,published,,"Premium laptop engineered by Samsung. Features the latest technology, sleek design, and unparalleled performance. Perfect for professionals and enthusiasts alike.",false,true,https://images.unsplash.com/photo-1527814050087-379381547969?q=80&w=800&auto=format&fit=crop,,,,,,,,,,,Thu Aug 06 2026 12:16:42 GMT+0100 (GMT+01:00),Thu Aug 06 2026 12:16:42 GMT+0100 (GMT+01:00),,https://images.unsplash.com/photo-1527814050087-379381547969?q=80&w=800&auto=format&fit=crop,sc_01KZ673CEPGC3SNN79A1AGTBKE,variant_01KZBCMBGKYVRAHS4GDF3SXVCK,Matte Black,SKU-1786015000980-281-8425,,,,false,false,,,,,,,,,,0,,prod_01KZBCMBDKT0E6SB7ZKM1HJJAE,Thu Aug 06 2026 12:16:42 GMT+0100 (GMT+01:00),Thu Aug 06 2026 12:16:42 GMT+0100 (GMT+01:00),,787,https://images.unsplash.com/photo-1527814050087-379381547969?q=80&w=800&auto=format&fit=crop
prod_01KZBCMBDKT0ZA0K202FJ5X9KT,tech-1786015000980-286-6844,Logitech Camera Max Gen-2,,published,,"Premium camera engineered by Logitech. Features the latest technology, sleek design, and unparalleled performance. Perfect for professionals and enthusiasts alike.",false,true,https://images.unsplash.com/photo-1496181133206-80ce9b88a853?q=80&w=800&auto=format&fit=crop,,,,,,,,,,,Thu Aug 06 2026 12:16:42 GMT+0100 (GMT+01:00),Thu Aug 06 2026 12:16:42 GMT+0100 (GMT+01:00),,https://images.unsplash.com/photo-1496181133206-80ce9b88a853?q=80&w=800&auto=format&fit=crop,sc_01KZ673CEPGC3SNN79A1AGTBKE,variant_01KZBCMBGKSDZTTTSHBPCTG640,Matte Black,SKU-1786015000980-286-6844,,,,false,false,,,,,,,,,,0,,prod_01KZBCMBDKT0ZA0K202FJ5X9KT,Thu Aug 06 2026 12:16:42 GMT+0100 (GMT+01:00),Thu Aug 06 2026 12:16:42 GMT+0100 (GMT+01:00),,1343,https://images.unsplash.com/photo-1496181133206-80ce9b88a853?q=80&w=800&auto=format&fit=crop
prod_01KZBCMBDKVNCZ3JWRJNQ5CC60,tech-1786015000980-264-7924,Dell Laptop Plus Gen-2,,published,,"Premium laptop engineered by Dell. Features the latest technology, sleek design, and unparalleled performance. Perfect for professionals and enthusiasts alike.",false,true,https://images.unsplash.com/photo-1496181133206-80ce9b88a853?q=80&w=800&auto=format&fit=crop,,,,,,,,,,,Thu Aug 06 2026 12:16:42 GMT+0100 (GMT+01:00),Thu Aug 06 2026 12:16:42 GMT+0100 (GMT+01:00),,https://images.unsplash.com/photo-1496181133206-80ce9b88a853?q=80&w=800&auto=format&fit=crop,sc_01KZ673CEPGC3SNN79A1AGTBKE,variant_01KZBCMBGJ8TEHTHJR0VCZBAFG,Matte Black,SKU-1786015000980-264-7924,,,,false,false,,,,,,,,,,0,,prod_01KZBCMBDKVNCZ3JWRJNQ5CC60,Thu Aug 06 2026 12:16:42 GMT+0100 (GMT+01:00),Thu Aug 06 2026 12:16:42 GMT+0100 (GMT+01:00),,203,https://images.unsplash.com/photo-1496181133206-80ce9b88a853?q=80&w=800&auto=format&fit=crop
prod_01KZBCMBDKYGVG6AC9T8Y3TAZH,tech-1786015000980-288-889,Bose Laptop Mini Gen-7,,published,,"Premium laptop engineered by Bose. Features the latest technology, sleek design, and unparalleled performance. Perfect for professionals and enthusiasts alike.",false,true,https://images.unsplash.com/photo-1546868871-7041f2a55e12?q=80&w=800&auto=format&fit=crop,,,,,,,,,,,Thu Aug 06 2026 12:16:42 GMT+0100 (GMT+01:00),Thu Aug 06 2026 12:16:42 GMT+0100 (GMT+01:00),,https://images.unsplash.com/photo-1546868871-7041f2a55e12?q=80&w=800&auto=format&fit=crop,sc_01KZ673CEPGC3SNN79A1AGTBKE,variant_01KZBCMBGKQVED4Z83F7N2P5XZ,Matte Black,SKU-1786015000980-288-889,,,,false,false,,,,,,,,,,0,,prod_01KZBCMBDKYGVG6AC9T8Y3TAZH,Thu Aug 06 2026 12:16:42 GMT+0100 (GMT+01:00),Thu Aug 06 2026 12:16:42 GMT+0100 (GMT+01:00),,615,https://images.unsplash.com/photo-1546868871-7041f2a55e12?q=80&w=800&auto=format&fit=crop
prod_01KZBCMBDKYKMTT913V6SZQ30Z,tech-1786015000980-274-7275,HP Camera Advanced Gen-9,,published,,"Premium camera engineered by HP. Features the latest technology, sleek design, and unparalleled performance. Perfect for professionals and enthusiasts alike.",false,true,https://images.unsplash.com/photo-1527814050087-379381547969?q=80&w=800&auto=format&fit=crop,,,,,,,,,,,Thu Aug 06 2026 12:16:42 GMT+0100 (GMT+01:00),Thu Aug 06 2026 12:16:42 GMT+0100 (GMT+01:00),,https://images.unsplash.com/photo-1527814050087-379381547969?q=80&w=800&auto=format&fit=crop,sc_01KZ673CEPGC3SNN79A1AGTBKE,variant_01KZBCMBGKMHCS222CTTJZ5ARA,Matte Black,SKU-1786015000980-274-7275,,,,false,false,,,,,,,,,,0,,prod_01KZBCMBDKYKMTT913V6SZQ30Z,Thu Aug 06 2026 12:16:42 GMT+0100 (GMT+01:00),Thu Aug 06 2026 12:16:42 GMT+0100 (GMT+01:00),,290,https://images.unsplash.com/photo-1527814050087-379381547969?q=80&w=800&auto=format&fit=crop
prod_01KZBCMBDM3TP9PGP80WH2VBS0,tech-1786015000980-290-4500,Lenovo Speaker Max Gen-5,,published,,"Premium speaker engineered by Lenovo. Features the latest technology, sleek design, and unparalleled performance. Perfect for professionals and enthusiasts alike.",false,true,https://images.unsplash.com/photo-1505740420928-5e560c06d30e?q=80&w=800&auto=format&fit=crop,,,,,,,,,,,Thu Aug 06 2026 12:16:42 GMT+0100 (GMT+01:00),Thu Aug 06 2026 12:16:42 GMT+0100 (GMT+01:00),,https://images.unsplash.com/photo-1505740420928-5e560c06d30e?q=80&w=800&auto=format&fit=crop,sc_01KZ673CEPGC3SNN79A1AGTBKE,variant_01KZBCMBGK5G07N7ZZ0V4WD2CD,Matte Black,SKU-1786015000980-290-4500,,,,false,false,,,,,,,,,,0,,prod_01KZBCMBDM3TP9PGP80WH2VBS0,Thu Aug 06 2026 12:16:42 GMT+0100 (GMT+01:00),Thu Aug 06 2026 12:16:42 GMT+0100 (GMT+01:00),,804,https://images.unsplash.com/photo-1505740420928-5e560c06d30e?q=80&w=800&auto=format&fit=crop
prod_01KZBCMBDM7713YQ0T696EF08B,tech-1786015000980-300-8899,Asus Smartwatch Pro Gen-5,,published,,"Premium smartwatch engineered by Asus. Features the latest technology, sleek design, and unparalleled performance. Perfect for professionals and enthusiasts alike.",false,true,https://images.unsplash.com/photo-1496181133206-80ce9b88a853?q=80&w=800&auto=format&fit=crop,,,,,,,,,,,Thu Aug 06 2026 12:16:42 GMT+0100 (GMT+01:00),Thu Aug 06 2026 12:16:42 GMT+0100 (GMT+01:00),,https://images.unsplash.com/photo-1496181133206-80ce9b88a853?q=80&w=800&auto=format&fit=crop,sc_01KZ673CEPGC3SNN79A1AGTBKE,variant_01KZBCMBGK64R27WTG0PJF7SXP,Matte Black,SKU-1786015000980-300-8899,,,,false,false,,,,,,,,,,0,,prod_01KZBCMBDM7713YQ0T696EF08B,Thu Aug 06 2026 12:16:42 GMT+0100 (GMT+01:00),Thu Aug 06 2026 12:16:42 GMT+0100 (GMT+01:00),,1421,https://images.unsplash.com/photo-1496181133206-80ce9b88a853?q=80&w=800&auto=format&fit=crop
prod_01KZBCMBDMA0D4M21G844SWV18,tech-1786015000980-298-1202,Logitech Tablet Max Gen-7,,published,,"Premium tablet engineered by Logitech. Features the latest technology, sleek design, and unparalleled performance. Perfect for professionals and enthusiasts alike.",false,true,https://images.unsplash.com/photo-1546868871-7041f2a55e12?q=80&w=800&auto=format&fit=crop,,,,,,,,,,,Thu Aug 06 2026 12:16:42 GMT+0100 (GMT+01:00),Thu Aug 06 2026 12:16:42 GMT+0100 (GMT+01:00),,https://images.unsplash.com/photo-1546868871-7041f2a55e12?q=80&w=800&auto=format&fit=crop,sc_01KZ673CEPGC3SNN79A1AGTBKE,variant_01KZBCMBGKJ6H1GQ8BAKCCBSBX,Matte Black,SKU-1786015000980-298-1202,,,,false,false,,,,,,,,,,0,,prod_01KZBCMBDMA0D4M21G844SWV18,Thu Aug 06 2026 12:16:42 GMT+0100 (GMT+01:00),Thu Aug 06 2026 12:16:42 GMT+0100 (GMT+01:00),,745,https://images.unsplash.com/photo-1546868871-7041f2a55e12?q=80&w=800&auto=format&fit=crop
prod_01KZBCMBDMFHHKCN7DXBQR5NDA,tech-1786015000980-294-3546,Lenovo Smartwatch Lite Gen-2,,published,,"Premium smartwatch engineered by Lenovo. Features the latest technology, sleek design, and unparalleled performance. Perfect for professionals and enthusiasts alike.",false,true,https://images.unsplash.com/photo-1546868871-7041f2a55e12?q=80&w=800&auto=format&fit=crop,,,,,,,,,,,Thu Aug 06 2026 12:16:42 GMT+0100 (GMT+01:00),Thu Aug 06 2026 12:16:42 GMT+0100 (GMT+01:00),,https://images.unsplash.com/photo-1546868871-7041f2a55e12?q=80&w=800&auto=format&fit=crop,sc_01KZ673CEPGC3SNN79A1AGTBKE,variant_01KZBCMBGKXH0TN3XFVKWW0X6G,Matte Black,SKU-1786015000980-294-3546,,,,false,false,,,,,,,,,,0,,prod_01KZBCMBDMFHHKCN7DXBQR5NDA,Thu Aug 06 2026 12:16:42 GMT+0100 (GMT+01:00),Thu Aug 06 2026 12:16:42 GMT+0100 (GMT+01:00),,278,https://images.unsplash.com/photo-1546868871-7041f2a55e12?q=80&w=800&auto=format&fit=crop
prod_01KZBCMBDMGMDGGHM232AZBVPS,tech-1786015000980-297-111,Lenovo Laptop Ultra Gen-6,,published,,"Premium laptop engineered by Lenovo. Features the latest technology, sleek design, and unparalleled performance. Perfect for professionals and enthusiasts alike.",false,true,https://images.unsplash.com/photo-1496181133206-80ce9b88a853?q=80&w=800&auto=format&fit=crop,,,,,,,,,,,Thu Aug 06 2026 12:16:42 GMT+0100 (GMT+01:00),Thu Aug 06 2026 12:16:42 GMT+0100 (GMT+01:00),,https://images.unsplash.com/photo-1496181133206-80ce9b88a853?q=80&w=800&auto=format&fit=crop,sc_01KZ673CEPGC3SNN79A1AGTBKE,variant_01KZBCMBGKE2P3FMTBS0HKQF4F,Matte Black,SKU-1786015000980-297-111,,,,false,false,,,,,,,,,,0,,prod_01KZBCMBDMGMDGGHM232AZBVPS,Thu Aug 06 2026 12:16:42 GMT+0100 (GMT+01:00),Thu Aug 06 2026 12:16:42 GMT+0100 (GMT+01:00),,366,https://images.unsplash.com/photo-1496181133206-80ce9b88a853?q=80&w=800&auto=format&fit=crop
prod_01KZBCMBDMHBNXGM2DHM2ZA8YX,tech-1786015000980-296-4330,Razer Tablet Air Gen-8,,published,,"Premium tablet engineered by Razer. Features the latest technology, sleek design, and unparalleled performance. Perfect for professionals and enthusiasts alike.",false,true,https://images.unsplash.com/photo-1546868871-7041f2a55e12?q=80&w=800&auto=format&fit=crop,,,,,,,,,,,Thu Aug 06 2026 12:16:42 GMT+0100 (GMT+01:00),Thu Aug 06 2026 12:16:42 GMT+0100 (GMT+01:00),,https://images.unsplash.com/photo-1546868871-7041f2a55e12?q=80&w=800&auto=format&fit=crop,sc_01KZ673CEPGC3SNN79A1AGTBKE,variant_01KZBCMBGKC7KD2Y18HABXN6YT,Matte Black,SKU-1786015000980-296-4330,,,,false,false,,,,,,,,,,0,,prod_01KZBCMBDMHBNXGM2DHM2ZA8YX,Thu Aug 06 2026 12:16:42 GMT+0100 (GMT+01:00),Thu Aug 06 2026 12:16:42 GMT+0100 (GMT+01:00),,738,https://images.unsplash.com/photo-1546868871-7041f2a55e12?q=80&w=800&auto=format&fit=crop
prod_01KZBCMBDMM1WJ2VGDX2SPVY98,tech-1786015000980-293-9754,Razer Speaker Plus Gen-5,,published,,"Premium speaker engineered by Razer. Features the latest technology, sleek design, and unparalleled performance. Perfect for professionals and enthusiasts alike.",false,true,https://images.unsplash.com/photo-1527814050087-379381547969?q=80&w=800&auto=format&fit=crop,,,,,,,,,,,Thu Aug 06 2026 12:16:42 GMT+0100 (GMT+01:00),Thu Aug 06 2026 12:16:42 GMT+0100 (GMT+01:00),,https://images.unsplash.com/photo-1527814050087-379381547969?q=80&w=800&auto=format&fit=crop,sc_01KZ673CEPGC3SNN79A1AGTBKE,variant_01KZBCMBGKPJFND1WYWXHM5SN2,Matte Black,SKU-1786015000980-293-9754,,,,false,false,,,,,,,,,,0,,prod_01KZBCMBDMM1WJ2VGDX2SPVY98,Thu Aug 06 2026 12:16:42 GMT+0100 (GMT+01:00),Thu Aug 06 2026 12:16:42 GMT+0100 (GMT+01:00),,634,https://images.unsplash.com/photo-1527814050087-379381547969?q=80&w=800&auto=format&fit=crop
prod_01KZBCMBDMQHT2NSCGDKJJ7N13,tech-1786015000980-291-6955,Apple Keyboard Advanced Gen-2,,published,,"Premium keyboard engineered by Apple. Features the latest technology, sleek design, and unparalleled performance. Perfect for professionals and enthusiasts alike.",false,true,https://images.unsplash.com/photo-1527443224154-c4a3942d3acf?q=80&w=800&auto=format&fit=crop,,,,,,,,,,,Thu Aug 06 2026 12:16:42 GMT+0100 (GMT+01:00),Thu Aug 06 2026 12:16:42 GMT+0100 (GMT+01:00),,https://images.unsplash.com/photo-1527443224154-c4a3942d3acf?q=80&w=800&auto=format&fit=crop,sc_01KZ673CEPGC3SNN79A1AGTBKE,variant_01KZBCMBGKEAKV7DTTJQ7PV46P,Matte Black,SKU-1786015000980-291-6955,,,,false,false,,,,,,,,,,0,,prod_01KZBCMBDMQHT2NSCGDKJJ7N13,Thu Aug 06 2026 12:16:42 GMT+0100 (GMT+01:00),Thu Aug 06 2026 12:16:42 GMT+0100 (GMT+01:00),,1190,https://images.unsplash.com/photo-1527443224154-c4a3942d3acf?q=80&w=800&auto=format&fit=crop
prod_01KZBCMBDMQRVR6K185J3PMNFJ,tech-1786015000980-295-2374,Dell Camera Essential Gen-1,,published,,"Premium camera engineered by Dell. Features the latest technology, sleek design, and unparalleled performance. Perfect for professionals and enthusiasts alike.",false,true,https://images.unsplash.com/photo-1546868871-7041f2a55e12?q=80&w=800&auto=format&fit=crop,,,,,,,,,,,Thu Aug 06 2026 12:16:42 GMT+0100 (GMT+01:00),Thu Aug 06 2026 12:16:42 GMT+0100 (GMT+01:00),,https://images.unsplash.com/photo-1546868871-7041f2a55e12?q=80&w=800&auto=format&fit=crop,sc_01KZ673CEPGC3SNN79A1AGTBKE,variant_01KZBCMBGKFY45JW7XXG9SK91J,Matte Black,SKU-1786015000980-295-2374,,,,false,false,,,,,,,,,,0,,prod_01KZBCMBDMQRVR6K185J3PMNFJ,Thu Aug 06 2026 12:16:42 GMT+0100 (GMT+01:00),Thu Aug 06 2026 12:16:42 GMT+0100 (GMT+01:00),,112,https://images.unsplash.com/photo-1546868871-7041f2a55e12?q=80&w=800&auto=format&fit=crop
prod_01KZBCMBDMSB9EVGZG50BVDVGG,tech-1786015000980-299-3036,Dell Monitor Lite Gen-1,,published,,"Premium monitor engineered by Dell. Features the latest technology, sleek design, and unparalleled performance. Perfect for professionals and enthusiasts alike.",false,true,https://images.unsplash.com/photo-1595225476474-87563907a212?q=80&w=800&auto=format&fit=crop,,,,,,,,,,,Thu Aug 06 2026 12:16:42 GMT+0100 (GMT+01:00),Thu Aug 06 2026 12:16:42 GMT+0100 (GMT+01:00),,https://images.unsplash.com/photo-1595225476474-87563907a212?q=80&w=800&auto=format&fit=crop,sc_01KZ673CEPGC3SNN79A1AGTBKE,variant_01KZBCMBGKERGW1A74WB9GPRYW,Matte Black,SKU-1786015000980-299-3036,,,,false,false,,,,,,,,,,0,,prod_01KZBCMBDMSB9EVGZG50BVDVGG,Thu Aug 06 2026 12:16:42 GMT+0100 (GMT+01:00),Thu Aug 06 2026 12:16:42 GMT+0100 (GMT+01:00),,655,https://images.unsplash.com/photo-1595225476474-87563907a212?q=80&w=800&auto=format&fit=crop
prod_01KZBCMBDMYXSTP2K2DA11WRPV,tech-1786015000980-292-8237,Bose Laptop Air Gen-7,,published,,"Premium laptop engineered by Bose. Features the latest technology, sleek design, and unparalleled performance. Perfect for professionals and enthusiasts alike.",false,true,https://images.unsplash.com/photo-1496181133206-80ce9b88a853?q=80&w=800&auto=format&fit=crop,,,,,,,,,,,Thu Aug 06 2026 12:16:42 GMT+0100 (GMT+01:00),Thu Aug 06 2026 12:16:42 GMT+0100 (GMT+01:00),,https://images.unsplash.com/photo-1496181133206-80ce9b88a853?q=80&w=800&auto=format&fit=crop,sc_01KZ673CEPGC3SNN79A1AGTBKE,variant_01KZBCMBGKF8TRSD31NT3M8CCY,Matte Black,SKU-1786015000980-292-8237,,,,false,false,,,,,,,,,,0,,prod_01KZBCMBDMYXSTP2K2DA11WRPV,Thu Aug 06 2026 12:16:42 GMT+0100 (GMT+01:00),Thu Aug 06 2026 12:16:42 GMT+0100 (GMT+01:00),,956,https://images.unsplash.com/photo-1496181133206-80ce9b88a853?q=80&w=800&auto=format&fit=crop